raw_string	parsed	parsed_as	result_type	species	correct	notes	source
ARS-BFGL-BAC-10975	no						PMC:PMC12445162
ARS-BFGL-BAC-11025	no						PMC:PMC12445162
ARS-BFGL-BAC-11044	no						PMC:PMC12445162
ARS-BFGL-BAC-11215	no						PMC:PMC12445162
ARS-BFGL-BAC-11276	no						PMC:PMC12445162
ARS-BFGL-BAC-11748	no						PMC:PMC12445162
ARS-BFGL-BAC-11750	no						PMC:PMC12445162
ARS-BFGL-BAC-11805	no						PMC:PMC12445162
ARS-BFGL-BAC-11867	no						PMC:PMC12445162
ARS-BFGL-BAC-11913	no						PMC:PMC12445162
ARS-BFGL-BAC-12159	no						PMC:PMC12445162
ARS-BFGL-BAC-12270	no						PMC:PMC12445162
ARS-BFGL-BAC-12408	no						PMC:PMC12445162
ARS-BFGL-BAC-12579	no						PMC:PMC12445162
ARS-BFGL-BAC-12893	no						PMC:PMC12445162
ARS-BFGL-BAC-1302	no						PMC:PMC12445162
ARS-BFGL-BAC-13190	no						PMC:PMC12445162
ARS-BFGL-BAC-13522	no						PMC:PMC12445162
ARS-BFGL-BAC-13568	no						PMC:PMC12445162
ARS-BFGL-BAC-13600	no						PMC:PMC12445162
ARS-BFGL-BAC-13721	no						PMC:PMC12445162
ARS-BFGL-BAC-13828	no						PMC:PMC12445162
ARS-BFGL-BAC-14220	no						PMC:PMC12445162
ARS-BFGL-BAC-14233	no						PMC:PMC12445162
ARS-BFGL-BAC-14277	no						PMC:PMC12445162
ARS-BFGL-BAC-14292	no						PMC:PMC12445162
ARS-BFGL-BAC-14359	no						PMC:PMC12445162
ARS-BFGL-BAC-14364	no						PMC:PMC12445162
ARS-BFGL-BAC-14374	no						PMC:PMC12445162
ARS-BFGL-BAC-14535	no						PMC:PMC12445162
ARS-BFGL-BAC-14805	no						PMC:PMC12445162
ARS-BFGL-BAC-14813	no						PMC:PMC12445162
ARS-BFGL-BAC-14827	no						PMC:PMC12445162
ARS-BFGL-BAC-1511	no						PMC:PMC12445162
ARS-BFGL-BAC-15437	no						PMC:PMC12445162
ARS-BFGL-BAC-15578	no						PMC:PMC12445162
ARS-BFGL-BAC-15633	no						PMC:PMC12445162
ARS-BFGL-BAC-16144	no						PMC:PMC12445162
ARS-BFGL-BAC-16207	no						PMC:PMC12445162
ARS-BFGL-BAC-16276	no						PMC:PMC12445162
ARS-BFGL-BAC-16287	no						PMC:PMC12445162
ARS-BFGL-BAC-18266	no						PMC:PMC12445162
ARS-BFGL-BAC-18466	no						PMC:PMC12445162
ARS-BFGL-BAC-19418	no						PMC:PMC12445162
ARS-BFGL-BAC-19454	no						PMC:PMC12445162
ARS-BFGL-BAC-19924	no						PMC:PMC12445162
ARS-BFGL-BAC-20016	no						PMC:PMC12445162
ARS-BFGL-BAC-20179	no						PMC:PMC12445162
ARS-BFGL-BAC-20261	no						PMC:PMC12445162
ARS-BFGL-BAC-20631	no						PMC:PMC12445162
ARS-BFGL-BAC-20634	no						PMC:PMC12445162
ARS-BFGL-BAC-21447	no						PMC:PMC12445162
ARS-BFGL-BAC-22135	no						PMC:PMC12445162
ARS-BFGL-BAC-2271	no						PMC:PMC12445162
ARS-BFGL-BAC-22864	no						PMC:PMC12445162
ARS-BFGL-BAC-23087	no						PMC:PMC12445162
ARS-BFGL-BAC-23417	no						PMC:PMC12445162
ARS-BFGL-BAC-2345	no						PMC:PMC12445162
ARS-BFGL-BAC-24005	no						PMC:PMC12445162
ARS-BFGL-BAC-24084	no						PMC:PMC12445162
ARS-BFGL-BAC-2446	no						PMC:PMC12445162
ARS-BFGL-BAC-24806	no						PMC:PMC12445162
ARS-BFGL-BAC-2599	no						PMC:PMC12445162
ARS-BFGL-BAC-26936	no						PMC:PMC12445162
ARS-BFGL-BAC-27243	no						PMC:PMC12445162
ARS-BFGL-BAC-27352	no						PMC:PMC12445162
ARS-BFGL-BAC-27364	no						PMC:PMC12445162
ARS-BFGL-BAC-28338	no						PMC:PMC12445162
ARS-BFGL-BAC-28344	no						PMC:PMC12445162
ARS-BFGL-BAC-28607	no						PMC:PMC12445162
ARS-BFGL-BAC-28639	no						PMC:PMC12445162
ARS-BFGL-BAC-29477	no						PMC:PMC12445162
ARS-BFGL-BAC-29485	no						PMC:PMC12445162
ARS-BFGL-BAC-29509	no						PMC:PMC12445162
ARS-BFGL-BAC-29664	no						PMC:PMC12445162
ARS-BFGL-BAC-29669	no						PMC:PMC12445162
ARS-BFGL-BAC-29833	no						PMC:PMC12445162
ARS-BFGL-BAC-29836	no						PMC:PMC12445162
ARS-BFGL-BAC-29860	no						PMC:PMC12445162
ARS-BFGL-BAC-30337	no						PMC:PMC12445162
ARS-BFGL-BAC-30348	no						PMC:PMC12445162
ARS-BFGL-BAC-30382	no						PMC:PMC12445162
ARS-BFGL-BAC-30716	no						PMC:PMC12445162
ARS-BFGL-BAC-30741	no						PMC:PMC12445162
ARS-BFGL-BAC-31586	no						PMC:PMC12445162
ARS-BFGL-BAC-31654	no						PMC:PMC12445162
ARS-BFGL-BAC-32111	no						PMC:PMC12445162
ARS-BFGL-BAC-32402	no						PMC:PMC12445162
ARS-BFGL-BAC-32404	no						PMC:PMC12445162
ARS-BFGL-BAC-32427	no						PMC:PMC12445162
ARS-BFGL-BAC-32435	no						PMC:PMC12445162
ARS-BFGL-BAC-32712	no						PMC:PMC12445162
ARS-BFGL-BAC-32722	no						PMC:PMC12445162
ARS-BFGL-BAC-32937	no						PMC:PMC12445162
ARS-BFGL-BAC-33065	no						PMC:PMC12445162
ARS-BFGL-BAC-33075	no						PMC:PMC12445162
ARS-BFGL-BAC-33077	no						PMC:PMC12445162
ARS-BFGL-BAC-33122	no						PMC:PMC12445162
ARS-BFGL-BAC-33563	no						PMC:PMC12445162
ARS-BFGL-BAC-33670	no						PMC:PMC12445162
ARS-BFGL-BAC-34208	no						PMC:PMC12445162
ARS-BFGL-BAC-34277	no						PMC:PMC12445162
ARS-BFGL-BAC-34293	no						PMC:PMC12445162
ARS-BFGL-BAC-34302	no						PMC:PMC12445162
ARS-BFGL-BAC-34544	no						PMC:PMC12445162
ARS-BFGL-BAC-34557	no						PMC:PMC12445162
ARS-BFGL-BAC-34585	no						PMC:PMC12445162
ARS-BFGL-BAC-34676	no						PMC:PMC12445162
ARS-BFGL-BAC-34879	no						PMC:PMC12445162
ARS-BFGL-BAC-34939	no						PMC:PMC12445162
ARS-BFGL-BAC-35051	no						PMC:PMC12445162
ARS-BFGL-BAC-35063	no						PMC:PMC12445162
ARS-BFGL-BAC-35190	no						PMC:PMC12445162
ARS-BFGL-BAC-35245	no						PMC:PMC12445162
ARS-BFGL-BAC-35331	no						PMC:PMC12445162
ARS-BFGL-BAC-35394	no						PMC:PMC12445162
ARS-BFGL-BAC-35548	no						PMC:PMC12445162
ARS-BFGL-BAC-35552	no						PMC:PMC12445162
ARS-BFGL-BAC-35593	no						PMC:PMC12445162
ARS-BFGL-BAC-3570	no						PMC:PMC12445162
ARS-BFGL-BAC-35859	no						PMC:PMC12445162
ARS-BFGL-BAC-36123	no						PMC:PMC12445162
ARS-BFGL-BAC-36285	no						PMC:PMC12445162
ARS-BFGL-BAC-36904	no						PMC:PMC12445162
ARS-BFGL-BAC-36979	no						PMC:PMC12445162
ARS-BFGL-BAC-37051	no						PMC:PMC12445162
ARS-BFGL-BAC-37937	no						PMC:PMC12445162
ARS-BFGL-BAC-38065	no						PMC:PMC12445162
ARS-BFGL-BAC-41557	no						PMC:PMC12445162
ARS-BFGL-BAC-41568	no						PMC:PMC12445162
ARS-BFGL-BAC-41571	no						PMC:PMC12445162
ARS-BFGL-BAC-41932	no						PMC:PMC12445162
ARS-BFGL-BAC-42122	no						PMC:PMC12445162
ARS-BFGL-BAC-44214	no						PMC:PMC12445162
ARS-BFGL-BAC-46051	no						PMC:PMC12445162
ARS-BFGL-BAC-46926	no						PMC:PMC12445162
ARS-BFGL-BAC-47323	no						PMC:PMC12445162
ARS-BFGL-BAC-47330	no						PMC:PMC12445162
ARS-BFGL-BAC-4819	no						PMC:PMC12445162
ARS-BFGL-BAC-4867	no						PMC:PMC12445162
ARS-BFGL-BAC-5529	no						PMC:PMC12445162
ARS-BFGL-BAC-5675	no						PMC:PMC12445162
ARS-BFGL-BAC-5877	no						PMC:PMC12445162
ARS-BFGL-BAC-5990	no						PMC:PMC12445162
ARS-BFGL-BAC-6030	no						PMC:PMC12445162
ARS-BFGL-BAC-632	no						PMC:PMC12445162
ARS-BFGL-BAC-6489	no						PMC:PMC12445162
ARS-BFGL-BAC-6530	no						PMC:PMC12445162
ARS-BFGL-BAC-68	no						PMC:PMC12445162
ARS-BFGL-BAC-693	no						PMC:PMC12445162
ARS-BFGL-BAC-7181	no						PMC:PMC12445162
ARS-BFGL-BAC-7198	no						PMC:PMC12445162
ARS-BFGL-BAC-7349	no						PMC:PMC12445162
ARS-BFGL-BAC-7362	no						PMC:PMC12445162
ARS-BFGL-BAC-7373	no						PMC:PMC12445162
ARS-BFGL-NGS-100	no						PMC:PMC12445162
ARS-BFGL-NGS-100023	no						PMC:PMC12445162
ARS-BFGL-NGS-100028	no						PMC:PMC12445162
ARS-BFGL-NGS-10007	no						PMC:PMC12445162
ARS-BFGL-NGS-100077	no						PMC:PMC12445162
ARS-BFGL-NGS-100083	no						PMC:PMC12445162
ARS-BFGL-NGS-100131	no						PMC:PMC12445162
ARS-BFGL-NGS-100143	no						PMC:PMC12445162
ARS-BFGL-NGS-100144	no						PMC:PMC12445162
ARS-BFGL-NGS-100197	no						PMC:PMC12445162
ARS-BFGL-NGS-100206	no						PMC:PMC12445162
ARS-BFGL-NGS-100210	no						PMC:PMC12445162
ARS-BFGL-NGS-100241	no						PMC:PMC12445162
ARS-BFGL-NGS-100255	no						PMC:PMC12445162
ARS-BFGL-NGS-100294	no						PMC:PMC12445162
ARS-BFGL-NGS-100318	no						PMC:PMC12445162
ARS-BFGL-NGS-100323	no						PMC:PMC12445162
ARS-BFGL-NGS-10035	no						PMC:PMC12445162
ARS-BFGL-NGS-100416	no						PMC:PMC12445162
ARS-BFGL-NGS-100464	no						PMC:PMC12445162
ARS-BFGL-NGS-100466	no						PMC:PMC12445162
ARS-BFGL-NGS-100480	no						PMC:PMC12445162
ARS-BFGL-NGS-100490	no						PMC:PMC12445162
ARS-BFGL-NGS-100502	no						PMC:PMC12445162
ARS-BFGL-NGS-100507	no						PMC:PMC12445162
ARS-BFGL-NGS-100532	no						PMC:PMC12445162
ARS-BFGL-NGS-100534	no						PMC:PMC12445162
ARS-BFGL-NGS-100558	no						PMC:PMC12445162
ARS-BFGL-NGS-10056	no						PMC:PMC12445162
ARS-BFGL-NGS-100561	no						PMC:PMC12445162
ARS-BFGL-NGS-100563	no						PMC:PMC12445162
ARS-BFGL-NGS-100614	no						PMC:PMC12445162
ARS-BFGL-NGS-100631	no						PMC:PMC12445162
ARS-BFGL-NGS-100632	no						PMC:PMC12445162
ARS-BFGL-NGS-100678	no						PMC:PMC12445162
ARS-BFGL-NGS-100694	no						PMC:PMC12445162
ARS-BFGL-NGS-100728	no						PMC:PMC12445162
ARS-BFGL-NGS-100805	no						PMC:PMC12445162
ARS-BFGL-NGS-100844	no						PMC:PMC12445162
ARS-BFGL-NGS-100899	no						PMC:PMC12445162
ARS-BFGL-NGS-100909	no						PMC:PMC12445162
ARS-BFGL-NGS-100946	no						PMC:PMC12445162
ARS-BFGL-NGS-100951	no						PMC:PMC12445162
ARS-BFGL-NGS-100967	no						PMC:PMC12445162
ARS-BFGL-NGS-100985	no						PMC:PMC12445162
ARS-BFGL-NGS-101016	no						PMC:PMC12445162
ARS-BFGL-NGS-101028	no						PMC:PMC12445162
ARS-BFGL-NGS-101035	no						PMC:PMC12445162
ARS-BFGL-NGS-101070	no						PMC:PMC12445162
ARS-BFGL-NGS-101098	no						PMC:PMC12445162
ARS-BFGL-NGS-101112	no						PMC:PMC12445162
ARS-BFGL-NGS-101113	no						PMC:PMC12445162
ARS-BFGL-NGS-101117	no						PMC:PMC12445162
ARS-BFGL-NGS-101195	no						PMC:PMC12445162
ARS-BFGL-NGS-101228	no						PMC:PMC12445162
ARS-BFGL-NGS-101279	no						PMC:PMC12445162
ARS-BFGL-NGS-10128	no						PMC:PMC12445162
ARS-BFGL-NGS-101333	no						PMC:PMC12445162
ARS-BFGL-NGS-101343	no						PMC:PMC12445162
ARS-BFGL-NGS-101365	no						PMC:PMC12445162
ARS-BFGL-NGS-101374	no						PMC:PMC12445162
ARS-BFGL-NGS-10138	no						PMC:PMC12445162
ARS-BFGL-NGS-101394	no						PMC:PMC12445162
ARS-BFGL-NGS-101398	no						PMC:PMC12445162
ARS-BFGL-NGS-101408	no						PMC:PMC12445162
ARS-BFGL-NGS-101415	no						PMC:PMC12445162
ARS-BFGL-NGS-101433	no						PMC:PMC12445162
ARS-BFGL-NGS-101456	no						PMC:PMC12445162
ARS-BFGL-NGS-101461	no						PMC:PMC12445162
ARS-BFGL-NGS-101468	no						PMC:PMC12445162
ARS-BFGL-NGS-101477	no						PMC:PMC12445162
ARS-BFGL-NGS-101525	no						PMC:PMC12445162
ARS-BFGL-NGS-101561	no						PMC:PMC12445162
ARS-BFGL-NGS-101576	no						PMC:PMC12445162
ARS-BFGL-NGS-101603	no						PMC:PMC12445162
ARS-BFGL-NGS-101615	no						PMC:PMC12445162
ARS-BFGL-NGS-101623	no						PMC:PMC12445162
ARS-BFGL-NGS-101648	no						PMC:PMC12445162
ARS-BFGL-NGS-101656	no						PMC:PMC12445162
ARS-BFGL-NGS-10166	no						PMC:PMC12445162
ARS-BFGL-NGS-101666	no						PMC:PMC12445162
ARS-BFGL-NGS-101683	no						PMC:PMC12445162
ARS-BFGL-NGS-101699	no						PMC:PMC12445162
ARS-BFGL-NGS-101711	no						PMC:PMC12445162
ARS-BFGL-NGS-101725	no						PMC:PMC12445162
ARS-BFGL-NGS-101742	no						PMC:PMC12445162
ARS-BFGL-NGS-101748	no						PMC:PMC12445162
ARS-BFGL-NGS-101787	no						PMC:PMC12445162
ARS-BFGL-NGS-101806	no						PMC:PMC12445162
ARS-BFGL-NGS-10182	no						PMC:PMC12445162
ARS-BFGL-NGS-101883	no						PMC:PMC12445162
ARS-BFGL-NGS-101950	no						PMC:PMC12445162
ARS-BFGL-NGS-10196	no						PMC:PMC12445162
ARS-BFGL-NGS-101968	no						PMC:PMC12445162
ARS-BFGL-NGS-101981	no						PMC:PMC12445162
ARS-BFGL-NGS-101983	no						PMC:PMC12445162
ARS-BFGL-NGS-101993	no						PMC:PMC12445162
ARS-BFGL-NGS-101997	no						PMC:PMC12445162
ARS-BFGL-NGS-102000	no						PMC:PMC12445162
ARS-BFGL-NGS-102011	no						PMC:PMC12445162
ARS-BFGL-NGS-10202	no						PMC:PMC12445162
ARS-BFGL-NGS-10207	no						PMC:PMC12445162
ARS-BFGL-NGS-102078	no						PMC:PMC12445162
ARS-BFGL-NGS-102090	no						PMC:PMC12445162
ARS-BFGL-NGS-102169	no						PMC:PMC12445162
ARS-BFGL-NGS-102196	no						PMC:PMC12445162
ARS-BFGL-NGS-102243	no						PMC:PMC12445162
ARS-BFGL-NGS-10225	no						PMC:PMC12445162
ARS-BFGL-NGS-102253	no						PMC:PMC12445162
ARS-BFGL-NGS-102255	no						PMC:PMC12445162
ARS-BFGL-NGS-102273	no						PMC:PMC12445162
ARS-BFGL-NGS-102275	no						PMC:PMC12445162
ARS-BFGL-NGS-102315	no						PMC:PMC12445162
ARS-BFGL-NGS-102338	no						PMC:PMC12445162
ARS-BFGL-NGS-102353	no						PMC:PMC12445162
ARS-BFGL-NGS-102355	no						PMC:PMC12445162
ARS-BFGL-NGS-10238	no						PMC:PMC12445162
ARS-BFGL-NGS-102408	no						PMC:PMC12445162
ARS-BFGL-NGS-102429	no						PMC:PMC12445162
ARS-BFGL-NGS-102441	no						PMC:PMC12445162
ARS-BFGL-NGS-102461	no						PMC:PMC12445162
ARS-BFGL-NGS-102467	no						PMC:PMC12445162
ARS-BFGL-NGS-102512	no						PMC:PMC12445162
ARS-BFGL-NGS-102536	no						PMC:PMC12445162
ARS-BFGL-NGS-10254	no						PMC:PMC12445162
ARS-BFGL-NGS-102541	no						PMC:PMC12445162
ARS-BFGL-NGS-102553	no						PMC:PMC12445162
ARS-BFGL-NGS-102576	no						PMC:PMC12445162
ARS-BFGL-NGS-102603	no						PMC:PMC12445162
ARS-BFGL-NGS-102610	no						PMC:PMC12445162
ARS-BFGL-NGS-102633	no						PMC:PMC12445162
ARS-BFGL-NGS-102654	no						PMC:PMC12445162
ARS-BFGL-NGS-102740	no						PMC:PMC12445162
ARS-BFGL-NGS-102741	no						PMC:PMC12445162
ARS-BFGL-NGS-102745	no						PMC:PMC12445162
ARS-BFGL-NGS-102750	no						PMC:PMC12445162
ARS-BFGL-NGS-102803	no						PMC:PMC12445162
ARS-BFGL-NGS-102827	no						PMC:PMC12445162
ARS-BFGL-NGS-10284	no						PMC:PMC12445162
ARS-BFGL-NGS-102854	no						PMC:PMC12445162
ARS-BFGL-NGS-102856	no						PMC:PMC12445162
ARS-BFGL-NGS-102869	no						PMC:PMC12445162
ARS-BFGL-NGS-102877	no						PMC:PMC12445162
ARS-BFGL-NGS-102879	no						PMC:PMC12445162
ARS-BFGL-NGS-102903	no						PMC:PMC12445162
ARS-BFGL-NGS-10291	no						PMC:PMC12445162
ARS-BFGL-NGS-102915	no						PMC:PMC12445162
ARS-BFGL-NGS-102918	no						PMC:PMC12445162
ARS-BFGL-NGS-102963	no						PMC:PMC12445162
ARS-BFGL-NGS-103007	no						PMC:PMC12445162
ARS-BFGL-NGS-103009	no						PMC:PMC12445162
ARS-BFGL-NGS-103020	no						PMC:PMC12445162
ARS-BFGL-NGS-103033	no						PMC:PMC12445162
ARS-BFGL-NGS-103036	no						PMC:PMC12445162
ARS-BFGL-NGS-103052	no						PMC:PMC12445162
ARS-BFGL-NGS-103077	no						PMC:PMC12445162
ARS-BFGL-NGS-103086	no						PMC:PMC12445162
ARS-BFGL-NGS-103121	no						PMC:PMC12445162
ARS-BFGL-NGS-103124	no						PMC:PMC12445162
ARS-BFGL-NGS-103131	no						PMC:PMC12445162
ARS-BFGL-NGS-103142	no						PMC:PMC12445162
ARS-BFGL-NGS-103163	no						PMC:PMC12445162
ARS-BFGL-NGS-103164	no						PMC:PMC12445162
ARS-BFGL-NGS-103188	no						PMC:PMC12445162
ARS-BFGL-NGS-103225	no						PMC:PMC12445162
ARS-BFGL-NGS-103226	no						PMC:PMC12445162
ARS-BFGL-NGS-103236	no						PMC:PMC12445162
ARS-BFGL-NGS-103273	no						PMC:PMC12445162
ARS-BFGL-NGS-103280	no						PMC:PMC12445162
ARS-BFGL-NGS-103324	no						PMC:PMC12445162
ARS-BFGL-NGS-103337	no						PMC:PMC12445162
ARS-BFGL-NGS-103342	no						PMC:PMC12445162
ARS-BFGL-NGS-103344	no						PMC:PMC12445162
ARS-BFGL-NGS-103346	no						PMC:PMC12445162
ARS-BFGL-NGS-103353	no						PMC:PMC12445162
ARS-BFGL-NGS-103379	no						PMC:PMC12445162
ARS-BFGL-NGS-103387	no						PMC:PMC12445162
ARS-BFGL-NGS-103412	no						PMC:PMC12445162
ARS-BFGL-NGS-103416	no						PMC:PMC12445162
ARS-BFGL-NGS-103449	no						PMC:PMC12445162
ARS-BFGL-NGS-103469	no						PMC:PMC12445162
ARS-BFGL-NGS-103480	no						PMC:PMC12445162
ARS-BFGL-NGS-103501	no						PMC:PMC12445162
ARS-BFGL-NGS-103502	no						PMC:PMC12445162
ARS-BFGL-NGS-103520	no						PMC:PMC12445162
ARS-BFGL-NGS-103524	no						PMC:PMC12445162
ARS-BFGL-NGS-103531	no						PMC:PMC12445162
ARS-BFGL-NGS-103640	no						PMC:PMC12445162
ARS-BFGL-NGS-103654	no						PMC:PMC12445162
ARS-BFGL-NGS-103662	no						PMC:PMC12445162
ARS-BFGL-NGS-103685	no						PMC:PMC12445162
ARS-BFGL-NGS-103691	no						PMC:PMC12445162
ARS-BFGL-NGS-103695	no						PMC:PMC12445162
ARS-BFGL-NGS-103770	no						PMC:PMC12445162
ARS-BFGL-NGS-103794	no						PMC:PMC12445162
ARS-BFGL-NGS-103807	no						PMC:PMC12445162
ARS-BFGL-NGS-103844	no						PMC:PMC12445162
ARS-BFGL-NGS-103845	no						PMC:PMC12445162
ARS-BFGL-NGS-103852	no						PMC:PMC12445162
ARS-BFGL-NGS-103854	no						PMC:PMC12445162
ARS-BFGL-NGS-10386	no						PMC:PMC12445162
ARS-BFGL-NGS-103861	no						PMC:PMC12445162
ARS-BFGL-NGS-103884	no						PMC:PMC12445162
ARS-BFGL-NGS-103960	no						PMC:PMC12445162
ARS-BFGL-NGS-103970	no						PMC:PMC12445162
ARS-BFGL-NGS-103978	no						PMC:PMC12445162
ARS-BFGL-NGS-104003	no						PMC:PMC12445162
ARS-BFGL-NGS-104055	no						PMC:PMC12445162
ARS-BFGL-NGS-104059	no						PMC:PMC12445162
ARS-BFGL-NGS-104060	no						PMC:PMC12445162
ARS-BFGL-NGS-104106	no						PMC:PMC12445162
ARS-BFGL-NGS-104130	no						PMC:PMC12445162
ARS-BFGL-NGS-104135	no						PMC:PMC12445162
ARS-BFGL-NGS-104150	no						PMC:PMC12445162
ARS-BFGL-NGS-104166	no						PMC:PMC12445162
ARS-BFGL-NGS-104172	no						PMC:PMC12445162
ARS-BFGL-NGS-104195	no						PMC:PMC12445162
ARS-BFGL-NGS-104210	no						PMC:PMC12445162
ARS-BFGL-NGS-104221	no						PMC:PMC12445162
ARS-BFGL-NGS-104225	no						PMC:PMC12445162
ARS-BFGL-NGS-104239	no						PMC:PMC12445162
ARS-BFGL-NGS-104241	no						PMC:PMC12445162
ARS-BFGL-NGS-104258	no						PMC:PMC12445162
ARS-BFGL-NGS-104268	no						PMC:PMC12445162
ARS-BFGL-NGS-104278	no						PMC:PMC12445162
ARS-BFGL-NGS-104287	no						PMC:PMC12445162
ARS-BFGL-NGS-10436	no						PMC:PMC12445162
ARS-BFGL-NGS-104371	no						PMC:PMC12445162
ARS-BFGL-NGS-104394	no						PMC:PMC12445162
ARS-BFGL-NGS-104400	no						PMC:PMC12445162
ARS-BFGL-NGS-104404	no						PMC:PMC12445162
ARS-BFGL-NGS-104416	no						PMC:PMC12445162
ARS-BFGL-NGS-104424	no						PMC:PMC12445162
ARS-BFGL-NGS-104447	no						PMC:PMC12445162
ARS-BFGL-NGS-104462	no						PMC:PMC12445162
ARS-BFGL-NGS-104463	no						PMC:PMC12445162
ARS-BFGL-NGS-104492	no						PMC:PMC12445162
ARS-BFGL-NGS-104509	no						PMC:PMC12445162
ARS-BFGL-NGS-104549	no						PMC:PMC12445162
ARS-BFGL-NGS-104568	no						PMC:PMC12445162
ARS-BFGL-NGS-104601	no						PMC:PMC12445162
ARS-BFGL-NGS-104603	no						PMC:PMC12445162
ARS-BFGL-NGS-104619	no						PMC:PMC12445162
ARS-BFGL-NGS-104658	no						PMC:PMC12445162
ARS-BFGL-NGS-10466	no						PMC:PMC12445162
ARS-BFGL-NGS-104670	no						PMC:PMC12445162
ARS-BFGL-NGS-104692	no						PMC:PMC12445162
ARS-BFGL-NGS-104695	no						PMC:PMC12445162
ARS-BFGL-NGS-104712	no						PMC:PMC12445162
ARS-BFGL-NGS-104716	no						PMC:PMC12445162
ARS-BFGL-NGS-104755	no						PMC:PMC12445162
ARS-BFGL-NGS-104760	no						PMC:PMC12445162
ARS-BFGL-NGS-104787	no						PMC:PMC12445162
ARS-BFGL-NGS-104788	no						PMC:PMC12445162
ARS-BFGL-NGS-104806	no						PMC:PMC12445162
ARS-BFGL-NGS-10484	no						PMC:PMC12445162
ARS-BFGL-NGS-104873	no						PMC:PMC12445162
ARS-BFGL-NGS-104897	no						PMC:PMC12445162
ARS-BFGL-NGS-104905	no						PMC:PMC12445162
ARS-BFGL-NGS-104909	no						PMC:PMC12445162
ARS-BFGL-NGS-104914	no						PMC:PMC12445162
ARS-BFGL-NGS-104922	no						PMC:PMC12445162
ARS-BFGL-NGS-10494	no						PMC:PMC12445162
ARS-BFGL-NGS-105052	no						PMC:PMC12445162
ARS-BFGL-NGS-105142	no						PMC:PMC12445162
ARS-BFGL-NGS-105188	no						PMC:PMC12445162
ARS-BFGL-NGS-105197	no						PMC:PMC12445162
ARS-BFGL-NGS-10525	no						PMC:PMC12445162
ARS-BFGL-NGS-105361	no						PMC:PMC12445162
ARS-BFGL-NGS-105368	no						PMC:PMC12445162
ARS-BFGL-NGS-10539	no						PMC:PMC12445162
ARS-BFGL-NGS-105392	no						PMC:PMC12445162
ARS-BFGL-NGS-105415	no						PMC:PMC12445162
ARS-BFGL-NGS-105416	no						PMC:PMC12445162
ARS-BFGL-NGS-105421	no						PMC:PMC12445162
ARS-BFGL-NGS-105466	no						PMC:PMC12445162
ARS-BFGL-NGS-105469	no						PMC:PMC12445162
ARS-BFGL-NGS-105498	no						PMC:PMC12445162
ARS-BFGL-NGS-105524	no						PMC:PMC12445162
ARS-BFGL-NGS-105575	no						PMC:PMC12445162
ARS-BFGL-NGS-105590	no						PMC:PMC12445162
ARS-BFGL-NGS-10560	no						PMC:PMC12445162
ARS-BFGL-NGS-105605	no						PMC:PMC12445162
ARS-BFGL-NGS-105673	no						PMC:PMC12445162
ARS-BFGL-NGS-105708	no						PMC:PMC12445162
ARS-BFGL-NGS-105750	no						PMC:PMC12445162
ARS-BFGL-NGS-105785	no						PMC:PMC12445162
ARS-BFGL-NGS-105811	no						PMC:PMC12445162
ARS-BFGL-NGS-105884	no						PMC:PMC12445162
ARS-BFGL-NGS-105922	no						PMC:PMC12445162
ARS-BFGL-NGS-10594	no						PMC:PMC12445162
ARS-BFGL-NGS-105958	no						PMC:PMC12445162
ARS-BFGL-NGS-105980	no						PMC:PMC12445162
ARS-BFGL-NGS-106015	no						PMC:PMC12445162
ARS-BFGL-NGS-106057	no						PMC:PMC12445162
ARS-BFGL-NGS-106073	no						PMC:PMC12445162
ARS-BFGL-NGS-106123	no						PMC:PMC12445162
ARS-BFGL-NGS-106149	no						PMC:PMC12445162
ARS-BFGL-NGS-106191	no						PMC:PMC12445162
ARS-BFGL-NGS-106200	no						PMC:PMC12445162
ARS-BFGL-NGS-106220	no						PMC:PMC12445162
ARS-BFGL-NGS-106241	no						PMC:PMC12445162
ARS-BFGL-NGS-10628	no						PMC:PMC12445162
ARS-BFGL-NGS-106336	no						PMC:PMC12445162
ARS-BFGL-NGS-106343	no						PMC:PMC12445162
ARS-BFGL-NGS-106352	no						PMC:PMC12445162
ARS-BFGL-NGS-106353	no						PMC:PMC12445162
ARS-BFGL-NGS-106379	no						PMC:PMC12445162
ARS-BFGL-NGS-106390	no						PMC:PMC12445162
ARS-BFGL-NGS-106445	no						PMC:PMC12445162
ARS-BFGL-NGS-106450	no						PMC:PMC12445162
ARS-BFGL-NGS-106454	no						PMC:PMC12445162
ARS-BFGL-NGS-10647	no						PMC:PMC12445162
ARS-BFGL-NGS-106470	no						PMC:PMC12445162
ARS-BFGL-NGS-106484	no						PMC:PMC12445162
ARS-BFGL-NGS-106490	no						PMC:PMC12445162
ARS-BFGL-NGS-106506	no						PMC:PMC12445162
ARS-BFGL-NGS-106520	no						PMC:PMC12445162
ARS-BFGL-NGS-106603	no						PMC:PMC12445162
ARS-BFGL-NGS-106657	no						PMC:PMC12445162
ARS-BFGL-NGS-106691	no						PMC:PMC12445162
ARS-BFGL-NGS-106696	no						PMC:PMC12445162
ARS-BFGL-NGS-106737	no						PMC:PMC12445162
ARS-BFGL-NGS-106744	no						PMC:PMC12445162
ARS-BFGL-NGS-106750	no						PMC:PMC12445162
ARS-BFGL-NGS-106762	no						PMC:PMC12445162
ARS-BFGL-NGS-1068	no						PMC:PMC12445162
ARS-BFGL-NGS-106832	no						PMC:PMC12445162
ARS-BFGL-NGS-106835	no						PMC:PMC12445162
ARS-BFGL-NGS-106845	no						PMC:PMC12445162
ARS-BFGL-NGS-106875	no						PMC:PMC12445162
ARS-BFGL-NGS-106924	no						PMC:PMC12445162
ARS-BFGL-NGS-106940	no						PMC:PMC12445162
ARS-BFGL-NGS-107084	no						PMC:PMC12445162
ARS-BFGL-NGS-107085	no						PMC:PMC12445162
ARS-BFGL-NGS-107108	no						PMC:PMC12445162
ARS-BFGL-NGS-107132	no						PMC:PMC12445162
ARS-BFGL-NGS-107160	no						PMC:PMC12445162
ARS-BFGL-NGS-107176	no						PMC:PMC12445162
ARS-BFGL-NGS-10718	no						PMC:PMC12445162
ARS-BFGL-NGS-107219	no						PMC:PMC12445162
ARS-BFGL-NGS-107265	no						PMC:PMC12445162
ARS-BFGL-NGS-107270	no						PMC:PMC12445162
ARS-BFGL-NGS-107291	no						PMC:PMC12445162
ARS-BFGL-NGS-107306	no						PMC:PMC12445162
ARS-BFGL-NGS-107316	no						PMC:PMC12445162
ARS-BFGL-NGS-107346	no						PMC:PMC12445162
ARS-BFGL-NGS-107347	no						PMC:PMC12445162
ARS-BFGL-NGS-107358	no						PMC:PMC12445162
ARS-BFGL-NGS-107390	no						PMC:PMC12445162
ARS-BFGL-NGS-107400	no						PMC:PMC12445162
ARS-BFGL-NGS-107405	no						PMC:PMC12445162
ARS-BFGL-NGS-107461	no						PMC:PMC12445162
ARS-BFGL-NGS-107463	no						PMC:PMC12445162
ARS-BFGL-NGS-107479	no						PMC:PMC12445162
ARS-BFGL-NGS-107510	no						PMC:PMC12445162
ARS-BFGL-NGS-107513	no						PMC:PMC12445162
ARS-BFGL-NGS-107530	no						PMC:PMC12445162
ARS-BFGL-NGS-107536	no						PMC:PMC12445162
ARS-BFGL-NGS-107540	no						PMC:PMC12445162
ARS-BFGL-NGS-107549	no						PMC:PMC12445162
ARS-BFGL-NGS-107555	no						PMC:PMC12445162
ARS-BFGL-NGS-107699	no						PMC:PMC12445162
ARS-BFGL-NGS-1077	no						PMC:PMC12445162
ARS-BFGL-NGS-107725	no						PMC:PMC12445162
ARS-BFGL-NGS-107748	no						PMC:PMC12445162
ARS-BFGL-NGS-10777	no						PMC:PMC12445162
ARS-BFGL-NGS-107794	no						PMC:PMC12445162
ARS-BFGL-NGS-107795	no						PMC:PMC12445162
ARS-BFGL-NGS-107797	no						PMC:PMC12445162
ARS-BFGL-NGS-107801	no						PMC:PMC12445162
ARS-BFGL-NGS-107803	no						PMC:PMC12445162
ARS-BFGL-NGS-107810	no						PMC:PMC12445162
ARS-BFGL-NGS-107813	no						PMC:PMC12445162
ARS-BFGL-NGS-107817	no						PMC:PMC12445162
ARS-BFGL-NGS-107843	no						PMC:PMC12445162
ARS-BFGL-NGS-107881	no						PMC:PMC12445162
ARS-BFGL-NGS-107882	no						PMC:PMC12445162
ARS-BFGL-NGS-107896	no						PMC:PMC12445162
ARS-BFGL-NGS-107899	no						PMC:PMC12445162
ARS-BFGL-NGS-107909	no						PMC:PMC12445162
ARS-BFGL-NGS-107921	no						PMC:PMC12445162
ARS-BFGL-NGS-107927	no						PMC:PMC12445162
ARS-BFGL-NGS-107931	no						PMC:PMC12445162
ARS-BFGL-NGS-107943	no						PMC:PMC12445162
ARS-BFGL-NGS-107963	no						PMC:PMC12445162
ARS-BFGL-NGS-107987	no						PMC:PMC12445162
ARS-BFGL-NGS-108048	no						PMC:PMC12445162
ARS-BFGL-NGS-108096	no						PMC:PMC12445162
ARS-BFGL-NGS-108099	no						PMC:PMC12445162
ARS-BFGL-NGS-108104	no						PMC:PMC12445162
ARS-BFGL-NGS-108150	no						PMC:PMC12445162
ARS-BFGL-NGS-108245	no						PMC:PMC12445162
ARS-BFGL-NGS-108298	no						PMC:PMC12445162
ARS-BFGL-NGS-108308	no						PMC:PMC12445162
ARS-BFGL-NGS-108330	no						PMC:PMC12445162
ARS-BFGL-NGS-10835	no						PMC:PMC12445162
ARS-BFGL-NGS-108354	no						PMC:PMC12445162
ARS-BFGL-NGS-108358	no						PMC:PMC12445162
ARS-BFGL-NGS-10839	no						PMC:PMC12445162
ARS-BFGL-NGS-108402	no						PMC:PMC12445162
ARS-BFGL-NGS-108411	no						PMC:PMC12445162
ARS-BFGL-NGS-108422	no						PMC:PMC12445162
ARS-BFGL-NGS-108438	no						PMC:PMC12445162
ARS-BFGL-NGS-108453	no						PMC:PMC12445162
ARS-BFGL-NGS-108473	no						PMC:PMC12445162
ARS-BFGL-NGS-108504	no						PMC:PMC12445162
ARS-BFGL-NGS-108527	no						PMC:PMC12445162
ARS-BFGL-NGS-108542	no						PMC:PMC12445162
ARS-BFGL-NGS-108549	no						PMC:PMC12445162
ARS-BFGL-NGS-108578	no						PMC:PMC12445162
ARS-BFGL-NGS-108579	no						PMC:PMC12445162
ARS-BFGL-NGS-10858	no						PMC:PMC12445162
ARS-BFGL-NGS-108589	no						PMC:PMC12445162
ARS-BFGL-NGS-108599	no						PMC:PMC12445162
ARS-BFGL-NGS-108612	no						PMC:PMC12445162
ARS-BFGL-NGS-108618	no						PMC:PMC12445162
ARS-BFGL-NGS-108650	no						PMC:PMC12445162
ARS-BFGL-NGS-108661	no						PMC:PMC12445162
ARS-BFGL-NGS-108682	no						PMC:PMC12445162
ARS-BFGL-NGS-108725	no						PMC:PMC12445162
ARS-BFGL-NGS-108735	no						PMC:PMC12445162
ARS-BFGL-NGS-108758	no						PMC:PMC12445162
ARS-BFGL-NGS-108804	no						PMC:PMC12445162
ARS-BFGL-NGS-108859	no						PMC:PMC12445162
ARS-BFGL-NGS-108861	no						PMC:PMC12445162
ARS-BFGL-NGS-108866	no						PMC:PMC12445162
ARS-BFGL-NGS-108902	no						PMC:PMC12445162
ARS-BFGL-NGS-108925	no						PMC:PMC12445162
ARS-BFGL-NGS-108947	no						PMC:PMC12445162
ARS-BFGL-NGS-108970	no						PMC:PMC12445162
ARS-BFGL-NGS-108997	no						PMC:PMC12445162
ARS-BFGL-NGS-109001	no						PMC:PMC12445162
ARS-BFGL-NGS-109026	no						PMC:PMC12445162
ARS-BFGL-NGS-109100	no						PMC:PMC12445162
ARS-BFGL-NGS-109168	no						PMC:PMC12445162
ARS-BFGL-NGS-10921	no						PMC:PMC12445162
ARS-BFGL-NGS-109218	no						PMC:PMC12445162
ARS-BFGL-NGS-109250	no						PMC:PMC12445162
ARS-BFGL-NGS-1093	no						PMC:PMC12445162
ARS-BFGL-NGS-109398	no						PMC:PMC12445162
ARS-BFGL-NGS-109409	no						PMC:PMC12445162
ARS-BFGL-NGS-109467	no						PMC:PMC12445162
ARS-BFGL-NGS-109485	no						PMC:PMC12445162
ARS-BFGL-NGS-10953	no						PMC:PMC12445162
ARS-BFGL-NGS-109532	no						PMC:PMC12445162
ARS-BFGL-NGS-109552	no						PMC:PMC12445162
ARS-BFGL-NGS-109556	no						PMC:PMC12445162
ARS-BFGL-NGS-109612	no						PMC:PMC12445162
ARS-BFGL-NGS-109631	no						PMC:PMC12445162
ARS-BFGL-NGS-109679	no						PMC:PMC12445162
ARS-BFGL-NGS-1097	no						PMC:PMC12445162
ARS-BFGL-NGS-109705	no						PMC:PMC12445162
ARS-BFGL-NGS-109707	no						PMC:PMC12445162
ARS-BFGL-NGS-109711	no						PMC:PMC12445162
ARS-BFGL-NGS-109714	no						PMC:PMC12445162
ARS-BFGL-NGS-109722	no						PMC:PMC12445162
ARS-BFGL-NGS-109724	no						PMC:PMC12445162
ARS-BFGL-NGS-109750	no						PMC:PMC12445162
ARS-BFGL-NGS-109752	no						PMC:PMC12445162
ARS-BFGL-NGS-109764	no						PMC:PMC12445162
ARS-BFGL-NGS-109766	no						PMC:PMC12445162
ARS-BFGL-NGS-109772	no						PMC:PMC12445162
ARS-BFGL-NGS-109796	no						PMC:PMC12445162
ARS-BFGL-NGS-109801	no						PMC:PMC12445162
ARS-BFGL-NGS-109813	no						PMC:PMC12445162
ARS-BFGL-NGS-109815	no						PMC:PMC12445162
ARS-BFGL-NGS-109830	no						PMC:PMC12445162
ARS-BFGL-NGS-109842	no						PMC:PMC12445162
ARS-BFGL-NGS-109845	no						PMC:PMC12445162
ARS-BFGL-NGS-109870	no						PMC:PMC12445162
ARS-BFGL-NGS-109885	no						PMC:PMC12445162
ARS-BFGL-NGS-109887	no						PMC:PMC12445162
ARS-BFGL-NGS-109907	no						PMC:PMC12445162
ARS-BFGL-NGS-109939	no						PMC:PMC12445162
ARS-BFGL-NGS-109962	no						PMC:PMC12445162
ARS-BFGL-NGS-109983	no						PMC:PMC12445162
ARS-BFGL-NGS-109998	no						PMC:PMC12445162
ARS-BFGL-NGS-110003	no						PMC:PMC12445162
ARS-BFGL-NGS-110038	no						PMC:PMC12445162
ARS-BFGL-NGS-110048	no						PMC:PMC12445162
ARS-BFGL-NGS-110051	no						PMC:PMC12445162
ARS-BFGL-NGS-110070	no						PMC:PMC12445162
ARS-BFGL-NGS-110072	no						PMC:PMC12445162
ARS-BFGL-NGS-110077	no						PMC:PMC12445162
ARS-BFGL-NGS-110083	no						PMC:PMC12445162
ARS-BFGL-NGS-110084	no						PMC:PMC12445162
ARS-BFGL-NGS-110086	no						PMC:PMC12445162
ARS-BFGL-NGS-110098	no						PMC:PMC12445162
ARS-BFGL-NGS-110102	no						PMC:PMC12445162
ARS-BFGL-NGS-11011	no						PMC:PMC12445162
ARS-BFGL-NGS-110110	no						PMC:PMC12445162
ARS-BFGL-NGS-110115	no						PMC:PMC12445162
ARS-BFGL-NGS-110130	no						PMC:PMC12445162
ARS-BFGL-NGS-110151	no						PMC:PMC12445162
ARS-BFGL-NGS-110175	no						PMC:PMC12445162
ARS-BFGL-NGS-110190	no						PMC:PMC12445162
ARS-BFGL-NGS-110248	no						PMC:PMC12445162
ARS-BFGL-NGS-110255	no						PMC:PMC12445162
ARS-BFGL-NGS-110280	no						PMC:PMC12445162
ARS-BFGL-NGS-110283	no						PMC:PMC12445162
ARS-BFGL-NGS-110288	no						PMC:PMC12445162
ARS-BFGL-NGS-110306	no						PMC:PMC12445162
ARS-BFGL-NGS-110315	no						PMC:PMC12445162
ARS-BFGL-NGS-110326	no						PMC:PMC12445162
ARS-BFGL-NGS-110327	no						PMC:PMC12445162
ARS-BFGL-NGS-110339	no						PMC:PMC12445162
ARS-BFGL-NGS-110341	no						PMC:PMC12445162
ARS-BFGL-NGS-110419	no						PMC:PMC12445162
ARS-BFGL-NGS-110420	no						PMC:PMC12445162
ARS-BFGL-NGS-110427	no						PMC:PMC12445162
ARS-BFGL-NGS-110428	no						PMC:PMC12445162
ARS-BFGL-NGS-110434	no						PMC:PMC12445162
ARS-BFGL-NGS-110438	no						PMC:PMC12445162
ARS-BFGL-NGS-110461	no						PMC:PMC12445162
ARS-BFGL-NGS-110471	no						PMC:PMC12445162
ARS-BFGL-NGS-110478	no						PMC:PMC12445162
ARS-BFGL-NGS-110492	no						PMC:PMC12445162
ARS-BFGL-NGS-110495	no						PMC:PMC12445162
ARS-BFGL-NGS-110503	no						PMC:PMC12445162
ARS-BFGL-NGS-110520	no						PMC:PMC12445162
ARS-BFGL-NGS-110541	no						PMC:PMC12445162
ARS-BFGL-NGS-110569	no						PMC:PMC12445162
ARS-BFGL-NGS-110580	no						PMC:PMC12445162
ARS-BFGL-NGS-11059	no						PMC:PMC12445162
ARS-BFGL-NGS-110594	no						PMC:PMC12445162
ARS-BFGL-NGS-110606	no						PMC:PMC12445162
ARS-BFGL-NGS-110610	no						PMC:PMC12445162
ARS-BFGL-NGS-110628	no						PMC:PMC12445162
ARS-BFGL-NGS-110635	no						PMC:PMC12445162
ARS-BFGL-NGS-110639	no						PMC:PMC12445162
ARS-BFGL-NGS-110642	no						PMC:PMC12445162
ARS-BFGL-NGS-110651	no						PMC:PMC12445162
ARS-BFGL-NGS-110665	no						PMC:PMC12445162
ARS-BFGL-NGS-110669	no						PMC:PMC12445162
ARS-BFGL-NGS-110671	no						PMC:PMC12445162
ARS-BFGL-NGS-110675	no						PMC:PMC12445162
ARS-BFGL-NGS-110680	no						PMC:PMC12445162
ARS-BFGL-NGS-110681	no						PMC:PMC12445162
ARS-BFGL-NGS-110683	no						PMC:PMC12445162
ARS-BFGL-NGS-1107	no						PMC:PMC12445162
ARS-BFGL-NGS-110705	no						PMC:PMC12445162
ARS-BFGL-NGS-110706	no						PMC:PMC12445162
ARS-BFGL-NGS-110729	no						PMC:PMC12445162
ARS-BFGL-NGS-110733	no						PMC:PMC12445162
ARS-BFGL-NGS-11076	no						PMC:PMC12445162
ARS-BFGL-NGS-110763	no						PMC:PMC12445162
ARS-BFGL-NGS-110765	no						PMC:PMC12445162
ARS-BFGL-NGS-110768	no						PMC:PMC12445162
ARS-BFGL-NGS-110774	no						PMC:PMC12445162
ARS-BFGL-NGS-110790	no						PMC:PMC12445162
ARS-BFGL-NGS-110793	no						PMC:PMC12445162
ARS-BFGL-NGS-110794	no						PMC:PMC12445162
ARS-BFGL-NGS-110797	no						PMC:PMC12445162
ARS-BFGL-NGS-110800	no						PMC:PMC12445162
ARS-BFGL-NGS-110808	no						PMC:PMC12445162
ARS-BFGL-NGS-110809	no						PMC:PMC12445162
ARS-BFGL-NGS-110811	no						PMC:PMC12445162
ARS-BFGL-NGS-110834	no						PMC:PMC12445162
ARS-BFGL-NGS-110858	no						PMC:PMC12445162
ARS-BFGL-NGS-110900	no						PMC:PMC12445162
ARS-BFGL-NGS-110928	no						PMC:PMC12445162
ARS-BFGL-NGS-110930	no						PMC:PMC12445162
ARS-BFGL-NGS-110936	no						PMC:PMC12445162
ARS-BFGL-NGS-110962	no						PMC:PMC12445162
ARS-BFGL-NGS-110965	no						PMC:PMC12445162
ARS-BFGL-NGS-110977	no						PMC:PMC12445162
ARS-BFGL-NGS-110992	no						PMC:PMC12445162
ARS-BFGL-NGS-110993	no						PMC:PMC12445162
ARS-BFGL-NGS-111000	no						PMC:PMC12445162
ARS-BFGL-NGS-111019	no						PMC:PMC12445162
ARS-BFGL-NGS-111049	no						PMC:PMC12445162
ARS-BFGL-NGS-111053	no						PMC:PMC12445162
ARS-BFGL-NGS-111058	no						PMC:PMC12445162
ARS-BFGL-NGS-111067	no						PMC:PMC12445162
ARS-BFGL-NGS-111076	no						PMC:PMC12445162
ARS-BFGL-NGS-111077	no						PMC:PMC12445162
ARS-BFGL-NGS-111078	no						PMC:PMC12445162
ARS-BFGL-NGS-111090	no						PMC:PMC12445162
ARS-BFGL-NGS-11111	no						PMC:PMC12445162
ARS-BFGL-NGS-111114	no						PMC:PMC12445162
ARS-BFGL-NGS-111118	no						PMC:PMC12445162
ARS-BFGL-NGS-111124	no						PMC:PMC12445162
ARS-BFGL-NGS-11116	no						PMC:PMC12445162
ARS-BFGL-NGS-111161	no						PMC:PMC12445162
ARS-BFGL-NGS-111192	no						PMC:PMC12445162
ARS-BFGL-NGS-111209	no						PMC:PMC12445162
ARS-BFGL-NGS-111221	no						PMC:PMC12445162
ARS-BFGL-NGS-111222	no						PMC:PMC12445162
ARS-BFGL-NGS-111253	no						PMC:PMC12445162
ARS-BFGL-NGS-111283	no						PMC:PMC12445162
ARS-BFGL-NGS-1113	no						PMC:PMC12445162
ARS-BFGL-NGS-111323	no						PMC:PMC12445162
ARS-BFGL-NGS-111330	no						PMC:PMC12445162
ARS-BFGL-NGS-111336	no						PMC:PMC12445162
ARS-BFGL-NGS-111365	no						PMC:PMC12445162
ARS-BFGL-NGS-111371	no						PMC:PMC12445162
ARS-BFGL-NGS-111379	no						PMC:PMC12445162
ARS-BFGL-NGS-11140	no						PMC:PMC12445162
ARS-BFGL-NGS-111408	no						PMC:PMC12445162
ARS-BFGL-NGS-111417	no						PMC:PMC12445162
ARS-BFGL-NGS-111419	no						PMC:PMC12445162
ARS-BFGL-NGS-111453	no						PMC:PMC12445162
ARS-BFGL-NGS-111456	no						PMC:PMC12445162
ARS-BFGL-NGS-111472	no						PMC:PMC12445162
ARS-BFGL-NGS-111473	no						PMC:PMC12445162
ARS-BFGL-NGS-111474	no						PMC:PMC12445162
ARS-BFGL-NGS-111486	no						PMC:PMC12445162
ARS-BFGL-NGS-111488	no						PMC:PMC12445162
ARS-BFGL-NGS-111491	no						PMC:PMC12445162
ARS-BFGL-NGS-111492	no						PMC:PMC12445162
ARS-BFGL-NGS-111513	no						PMC:PMC12445162
ARS-BFGL-NGS-111525	no						PMC:PMC12445162
ARS-BFGL-NGS-111546	no						PMC:PMC12445162
ARS-BFGL-NGS-111563	no						PMC:PMC12445162
ARS-BFGL-NGS-111566	no						PMC:PMC12445162
ARS-BFGL-NGS-111601	no						PMC:PMC12445162
ARS-BFGL-NGS-111605	no						PMC:PMC12445162
ARS-BFGL-NGS-111609	no						PMC:PMC12445162
ARS-BFGL-NGS-111614	no						PMC:PMC12445162
ARS-BFGL-NGS-111618	no						PMC:PMC12445162
ARS-BFGL-NGS-111648	no						PMC:PMC12445162
ARS-BFGL-NGS-111654	no						PMC:PMC12445162
ARS-BFGL-NGS-111666	no						PMC:PMC12445162
ARS-BFGL-NGS-111681	no						PMC:PMC12445162
ARS-BFGL-NGS-111691	no						PMC:PMC12445162
ARS-BFGL-NGS-111700	no						PMC:PMC12445162
ARS-BFGL-NGS-111709	no						PMC:PMC12445162
ARS-BFGL-NGS-111718	no						PMC:PMC12445162
ARS-BFGL-NGS-111723	no						PMC:PMC12445162
ARS-BFGL-NGS-111735	no						PMC:PMC12445162
ARS-BFGL-NGS-111767	no						PMC:PMC12445162
ARS-BFGL-NGS-111769	no						PMC:PMC12445162
ARS-BFGL-NGS-111777	no						PMC:PMC12445162
ARS-BFGL-NGS-111788	no						PMC:PMC12445162
ARS-BFGL-NGS-111789	no						PMC:PMC12445162
ARS-BFGL-NGS-111791	no						PMC:PMC12445162
ARS-BFGL-NGS-111796	no						PMC:PMC12445162
ARS-BFGL-NGS-111806	no						PMC:PMC12445162
ARS-BFGL-NGS-111829	no						PMC:PMC12445162
ARS-BFGL-NGS-111840	no						PMC:PMC12445162
ARS-BFGL-NGS-111847	no						PMC:PMC12445162
ARS-BFGL-NGS-111848	no						PMC:PMC12445162
ARS-BFGL-NGS-111859	no						PMC:PMC12445162
ARS-BFGL-NGS-111865	no						PMC:PMC12445162
ARS-BFGL-NGS-111867	no						PMC:PMC12445162
ARS-BFGL-NGS-111883	no						PMC:PMC12445162
ARS-BFGL-NGS-111885	no						PMC:PMC12445162
ARS-BFGL-NGS-111925	no						PMC:PMC12445162
ARS-BFGL-NGS-111937	no						PMC:PMC12445162
ARS-BFGL-NGS-11194	no						PMC:PMC12445162
ARS-BFGL-NGS-111950	no						PMC:PMC12445162
ARS-BFGL-NGS-111958	no						PMC:PMC12445162
ARS-BFGL-NGS-111961	no						PMC:PMC12445162
ARS-BFGL-NGS-111972	no						PMC:PMC12445162
ARS-BFGL-NGS-111974	no						PMC:PMC12445162
ARS-BFGL-NGS-111981	no						PMC:PMC12445162
ARS-BFGL-NGS-111984	no						PMC:PMC12445162
ARS-BFGL-NGS-111986	no						PMC:PMC12445162
ARS-BFGL-NGS-112012	no						PMC:PMC12445162
ARS-BFGL-NGS-112014	no						PMC:PMC12445162
ARS-BFGL-NGS-112030	no						PMC:PMC12445162
ARS-BFGL-NGS-112031	no						PMC:PMC12445162
ARS-BFGL-NGS-112042	no						PMC:PMC12445162
ARS-BFGL-NGS-112047	no						PMC:PMC12445162
ARS-BFGL-NGS-112056	no						PMC:PMC12445162
ARS-BFGL-NGS-112060	no						PMC:PMC12445162
ARS-BFGL-NGS-112094	no						PMC:PMC12445162
ARS-BFGL-NGS-1121	no						PMC:PMC12445162
ARS-BFGL-NGS-112102	no						PMC:PMC12445162
ARS-BFGL-NGS-112110	no						PMC:PMC12445162
ARS-BFGL-NGS-112120	no						PMC:PMC12445162
ARS-BFGL-NGS-112130	no						PMC:PMC12445162
ARS-BFGL-NGS-112146	no						PMC:PMC12445162
ARS-BFGL-NGS-112150	no						PMC:PMC12445162
ARS-BFGL-NGS-112152	no						PMC:PMC12445162
ARS-BFGL-NGS-112193	no						PMC:PMC12445162
ARS-BFGL-NGS-112195	no						PMC:PMC12445162
ARS-BFGL-NGS-112216	no						PMC:PMC12445162
ARS-BFGL-NGS-112221	no						PMC:PMC12445162
ARS-BFGL-NGS-112246	no						PMC:PMC12445162
ARS-BFGL-NGS-112250	no						PMC:PMC12445162
ARS-BFGL-NGS-112294	no						PMC:PMC12445162
ARS-BFGL-NGS-112302	no						PMC:PMC12445162
ARS-BFGL-NGS-112309	no						PMC:PMC12445162
ARS-BFGL-NGS-112312	no						PMC:PMC12445162
ARS-BFGL-NGS-112313	no						PMC:PMC12445162
ARS-BFGL-NGS-112325	no						PMC:PMC12445162
ARS-BFGL-NGS-112336	no						PMC:PMC12445162
ARS-BFGL-NGS-112355	no						PMC:PMC12445162
ARS-BFGL-NGS-112360	no						PMC:PMC12445162
ARS-BFGL-NGS-112363	no						PMC:PMC12445162
ARS-BFGL-NGS-112364	no						PMC:PMC12445162
ARS-BFGL-NGS-112374	no						PMC:PMC12445162
ARS-BFGL-NGS-112377	no						PMC:PMC12445162
ARS-BFGL-NGS-112386	no						PMC:PMC12445162
ARS-BFGL-NGS-112392	no						PMC:PMC12445162
ARS-BFGL-NGS-112422	no						PMC:PMC12445162
ARS-BFGL-NGS-112434	no						PMC:PMC12445162
ARS-BFGL-NGS-112439	no						PMC:PMC12445162
ARS-BFGL-NGS-112454	no						PMC:PMC12445162
ARS-BFGL-NGS-112470	no						PMC:PMC12445162
ARS-BFGL-NGS-112473	no						PMC:PMC12445162
ARS-BFGL-NGS-112487	no						PMC:PMC12445162
ARS-BFGL-NGS-112520	no						PMC:PMC12445162
ARS-BFGL-NGS-112522	no						PMC:PMC12445162
ARS-BFGL-NGS-112542	no						PMC:PMC12445162
ARS-BFGL-NGS-112570	no						PMC:PMC12445162
ARS-BFGL-NGS-112592	no						PMC:PMC12445162
ARS-BFGL-NGS-112622	no						PMC:PMC12445162
ARS-BFGL-NGS-112625	no						PMC:PMC12445162
ARS-BFGL-NGS-112633	no						PMC:PMC12445162
ARS-BFGL-NGS-112644	no						PMC:PMC12445162
ARS-BFGL-NGS-112658	no						PMC:PMC12445162
ARS-BFGL-NGS-112667	no						PMC:PMC12445162
ARS-BFGL-NGS-112671	no						PMC:PMC12445162
ARS-BFGL-NGS-112694	no						PMC:PMC12445162
ARS-BFGL-NGS-112698	no						PMC:PMC12445162
ARS-BFGL-NGS-112715	no						PMC:PMC12445162
ARS-BFGL-NGS-112716	no						PMC:PMC12445162
ARS-BFGL-NGS-112742	no						PMC:PMC12445162
ARS-BFGL-NGS-112744	no						PMC:PMC12445162
ARS-BFGL-NGS-112771	no						PMC:PMC12445162
ARS-BFGL-NGS-112774	no						PMC:PMC12445162
ARS-BFGL-NGS-112786	no						PMC:PMC12445162
ARS-BFGL-NGS-112793	no						PMC:PMC12445162
ARS-BFGL-NGS-112795	no						PMC:PMC12445162
ARS-BFGL-NGS-112806	no						PMC:PMC12445162
ARS-BFGL-NGS-112825	no						PMC:PMC12445162
ARS-BFGL-NGS-112833	no						PMC:PMC12445162
ARS-BFGL-NGS-112864	no						PMC:PMC12445162
ARS-BFGL-NGS-112867	no						PMC:PMC12445162
ARS-BFGL-NGS-112884	no						PMC:PMC12445162
ARS-BFGL-NGS-112908	no						PMC:PMC12445162
ARS-BFGL-NGS-112929	no						PMC:PMC12445162
ARS-BFGL-NGS-112939	no						PMC:PMC12445162
ARS-BFGL-NGS-112952	no						PMC:PMC12445162
ARS-BFGL-NGS-112953	no						PMC:PMC12445162
ARS-BFGL-NGS-112982	no						PMC:PMC12445162
ARS-BFGL-NGS-112985	no						PMC:PMC12445162
ARS-BFGL-NGS-112987	no						PMC:PMC12445162
ARS-BFGL-NGS-11300	no						PMC:PMC12445162
ARS-BFGL-NGS-113013	no						PMC:PMC12445162
ARS-BFGL-NGS-113021	no						PMC:PMC12445162
ARS-BFGL-NGS-113029	no						PMC:PMC12445162
ARS-BFGL-NGS-113042	no						PMC:PMC12445162
ARS-BFGL-NGS-113049	no						PMC:PMC12445162
ARS-BFGL-NGS-113052	no						PMC:PMC12445162
ARS-BFGL-NGS-11306	no						PMC:PMC12445162
ARS-BFGL-NGS-113068	no						PMC:PMC12445162
ARS-BFGL-NGS-113071	no						PMC:PMC12445162
ARS-BFGL-NGS-113072	no						PMC:PMC12445162
ARS-BFGL-NGS-113087	no						PMC:PMC12445162
ARS-BFGL-NGS-113098	no						PMC:PMC12445162
ARS-BFGL-NGS-11310	no						PMC:PMC12445162
ARS-BFGL-NGS-113104	no						PMC:PMC12445162
ARS-BFGL-NGS-113105	no						PMC:PMC12445162
ARS-BFGL-NGS-113130	no						PMC:PMC12445162
ARS-BFGL-NGS-113150	no						PMC:PMC12445162
ARS-BFGL-NGS-113188	no						PMC:PMC12445162
ARS-BFGL-NGS-113190	no						PMC:PMC12445162
ARS-BFGL-NGS-113210	no						PMC:PMC12445162
ARS-BFGL-NGS-113226	no						PMC:PMC12445162
ARS-BFGL-NGS-113227	no						PMC:PMC12445162
ARS-BFGL-NGS-113235	no						PMC:PMC12445162
ARS-BFGL-NGS-113238	no						PMC:PMC12445162
ARS-BFGL-NGS-113248	no						PMC:PMC12445162
ARS-BFGL-NGS-113268	no						PMC:PMC12445162
ARS-BFGL-NGS-113273	no						PMC:PMC12445162
ARS-BFGL-NGS-113296	no						PMC:PMC12445162
ARS-BFGL-NGS-113306	no						PMC:PMC12445162
ARS-BFGL-NGS-113326	no						PMC:PMC12445162
ARS-BFGL-NGS-113351	no						PMC:PMC12445162
ARS-BFGL-NGS-113371	no						PMC:PMC12445162
ARS-BFGL-NGS-113408	no						PMC:PMC12445162
ARS-BFGL-NGS-113427	no						PMC:PMC12445162
ARS-BFGL-NGS-113472	no						PMC:PMC12445162
ARS-BFGL-NGS-113495	no						PMC:PMC12445162
ARS-BFGL-NGS-113504	no						PMC:PMC12445162
ARS-BFGL-NGS-113524	no						PMC:PMC12445162
ARS-BFGL-NGS-113569	no						PMC:PMC12445162
ARS-BFGL-NGS-113570	no						PMC:PMC12445162
ARS-BFGL-NGS-113577	no						PMC:PMC12445162
ARS-BFGL-NGS-113579	no						PMC:PMC12445162
ARS-BFGL-NGS-113627	no						PMC:PMC12445162
ARS-BFGL-NGS-113635	no						PMC:PMC12445162
ARS-BFGL-NGS-113670	no						PMC:PMC12445162
ARS-BFGL-NGS-113694	no						PMC:PMC12445162
ARS-BFGL-NGS-113708	no						PMC:PMC12445162
ARS-BFGL-NGS-113716	no						PMC:PMC12445162
ARS-BFGL-NGS-113719	no						PMC:PMC12445162
ARS-BFGL-NGS-113725	no						PMC:PMC12445162
ARS-BFGL-NGS-113756	no						PMC:PMC12445162
ARS-BFGL-NGS-113785	no						PMC:PMC12445162
ARS-BFGL-NGS-113790	no						PMC:PMC12445162
ARS-BFGL-NGS-113793	no						PMC:PMC12445162
ARS-BFGL-NGS-113805	no						PMC:PMC12445162
ARS-BFGL-NGS-113814	no						PMC:PMC12445162
ARS-BFGL-NGS-113821	no						PMC:PMC12445162
ARS-BFGL-NGS-11383	no						PMC:PMC12445162
ARS-BFGL-NGS-113835	no						PMC:PMC12445162
ARS-BFGL-NGS-113844	no						PMC:PMC12445162
ARS-BFGL-NGS-113861	no						PMC:PMC12445162
ARS-BFGL-NGS-113864	no						PMC:PMC12445162
ARS-BFGL-NGS-113867	no						PMC:PMC12445162
ARS-BFGL-NGS-113876	no						PMC:PMC12445162
ARS-BFGL-NGS-113889	no						PMC:PMC12445162
ARS-BFGL-NGS-113910	no						PMC:PMC12445162
ARS-BFGL-NGS-113918	no						PMC:PMC12445162
ARS-BFGL-NGS-113920	no						PMC:PMC12445162
ARS-BFGL-NGS-113927	no						PMC:PMC12445162
ARS-BFGL-NGS-113944	no						PMC:PMC12445162
ARS-BFGL-NGS-113966	no						PMC:PMC12445162
ARS-BFGL-NGS-113972	no						PMC:PMC12445162
ARS-BFGL-NGS-113982	no						PMC:PMC12445162
ARS-BFGL-NGS-11399	no						PMC:PMC12445162
ARS-BFGL-NGS-113990	no						PMC:PMC12445162
ARS-BFGL-NGS-113995	no						PMC:PMC12445162
ARS-BFGL-NGS-114006	no						PMC:PMC12445162
ARS-BFGL-NGS-114017	no						PMC:PMC12445162
ARS-BFGL-NGS-114028	no						PMC:PMC12445162
ARS-BFGL-NGS-114054	no						PMC:PMC12445162
ARS-BFGL-NGS-114067	no						PMC:PMC12445162
ARS-BFGL-NGS-114070	no						PMC:PMC12445162
ARS-BFGL-NGS-114071	no						PMC:PMC12445162
ARS-BFGL-NGS-114073	no						PMC:PMC12445162
ARS-BFGL-NGS-114087	no						PMC:PMC12445162
ARS-BFGL-NGS-114089	no						PMC:PMC12445162
ARS-BFGL-NGS-114094	no						PMC:PMC12445162
ARS-BFGL-NGS-114096	no						PMC:PMC12445162
ARS-BFGL-NGS-114097	no						PMC:PMC12445162
ARS-BFGL-NGS-114099	no						PMC:PMC12445162
ARS-BFGL-NGS-114129	no						PMC:PMC12445162
ARS-BFGL-NGS-114130	no						PMC:PMC12445162
ARS-BFGL-NGS-114138	no						PMC:PMC12445162
ARS-BFGL-NGS-114143	no						PMC:PMC12445162
ARS-BFGL-NGS-114146	no						PMC:PMC12445162
ARS-BFGL-NGS-114154	no						PMC:PMC12445162
ARS-BFGL-NGS-114164	no						PMC:PMC12445162
ARS-BFGL-NGS-114182	no						PMC:PMC12445162
ARS-BFGL-NGS-114185	no						PMC:PMC12445162
ARS-BFGL-NGS-114192	no						PMC:PMC12445162
ARS-BFGL-NGS-114203	no						PMC:PMC12445162
ARS-BFGL-NGS-114204	no						PMC:PMC12445162
ARS-BFGL-NGS-114210	no						PMC:PMC12445162
ARS-BFGL-NGS-114228	no						PMC:PMC12445162
ARS-BFGL-NGS-114245	no						PMC:PMC12445162
ARS-BFGL-NGS-114249	no						PMC:PMC12445162
ARS-BFGL-NGS-114252	no						PMC:PMC12445162
ARS-BFGL-NGS-114269	no						PMC:PMC12445162
ARS-BFGL-NGS-114315	no						PMC:PMC12445162
ARS-BFGL-NGS-114335	no						PMC:PMC12445162
ARS-BFGL-NGS-114340	no						PMC:PMC12445162
ARS-BFGL-NGS-114401	no						PMC:PMC12445162
ARS-BFGL-NGS-114404	no						PMC:PMC12445162
ARS-BFGL-NGS-114428	no						PMC:PMC12445162
ARS-BFGL-NGS-114467	no						PMC:PMC12445162
ARS-BFGL-NGS-114472	no						PMC:PMC12445162
ARS-BFGL-NGS-114482	no						PMC:PMC12445162
ARS-BFGL-NGS-114520	no						PMC:PMC12445162
ARS-BFGL-NGS-114524	no						PMC:PMC12445162
ARS-BFGL-NGS-114538	no						PMC:PMC12445162
ARS-BFGL-NGS-114547	no						PMC:PMC12445162
ARS-BFGL-NGS-114551	no						PMC:PMC12445162
ARS-BFGL-NGS-114558	no						PMC:PMC12445162
ARS-BFGL-NGS-114609	no						PMC:PMC12445162
ARS-BFGL-NGS-114627	no						PMC:PMC12445162
ARS-BFGL-NGS-114684	no						PMC:PMC12445162
ARS-BFGL-NGS-11469	no						PMC:PMC12445162
ARS-BFGL-NGS-114697	no						PMC:PMC12445162
ARS-BFGL-NGS-114723	no						PMC:PMC12445162
ARS-BFGL-NGS-114746	no						PMC:PMC12445162
ARS-BFGL-NGS-114754	no						PMC:PMC12445162
ARS-BFGL-NGS-114766	no						PMC:PMC12445162
ARS-BFGL-NGS-114786	no						PMC:PMC12445162
ARS-BFGL-NGS-114789	no						PMC:PMC12445162
ARS-BFGL-NGS-114815	no						PMC:PMC12445162
ARS-BFGL-NGS-114841	no						PMC:PMC12445162
ARS-BFGL-NGS-114852	no						PMC:PMC12445162
ARS-BFGL-NGS-114860	no						PMC:PMC12445162
ARS-BFGL-NGS-114864	no						PMC:PMC12445162
ARS-BFGL-NGS-114888	no						PMC:PMC12445162
ARS-BFGL-NGS-114896	no						PMC:PMC12445162
ARS-BFGL-NGS-114898	no						PMC:PMC12445162
ARS-BFGL-NGS-114918	no						PMC:PMC12445162
ARS-BFGL-NGS-114921	no						PMC:PMC12445162
ARS-BFGL-NGS-114924	no						PMC:PMC12445162
ARS-BFGL-NGS-114935	no						PMC:PMC12445162
ARS-BFGL-NGS-114947	no						PMC:PMC12445162
ARS-BFGL-NGS-114953	no						PMC:PMC12445162
ARS-BFGL-NGS-114977	no						PMC:PMC12445162
ARS-BFGL-NGS-114979	no						PMC:PMC12445162
ARS-BFGL-NGS-114985	no						PMC:PMC12445162
ARS-BFGL-NGS-11499	no						PMC:PMC12445162
ARS-BFGL-NGS-115024	no						PMC:PMC12445162
ARS-BFGL-NGS-115059	no						PMC:PMC12445162
ARS-BFGL-NGS-115093	no						PMC:PMC12445162
ARS-BFGL-NGS-115153	no						PMC:PMC12445162
ARS-BFGL-NGS-115172	no						PMC:PMC12445162
ARS-BFGL-NGS-115177	no						PMC:PMC12445162
ARS-BFGL-NGS-115195	no						PMC:PMC12445162
ARS-BFGL-NGS-1152	no						PMC:PMC12445162
ARS-BFGL-NGS-115203	no						PMC:PMC12445162
ARS-BFGL-NGS-115240	no						PMC:PMC12445162
ARS-BFGL-NGS-115246	no						PMC:PMC12445162
ARS-BFGL-NGS-115253	no						PMC:PMC12445162
ARS-BFGL-NGS-115291	no						PMC:PMC12445162
ARS-BFGL-NGS-115294	no						PMC:PMC12445162
ARS-BFGL-NGS-11531	no						PMC:PMC12445162
ARS-BFGL-NGS-115316	no						PMC:PMC12445162
ARS-BFGL-NGS-115326	no						PMC:PMC12445162
ARS-BFGL-NGS-115346	no						PMC:PMC12445162
ARS-BFGL-NGS-115348	no						PMC:PMC12445162
ARS-BFGL-NGS-115355	no						PMC:PMC12445162
ARS-BFGL-NGS-115363	no						PMC:PMC12445162
ARS-BFGL-NGS-115377	no						PMC:PMC12445162
ARS-BFGL-NGS-115386	no						PMC:PMC12445162
ARS-BFGL-NGS-115387	no						PMC:PMC12445162
ARS-BFGL-NGS-115388	no						PMC:PMC12445162
ARS-BFGL-NGS-115390	no						PMC:PMC12445162
ARS-BFGL-NGS-115406	no						PMC:PMC12445162
ARS-BFGL-NGS-115436	no						PMC:PMC12445162
ARS-BFGL-NGS-115446	no						PMC:PMC12445162
ARS-BFGL-NGS-115486	no						PMC:PMC12445162
ARS-BFGL-NGS-115487	no						PMC:PMC12445162
ARS-BFGL-NGS-115492	no						PMC:PMC12445162
ARS-BFGL-NGS-115493	no						PMC:PMC12445162
ARS-BFGL-NGS-115499	no						PMC:PMC12445162
ARS-BFGL-NGS-115501	no						PMC:PMC12445162
ARS-BFGL-NGS-115502	no						PMC:PMC12445162
ARS-BFGL-NGS-115514	no						PMC:PMC12445162
ARS-BFGL-NGS-115527	no						PMC:PMC12445162
ARS-BFGL-NGS-11554	no						PMC:PMC12445162
ARS-BFGL-NGS-115549	no						PMC:PMC12445162
ARS-BFGL-NGS-115565	no						PMC:PMC12445162
ARS-BFGL-NGS-115573	no						PMC:PMC12445162
ARS-BFGL-NGS-115594	no						PMC:PMC12445162
ARS-BFGL-NGS-115598	no						PMC:PMC12445162
ARS-BFGL-NGS-115602	no						PMC:PMC12445162
ARS-BFGL-NGS-115610	no						PMC:PMC12445162
ARS-BFGL-NGS-115613	no						PMC:PMC12445162
ARS-BFGL-NGS-115617	no						PMC:PMC12445162
ARS-BFGL-NGS-115625	no						PMC:PMC12445162
ARS-BFGL-NGS-115630	no						PMC:PMC12445162
ARS-BFGL-NGS-115652	no						PMC:PMC12445162
ARS-BFGL-NGS-115653	no						PMC:PMC12445162
ARS-BFGL-NGS-115671	no						PMC:PMC12445162
ARS-BFGL-NGS-115678	no						PMC:PMC12445162
ARS-BFGL-NGS-115705	no						PMC:PMC12445162
ARS-BFGL-NGS-115710	no						PMC:PMC12445162
ARS-BFGL-NGS-115725	no						PMC:PMC12445162
ARS-BFGL-NGS-115727	no						PMC:PMC12445162
ARS-BFGL-NGS-115728	no						PMC:PMC12445162
ARS-BFGL-NGS-115734	no						PMC:PMC12445162
ARS-BFGL-NGS-115739	no						PMC:PMC12445162
ARS-BFGL-NGS-115763	no						PMC:PMC12445162
ARS-BFGL-NGS-115784	no						PMC:PMC12445162
ARS-BFGL-NGS-115789	no						PMC:PMC12445162
ARS-BFGL-NGS-115797	no						PMC:PMC12445162
ARS-BFGL-NGS-115798	no						PMC:PMC12445162
ARS-BFGL-NGS-115807	no						PMC:PMC12445162
ARS-BFGL-NGS-115816	no						PMC:PMC12445162
ARS-BFGL-NGS-115817	no						PMC:PMC12445162
ARS-BFGL-NGS-11582	no						PMC:PMC12445162
ARS-BFGL-NGS-115826	no						PMC:PMC12445162
ARS-BFGL-NGS-115837	no						PMC:PMC12445162
ARS-BFGL-NGS-115848	no						PMC:PMC12445162
ARS-BFGL-NGS-11585	no						PMC:PMC12445162
ARS-BFGL-NGS-115890	no						PMC:PMC12445162
ARS-BFGL-NGS-115913	no						PMC:PMC12445162
ARS-BFGL-NGS-115919	no						PMC:PMC12445162
ARS-BFGL-NGS-115927	no						PMC:PMC12445162
ARS-BFGL-NGS-115929	no						PMC:PMC12445162
ARS-BFGL-NGS-115958	no						PMC:PMC12445162
ARS-BFGL-NGS-115983	no						PMC:PMC12445162
ARS-BFGL-NGS-115987	no						PMC:PMC12445162
ARS-BFGL-NGS-116050	no						PMC:PMC12445162
ARS-BFGL-NGS-116057	no						PMC:PMC12445162
ARS-BFGL-NGS-116063	no						PMC:PMC12445162
ARS-BFGL-NGS-116073	no						PMC:PMC12445162
ARS-BFGL-NGS-116074	no						PMC:PMC12445162
ARS-BFGL-NGS-116085	no						PMC:PMC12445162
ARS-BFGL-NGS-116095	no						PMC:PMC12445162
ARS-BFGL-NGS-116104	no						PMC:PMC12445162
ARS-BFGL-NGS-116112	no						PMC:PMC12445162
ARS-BFGL-NGS-116123	no						PMC:PMC12445162
ARS-BFGL-NGS-116126	no						PMC:PMC12445162
ARS-BFGL-NGS-116144	no						PMC:PMC12445162
ARS-BFGL-NGS-116145	no						PMC:PMC12445162
ARS-BFGL-NGS-11615	no						PMC:PMC12445162
ARS-BFGL-NGS-116154	no						PMC:PMC12445162
ARS-BFGL-NGS-116162	no						PMC:PMC12445162
ARS-BFGL-NGS-116163	no						PMC:PMC12445162
ARS-BFGL-NGS-116165	no						PMC:PMC12445162
ARS-BFGL-NGS-116192	no						PMC:PMC12445162
ARS-BFGL-NGS-116211	no						PMC:PMC12445162
ARS-BFGL-NGS-116218	no						PMC:PMC12445162
ARS-BFGL-NGS-116232	no						PMC:PMC12445162
ARS-BFGL-NGS-116233	no						PMC:PMC12445162
ARS-BFGL-NGS-116261	no						PMC:PMC12445162
ARS-BFGL-NGS-116277	no						PMC:PMC12445162
ARS-BFGL-NGS-116288	no						PMC:PMC12445162
ARS-BFGL-NGS-116292	no						PMC:PMC12445162
ARS-BFGL-NGS-116322	no						PMC:PMC12445162
ARS-BFGL-NGS-116327	no						PMC:PMC12445162
ARS-BFGL-NGS-116332	no						PMC:PMC12445162
ARS-BFGL-NGS-116336	no						PMC:PMC12445162
ARS-BFGL-NGS-116338	no						PMC:PMC12445162
ARS-BFGL-NGS-116350	no						PMC:PMC12445162
ARS-BFGL-NGS-116376	no						PMC:PMC12445162
ARS-BFGL-NGS-116386	no						PMC:PMC12445162
ARS-BFGL-NGS-116397	no						PMC:PMC12445162
ARS-BFGL-NGS-116403	no						PMC:PMC12445162
ARS-BFGL-NGS-116404	no						PMC:PMC12445162
ARS-BFGL-NGS-116415	no						PMC:PMC12445162
ARS-BFGL-NGS-116420	no						PMC:PMC12445162
ARS-BFGL-NGS-116438	no						PMC:PMC12445162
ARS-BFGL-NGS-116451	no						PMC:PMC12445162
ARS-BFGL-NGS-116461	no						PMC:PMC12445162
ARS-BFGL-NGS-116480	no						PMC:PMC12445162
ARS-BFGL-NGS-116502	no						PMC:PMC12445162
ARS-BFGL-NGS-116504	no						PMC:PMC12445162
ARS-BFGL-NGS-116514	no						PMC:PMC12445162
ARS-BFGL-NGS-116521	no						PMC:PMC12445162
ARS-BFGL-NGS-116537	no						PMC:PMC12445162
ARS-BFGL-NGS-116541	no						PMC:PMC12445162
ARS-BFGL-NGS-116543	no						PMC:PMC12445162
ARS-BFGL-NGS-116565	no						PMC:PMC12445162
ARS-BFGL-NGS-116572	no						PMC:PMC12445162
ARS-BFGL-NGS-116585	no						PMC:PMC12445162
ARS-BFGL-NGS-116589	no						PMC:PMC12445162
ARS-BFGL-NGS-116598	no						PMC:PMC12445162
ARS-BFGL-NGS-116599	no						PMC:PMC12445162
ARS-BFGL-NGS-1166	no						PMC:PMC12445162
ARS-BFGL-NGS-116624	no						PMC:PMC12445162
ARS-BFGL-NGS-116625	no						PMC:PMC12445162
ARS-BFGL-NGS-116627	no						PMC:PMC12445162
ARS-BFGL-NGS-116634	no						PMC:PMC12445162
ARS-BFGL-NGS-116639	no						PMC:PMC12445162
ARS-BFGL-NGS-116642	no						PMC:PMC12445162
ARS-BFGL-NGS-116677	no						PMC:PMC12445162
ARS-BFGL-NGS-116737	no						PMC:PMC12445162
ARS-BFGL-NGS-116740	no						PMC:PMC12445162
ARS-BFGL-NGS-116761	no						PMC:PMC12445162
ARS-BFGL-NGS-116764	no						PMC:PMC12445162
ARS-BFGL-NGS-116774	no						PMC:PMC12445162
ARS-BFGL-NGS-116794	no						PMC:PMC12445162
ARS-BFGL-NGS-116814	no						PMC:PMC12445162
ARS-BFGL-NGS-116815	no						PMC:PMC12445162
ARS-BFGL-NGS-116840	no						PMC:PMC12445162
ARS-BFGL-NGS-116856	no						PMC:PMC12445162
ARS-BFGL-NGS-116882	no						PMC:PMC12445162
ARS-BFGL-NGS-116891	no						PMC:PMC12445162
ARS-BFGL-NGS-116906	no						PMC:PMC12445162
ARS-BFGL-NGS-116914	no						PMC:PMC12445162
ARS-BFGL-NGS-116920	no						PMC:PMC12445162
ARS-BFGL-NGS-116929	no						PMC:PMC12445162
ARS-BFGL-NGS-116969	no						PMC:PMC12445162
ARS-BFGL-NGS-116979	no						PMC:PMC12445162
ARS-BFGL-NGS-116985	no						PMC:PMC12445162
ARS-BFGL-NGS-116992	no						PMC:PMC12445162
ARS-BFGL-NGS-116997	no						PMC:PMC12445162
ARS-BFGL-NGS-116999	no						PMC:PMC12445162
ARS-BFGL-NGS-117001	no						PMC:PMC12445162
ARS-BFGL-NGS-117004	no						PMC:PMC12445162
ARS-BFGL-NGS-117019	no						PMC:PMC12445162
ARS-BFGL-NGS-117030	no						PMC:PMC12445162
ARS-BFGL-NGS-117031	no						PMC:PMC12445162
ARS-BFGL-NGS-117037	no						PMC:PMC12445162
ARS-BFGL-NGS-117046	no						PMC:PMC12445162
ARS-BFGL-NGS-117095	no						PMC:PMC12445162
ARS-BFGL-NGS-117120	no						PMC:PMC12445162
ARS-BFGL-NGS-117122	no						PMC:PMC12445162
ARS-BFGL-NGS-117135	no						PMC:PMC12445162
ARS-BFGL-NGS-117167	no						PMC:PMC12445162
ARS-BFGL-NGS-117208	no						PMC:PMC12445162
ARS-BFGL-NGS-117215	no						PMC:PMC12445162
ARS-BFGL-NGS-117222	no						PMC:PMC12445162
ARS-BFGL-NGS-117236	no						PMC:PMC12445162
ARS-BFGL-NGS-117241	no						PMC:PMC12445162
ARS-BFGL-NGS-117268	no						PMC:PMC12445162
ARS-BFGL-NGS-117288	no						PMC:PMC12445162
ARS-BFGL-NGS-117303	no						PMC:PMC12445162
ARS-BFGL-NGS-117310	no						PMC:PMC12445162
ARS-BFGL-NGS-117312	no						PMC:PMC12445162
ARS-BFGL-NGS-117319	no						PMC:PMC12445162
ARS-BFGL-NGS-117322	no						PMC:PMC12445162
ARS-BFGL-NGS-117324	no						PMC:PMC12445162
ARS-BFGL-NGS-117340	no						PMC:PMC12445162
ARS-BFGL-NGS-117343	no						PMC:PMC12445162
ARS-BFGL-NGS-117345	no						PMC:PMC12445162
ARS-BFGL-NGS-117371	no						PMC:PMC12445162
ARS-BFGL-NGS-117393	no						PMC:PMC12445162
ARS-BFGL-NGS-117395	no						PMC:PMC12445162
ARS-BFGL-NGS-117421	no						PMC:PMC12445162
ARS-BFGL-NGS-117422	no						PMC:PMC12445162
ARS-BFGL-NGS-117449	no						PMC:PMC12445162
ARS-BFGL-NGS-117525	no						PMC:PMC12445162
ARS-BFGL-NGS-117527	no						PMC:PMC12445162
ARS-BFGL-NGS-117533	no						PMC:PMC12445162
ARS-BFGL-NGS-117534	no						PMC:PMC12445162
ARS-BFGL-NGS-117553	no						PMC:PMC12445162
ARS-BFGL-NGS-117596	no						PMC:PMC12445162
ARS-BFGL-NGS-117619	no						PMC:PMC12445162
ARS-BFGL-NGS-117620	no						PMC:PMC12445162
ARS-BFGL-NGS-117653	no						PMC:PMC12445162
ARS-BFGL-NGS-117672	no						PMC:PMC12445162
ARS-BFGL-NGS-117676	no						PMC:PMC12445162
ARS-BFGL-NGS-117680	no						PMC:PMC12445162
ARS-BFGL-NGS-117704	no						PMC:PMC12445162
ARS-BFGL-NGS-117717	no						PMC:PMC12445162
ARS-BFGL-NGS-117723	no						PMC:PMC12445162
ARS-BFGL-NGS-117737	no						PMC:PMC12445162
ARS-BFGL-NGS-117741	no						PMC:PMC12445162
ARS-BFGL-NGS-117782	no						PMC:PMC12445162
ARS-BFGL-NGS-117785	no						PMC:PMC12445162
ARS-BFGL-NGS-117804	no						PMC:PMC12445162
ARS-BFGL-NGS-117810	no						PMC:PMC12445162
ARS-BFGL-NGS-117825	no						PMC:PMC12445162
ARS-BFGL-NGS-117831	no						PMC:PMC12445162
ARS-BFGL-NGS-11784	no						PMC:PMC12445162
ARS-BFGL-NGS-117855	no						PMC:PMC12445162
ARS-BFGL-NGS-117867	no						PMC:PMC12445162
ARS-BFGL-NGS-117870	no						PMC:PMC12445162
ARS-BFGL-NGS-117879	no						PMC:PMC12445162
ARS-BFGL-NGS-117892	no						PMC:PMC12445162
ARS-BFGL-NGS-117915	no						PMC:PMC12445162
ARS-BFGL-NGS-117941	no						PMC:PMC12445162
ARS-BFGL-NGS-117943	no						PMC:PMC12445162
ARS-BFGL-NGS-117951	no						PMC:PMC12445162
ARS-BFGL-NGS-117957	no						PMC:PMC12445162
ARS-BFGL-NGS-117973	no						PMC:PMC12445162
ARS-BFGL-NGS-118001	no						PMC:PMC12445162
ARS-BFGL-NGS-118013	no						PMC:PMC12445162
ARS-BFGL-NGS-118015	no						PMC:PMC12445162
ARS-BFGL-NGS-118057	no						PMC:PMC12445162
ARS-BFGL-NGS-118073	no						PMC:PMC12445162
ARS-BFGL-NGS-118075	no						PMC:PMC12445162
ARS-BFGL-NGS-118081	no						PMC:PMC12445162
ARS-BFGL-NGS-118098	no						PMC:PMC12445162
ARS-BFGL-NGS-118099	no						PMC:PMC12445162
ARS-BFGL-NGS-118102	no						PMC:PMC12445162
ARS-BFGL-NGS-118105	no						PMC:PMC12445162
ARS-BFGL-NGS-118124	no						PMC:PMC12445162
ARS-BFGL-NGS-118138	no						PMC:PMC12445162
ARS-BFGL-NGS-118139	no						PMC:PMC12445162
ARS-BFGL-NGS-118159	no						PMC:PMC12445162
ARS-BFGL-NGS-118166	no						PMC:PMC12445162
ARS-BFGL-NGS-118182	no						PMC:PMC12445162
ARS-BFGL-NGS-118185	no						PMC:PMC12445162
ARS-BFGL-NGS-118199	no						PMC:PMC12445162
ARS-BFGL-NGS-118232	no						PMC:PMC12445162
ARS-BFGL-NGS-118237	no						PMC:PMC12445162
ARS-BFGL-NGS-118239	no						PMC:PMC12445162
ARS-BFGL-NGS-118253	no						PMC:PMC12445162
ARS-BFGL-NGS-118255	no						PMC:PMC12445162
ARS-BFGL-NGS-118269	no						PMC:PMC12445162
ARS-BFGL-NGS-118272	no						PMC:PMC12445162
ARS-BFGL-NGS-118275	no						PMC:PMC12445162
ARS-BFGL-NGS-118288	no						PMC:PMC12445162
ARS-BFGL-NGS-118289	no						PMC:PMC12445162
ARS-BFGL-NGS-118296	no						PMC:PMC12445162
ARS-BFGL-NGS-1183	no						PMC:PMC12445162
ARS-BFGL-NGS-118306	no						PMC:PMC12445162
ARS-BFGL-NGS-118311	no						PMC:PMC12445162
ARS-BFGL-NGS-118313	no						PMC:PMC12445162
ARS-BFGL-NGS-118319	no						PMC:PMC12445162
ARS-BFGL-NGS-118326	no						PMC:PMC12445162
ARS-BFGL-NGS-118339	no						PMC:PMC12445162
ARS-BFGL-NGS-118340	no						PMC:PMC12445162
ARS-BFGL-NGS-11838	no						PMC:PMC12445162
ARS-BFGL-NGS-118398	no						PMC:PMC12445162
ARS-BFGL-NGS-118407	no						PMC:PMC12445162
ARS-BFGL-NGS-118411	no						PMC:PMC12445162
ARS-BFGL-NGS-118412	no						PMC:PMC12445162
ARS-BFGL-NGS-118453	no						PMC:PMC12445162
ARS-BFGL-NGS-118457	no						PMC:PMC12445162
ARS-BFGL-NGS-118505	no						PMC:PMC12445162
ARS-BFGL-NGS-118523	no						PMC:PMC12445162
ARS-BFGL-NGS-118534	no						PMC:PMC12445162
ARS-BFGL-NGS-118564	no						PMC:PMC12445162
ARS-BFGL-NGS-118583	no						PMC:PMC12445162
ARS-BFGL-NGS-118588	no						PMC:PMC12445162
ARS-BFGL-NGS-118597	no						PMC:PMC12445162
ARS-BFGL-NGS-118600	no						PMC:PMC12445162
ARS-BFGL-NGS-118602	no						PMC:PMC12445162
ARS-BFGL-NGS-118603	no						PMC:PMC12445162
ARS-BFGL-NGS-118621	no						PMC:PMC12445162
ARS-BFGL-NGS-118634	no						PMC:PMC12445162
ARS-BFGL-NGS-118647	no						PMC:PMC12445162
ARS-BFGL-NGS-118648	no						PMC:PMC12445162
ARS-BFGL-NGS-118652	no						PMC:PMC12445162
ARS-BFGL-NGS-118657	no						PMC:PMC12445162
ARS-BFGL-NGS-118676	no						PMC:PMC12445162
ARS-BFGL-NGS-118679	no						PMC:PMC12445162
ARS-BFGL-NGS-118681	no						PMC:PMC12445162
ARS-BFGL-NGS-118692	no						PMC:PMC12445162
ARS-BFGL-NGS-118700	no						PMC:PMC12445162
ARS-BFGL-NGS-118723	no						PMC:PMC12445162
ARS-BFGL-NGS-118735	no						PMC:PMC12445162
ARS-BFGL-NGS-118736	no						PMC:PMC12445162
ARS-BFGL-NGS-118737	no						PMC:PMC12445162
ARS-BFGL-NGS-118751	no						PMC:PMC12445162
ARS-BFGL-NGS-118787	no						PMC:PMC12445162
ARS-BFGL-NGS-118809	no						PMC:PMC12445162
ARS-BFGL-NGS-118830	no						PMC:PMC12445162
ARS-BFGL-NGS-118834	no						PMC:PMC12445162
ARS-BFGL-NGS-118847	no						PMC:PMC12445162
ARS-BFGL-NGS-118867	no						PMC:PMC12445162
ARS-BFGL-NGS-118876	no						PMC:PMC12445162
ARS-BFGL-NGS-118882	no						PMC:PMC12445162
ARS-BFGL-NGS-11889	no						PMC:PMC12445162
ARS-BFGL-NGS-118895	no						PMC:PMC12445162
ARS-BFGL-NGS-118910	no						PMC:PMC12445162
ARS-BFGL-NGS-118920	no						PMC:PMC12445162
ARS-BFGL-NGS-118921	no						PMC:PMC12445162
ARS-BFGL-NGS-118945	no						PMC:PMC12445162
ARS-BFGL-NGS-118949	no						PMC:PMC12445162
ARS-BFGL-NGS-118957	no						PMC:PMC12445162
ARS-BFGL-NGS-118967	no						PMC:PMC12445162
ARS-BFGL-NGS-119025	no						PMC:PMC12445162
ARS-BFGL-NGS-119031	no						PMC:PMC12445162
ARS-BFGL-NGS-119032	no						PMC:PMC12445162
ARS-BFGL-NGS-119043	no						PMC:PMC12445162
ARS-BFGL-NGS-119059	no						PMC:PMC12445162
ARS-BFGL-NGS-119102	no						PMC:PMC12445162
ARS-BFGL-NGS-119104	no						PMC:PMC12445162
ARS-BFGL-NGS-119107	no						PMC:PMC12445162
ARS-BFGL-NGS-119115	no						PMC:PMC12445162
ARS-BFGL-NGS-119116	no						PMC:PMC12445162
ARS-BFGL-NGS-119142	no						PMC:PMC12445162
ARS-BFGL-NGS-119150	no						PMC:PMC12445162
ARS-BFGL-NGS-119158	no						PMC:PMC12445162
ARS-BFGL-NGS-119160	no						PMC:PMC12445162
ARS-BFGL-NGS-119197	no						PMC:PMC12445162
ARS-BFGL-NGS-119227	no						PMC:PMC12445162
ARS-BFGL-NGS-119234	no						PMC:PMC12445162
ARS-BFGL-NGS-119288	no						PMC:PMC12445162
ARS-BFGL-NGS-119320	no						PMC:PMC12445162
ARS-BFGL-NGS-119346	no						PMC:PMC12445162
ARS-BFGL-NGS-119362	no						PMC:PMC12445162
ARS-BFGL-NGS-119380	no						PMC:PMC12445162
ARS-BFGL-NGS-119427	no						PMC:PMC12445162
ARS-BFGL-NGS-119431	no						PMC:PMC12445162
ARS-BFGL-NGS-119432	no						PMC:PMC12445162
ARS-BFGL-NGS-119442	no						PMC:PMC12445162
ARS-BFGL-NGS-119477	no						PMC:PMC12445162
ARS-BFGL-NGS-119491	no						PMC:PMC12445162
ARS-BFGL-NGS-119513	no						PMC:PMC12445162
ARS-BFGL-NGS-119514	no						PMC:PMC12445162
ARS-BFGL-NGS-119524	no						PMC:PMC12445162
ARS-BFGL-NGS-11959	no						PMC:PMC12445162
ARS-BFGL-NGS-119643	no						PMC:PMC12445162
ARS-BFGL-NGS-119645	no						PMC:PMC12445162
ARS-BFGL-NGS-119662	no						PMC:PMC12445162
ARS-BFGL-NGS-119664	no						PMC:PMC12445162
ARS-BFGL-NGS-119673	no						PMC:PMC12445162
ARS-BFGL-NGS-119694	no						PMC:PMC12445162
ARS-BFGL-NGS-119716	no						PMC:PMC12445162
ARS-BFGL-NGS-119733	no						PMC:PMC12445162
ARS-BFGL-NGS-119736	no						PMC:PMC12445162
ARS-BFGL-NGS-119737	no						PMC:PMC12445162
ARS-BFGL-NGS-119741	no						PMC:PMC12445162
ARS-BFGL-NGS-119743	no						PMC:PMC12445162
ARS-BFGL-NGS-119772	no						PMC:PMC12445162
ARS-BFGL-NGS-119782	no						PMC:PMC12445162
ARS-BFGL-NGS-119799	no						PMC:PMC12445162
ARS-BFGL-NGS-119805	no						PMC:PMC12445162
ARS-BFGL-NGS-119817	no						PMC:PMC12445162
ARS-BFGL-NGS-119840	no						PMC:PMC12445162
ARS-BFGL-NGS-119847	no						PMC:PMC12445162
ARS-BFGL-NGS-119873	no						PMC:PMC12445162
ARS-BFGL-NGS-119875	no						PMC:PMC12445162
ARS-BFGL-NGS-119884	no						PMC:PMC12445162
ARS-BFGL-NGS-119891	no						PMC:PMC12445162
ARS-BFGL-NGS-119896	no						PMC:PMC12445162
ARS-BFGL-NGS-119910	no						PMC:PMC12445162
ARS-BFGL-NGS-119928	no						PMC:PMC12445162
ARS-BFGL-NGS-119941	no						PMC:PMC12445162
ARS-BFGL-NGS-119949	no						PMC:PMC12445162
ARS-BFGL-NGS-12006	no						PMC:PMC12445162
ARS-BFGL-NGS-1205	no						PMC:PMC12445162
ARS-BFGL-NGS-12066	no						PMC:PMC12445162
ARS-BFGL-NGS-12068	no						PMC:PMC12445162
ARS-BFGL-NGS-12085	no						PMC:PMC12445162
ARS-BFGL-NGS-12147	no						PMC:PMC12445162
ARS-BFGL-NGS-12159	no						PMC:PMC12445162
ARS-BFGL-NGS-12165	no						PMC:PMC12445162
ARS-BFGL-NGS-12204	no						PMC:PMC12445162
ARS-BFGL-NGS-12212	no						PMC:PMC12445162
ARS-BFGL-NGS-12222	no						PMC:PMC12445162
ARS-BFGL-NGS-12309	no						PMC:PMC12445162
ARS-BFGL-NGS-12339	no						PMC:PMC12445162
ARS-BFGL-NGS-12343	no						PMC:PMC12445162
ARS-BFGL-NGS-12344	no						PMC:PMC12445162
ARS-BFGL-NGS-12356	no						PMC:PMC12445162
ARS-BFGL-NGS-12375	no						PMC:PMC12445162
ARS-BFGL-NGS-12376	no						PMC:PMC12445162
ARS-BFGL-NGS-12381	no						PMC:PMC12445162
ARS-BFGL-NGS-12384	no						PMC:PMC12445162
ARS-BFGL-NGS-12385	no						PMC:PMC12445162
ARS-BFGL-NGS-12471	no						PMC:PMC12445162
ARS-BFGL-NGS-12473	no						PMC:PMC12445162
ARS-BFGL-NGS-12481	no						PMC:PMC12445162
ARS-BFGL-NGS-12487	no						PMC:PMC12445162
ARS-BFGL-NGS-12494	no						PMC:PMC12445162
ARS-BFGL-NGS-12511	no						PMC:PMC12445162
ARS-BFGL-NGS-12514	no						PMC:PMC12445162
ARS-BFGL-NGS-12528	no						PMC:PMC12445162
ARS-BFGL-NGS-12557	no						PMC:PMC12445162
ARS-BFGL-NGS-12583	no						PMC:PMC12445162
ARS-BFGL-NGS-12595	no						PMC:PMC12445162
ARS-BFGL-NGS-12610	no						PMC:PMC12445162
ARS-BFGL-NGS-12625	no						PMC:PMC12445162
ARS-BFGL-NGS-12655	no						PMC:PMC12445162
ARS-BFGL-NGS-12711	no						PMC:PMC12445162
ARS-BFGL-NGS-12715	no						PMC:PMC12445162
ARS-BFGL-NGS-12738	no						PMC:PMC12445162
ARS-BFGL-NGS-12759	no						PMC:PMC12445162
ARS-BFGL-NGS-12791	no						PMC:PMC12445162
ARS-BFGL-NGS-12828	no						PMC:PMC12445162
ARS-BFGL-NGS-12856	no						PMC:PMC12445162
ARS-BFGL-NGS-12865	no						PMC:PMC12445162
ARS-BFGL-NGS-12878	no						PMC:PMC12445162
ARS-BFGL-NGS-12886	no						PMC:PMC12445162
ARS-BFGL-NGS-1297	no						PMC:PMC12445162
ARS-BFGL-NGS-12970	no						PMC:PMC12445162
ARS-BFGL-NGS-12990	no						PMC:PMC12445162
ARS-BFGL-NGS-13000	no						PMC:PMC12445162
ARS-BFGL-NGS-13040	no						PMC:PMC12445162
ARS-BFGL-NGS-13061	no						PMC:PMC12445162
ARS-BFGL-NGS-13104	no						PMC:PMC12445162
ARS-BFGL-NGS-13131	no						PMC:PMC12445162
ARS-BFGL-NGS-13139	no						PMC:PMC12445162
ARS-BFGL-NGS-13209	no						PMC:PMC12445162
ARS-BFGL-NGS-1323	no						PMC:PMC12445162
ARS-BFGL-NGS-13248	no						PMC:PMC12445162
ARS-BFGL-NGS-13312	no						PMC:PMC12445162
ARS-BFGL-NGS-13313	no						PMC:PMC12445162
ARS-BFGL-NGS-1335	no						PMC:PMC12445162
ARS-BFGL-NGS-13350	no						PMC:PMC12445162
ARS-BFGL-NGS-13360	no						PMC:PMC12445162
ARS-BFGL-NGS-13369	no						PMC:PMC12445162
ARS-BFGL-NGS-13390	no						PMC:PMC12445162
ARS-BFGL-NGS-13398	no						PMC:PMC12445162
ARS-BFGL-NGS-13455	no						PMC:PMC12445162
ARS-BFGL-NGS-13472	no						PMC:PMC12445162
ARS-BFGL-NGS-13513	no						PMC:PMC12445162
ARS-BFGL-NGS-13519	no						PMC:PMC12445162
ARS-BFGL-NGS-13562	no						PMC:PMC12445162
ARS-BFGL-NGS-13573	no						PMC:PMC12445162
ARS-BFGL-NGS-13601	no						PMC:PMC12445162
ARS-BFGL-NGS-13628	no						PMC:PMC12445162
ARS-BFGL-NGS-1363	no						PMC:PMC12445162
ARS-BFGL-NGS-13683	no						PMC:PMC12445162
ARS-BFGL-NGS-13702	no						PMC:PMC12445162
ARS-BFGL-NGS-13737	no						PMC:PMC12445162
ARS-BFGL-NGS-13778	no						PMC:PMC12445162
ARS-BFGL-NGS-13788	no						PMC:PMC12445162
ARS-BFGL-NGS-13837	no						PMC:PMC12445162
ARS-BFGL-NGS-13878	no						PMC:PMC12445162
ARS-BFGL-NGS-13904	no						PMC:PMC12445162
ARS-BFGL-NGS-13916	no						PMC:PMC12445162
ARS-BFGL-NGS-13935	no						PMC:PMC12445162
ARS-BFGL-NGS-13949	no						PMC:PMC12445162
ARS-BFGL-NGS-13966	no						PMC:PMC12445162
ARS-BFGL-NGS-14035	no						PMC:PMC12445162
ARS-BFGL-NGS-14039	no						PMC:PMC12445162
ARS-BFGL-NGS-14059	no						PMC:PMC12445162
ARS-BFGL-NGS-14075	no						PMC:PMC12445162
ARS-BFGL-NGS-14141	no						PMC:PMC12445162
ARS-BFGL-NGS-14182	no						PMC:PMC12445162
ARS-BFGL-NGS-14187	no						PMC:PMC12445162
ARS-BFGL-NGS-14221	no						PMC:PMC12445162
ARS-BFGL-NGS-14224	no						PMC:PMC12445162
ARS-BFGL-NGS-14225	no						PMC:PMC12445162
ARS-BFGL-NGS-14249	no						PMC:PMC12445162
ARS-BFGL-NGS-14253	no						PMC:PMC12445162
ARS-BFGL-NGS-1426	no						PMC:PMC12445162
ARS-BFGL-NGS-14263	no						PMC:PMC12445162
ARS-BFGL-NGS-14271	no						PMC:PMC12445162
ARS-BFGL-NGS-14315	no						PMC:PMC12445162
ARS-BFGL-NGS-1433	no						PMC:PMC12445162
ARS-BFGL-NGS-14357	no						PMC:PMC12445162
ARS-BFGL-NGS-14376	no						PMC:PMC12445162
ARS-BFGL-NGS-14408	no						PMC:PMC12445162
ARS-BFGL-NGS-14419	no						PMC:PMC12445162
ARS-BFGL-NGS-14449	no						PMC:PMC12445162
ARS-BFGL-NGS-14460	no						PMC:PMC12445162
ARS-BFGL-NGS-14479	no						PMC:PMC12445162
ARS-BFGL-NGS-14500	no						PMC:PMC12445162
ARS-BFGL-NGS-14502	no						PMC:PMC12445162
ARS-BFGL-NGS-14514	no						PMC:PMC12445162
ARS-BFGL-NGS-14536	no						PMC:PMC12445162
ARS-BFGL-NGS-14555	no						PMC:PMC12445162
ARS-BFGL-NGS-14557	no						PMC:PMC12445162
ARS-BFGL-NGS-14567	no						PMC:PMC12445162
ARS-BFGL-NGS-1459	no						PMC:PMC12445162
ARS-BFGL-NGS-14593	no						PMC:PMC12445162
ARS-BFGL-NGS-14624	no						PMC:PMC12445162
ARS-BFGL-NGS-14632	no						PMC:PMC12445162
ARS-BFGL-NGS-14671	no						PMC:PMC12445162
ARS-BFGL-NGS-14688	no						PMC:PMC12445162
ARS-BFGL-NGS-14706	no						PMC:PMC12445162
ARS-BFGL-NGS-14740	no						PMC:PMC12445162
ARS-BFGL-NGS-14764	no						PMC:PMC12445162
ARS-BFGL-NGS-1481	no						PMC:PMC12445162
ARS-BFGL-NGS-14811	no						PMC:PMC12445162
ARS-BFGL-NGS-14815	no						PMC:PMC12445162
ARS-BFGL-NGS-14867	no						PMC:PMC12445162
ARS-BFGL-NGS-14960	no						PMC:PMC12445162
ARS-BFGL-NGS-14970	no						PMC:PMC12445162
ARS-BFGL-NGS-14996	no						PMC:PMC12445162
ARS-BFGL-NGS-15024	no						PMC:PMC12445162
ARS-BFGL-NGS-15033	no						PMC:PMC12445162
ARS-BFGL-NGS-1504	no						PMC:PMC12445162
ARS-BFGL-NGS-15066	no						PMC:PMC12445162
ARS-BFGL-NGS-15102	no						PMC:PMC12445162
ARS-BFGL-NGS-15108	no						PMC:PMC12445162
ARS-BFGL-NGS-15111	no						PMC:PMC12445162
ARS-BFGL-NGS-15142	no						PMC:PMC12445162
ARS-BFGL-NGS-15178	no						PMC:PMC12445162
ARS-BFGL-NGS-15250	no						PMC:PMC12445162
ARS-BFGL-NGS-15267	no						PMC:PMC12445162
ARS-BFGL-NGS-15334	no						PMC:PMC12445162
ARS-BFGL-NGS-15339	no						PMC:PMC12445162
ARS-BFGL-NGS-1534	no						PMC:PMC12445162
ARS-BFGL-NGS-15350	no						PMC:PMC12445162
ARS-BFGL-NGS-15395	no						PMC:PMC12445162
ARS-BFGL-NGS-15401	no						PMC:PMC12445162
ARS-BFGL-NGS-15402	no						PMC:PMC12445162
ARS-BFGL-NGS-15417	no						PMC:PMC12445162
ARS-BFGL-NGS-15456	no						PMC:PMC12445162
ARS-BFGL-NGS-15459	no						PMC:PMC12445162
ARS-BFGL-NGS-15460	no						PMC:PMC12445162
ARS-BFGL-NGS-15473	no						PMC:PMC12445162
ARS-BFGL-NGS-15506	no						PMC:PMC12445162
ARS-BFGL-NGS-15508	no						PMC:PMC12445162
ARS-BFGL-NGS-15569	no						PMC:PMC12445162
ARS-BFGL-NGS-15627	no						PMC:PMC12445162
ARS-BFGL-NGS-15664	no						PMC:PMC12445162
ARS-BFGL-NGS-15682	no						PMC:PMC12445162
ARS-BFGL-NGS-15700	no						PMC:PMC12445162
ARS-BFGL-NGS-15731	no						PMC:PMC12445162
ARS-BFGL-NGS-15767	no						PMC:PMC12445162
ARS-BFGL-NGS-15799	no						PMC:PMC12445162
ARS-BFGL-NGS-15813	no						PMC:PMC12445162
ARS-BFGL-NGS-15837	no						PMC:PMC12445162
ARS-BFGL-NGS-15887	no						PMC:PMC12445162
ARS-BFGL-NGS-15904	no						PMC:PMC12445162
ARS-BFGL-NGS-1591	no						PMC:PMC12445162
ARS-BFGL-NGS-15935	no						PMC:PMC12445162
ARS-BFGL-NGS-15960	no						PMC:PMC12445162
ARS-BFGL-NGS-16007	no						PMC:PMC12445162
ARS-BFGL-NGS-16008	no						PMC:PMC12445162
ARS-BFGL-NGS-16023	no						PMC:PMC12445162
ARS-BFGL-NGS-16030	no						PMC:PMC12445162
ARS-BFGL-NGS-16051	no						PMC:PMC12445162
ARS-BFGL-NGS-16052	no						PMC:PMC12445162
ARS-BFGL-NGS-16065	no						PMC:PMC12445162
ARS-BFGL-NGS-16087	no						PMC:PMC12445162
ARS-BFGL-NGS-16089	no						PMC:PMC12445162
ARS-BFGL-NGS-16109	no						PMC:PMC12445162
ARS-BFGL-NGS-16178	no						PMC:PMC12445162
ARS-BFGL-NGS-16204	no						PMC:PMC12445162
ARS-BFGL-NGS-16216	no						PMC:PMC12445162
ARS-BFGL-NGS-16249	no						PMC:PMC12445162
ARS-BFGL-NGS-16316	no						PMC:PMC12445162
ARS-BFGL-NGS-16336	no						PMC:PMC12445162
ARS-BFGL-NGS-1638	no						PMC:PMC12445162
ARS-BFGL-NGS-16424	no						PMC:PMC12445162
ARS-BFGL-NGS-16466	no						PMC:PMC12445162
ARS-BFGL-NGS-16472	no						PMC:PMC12445162
ARS-BFGL-NGS-16498	no						PMC:PMC12445162
ARS-BFGL-NGS-16502	no						PMC:PMC12445162
ARS-BFGL-NGS-16504	no						PMC:PMC12445162
ARS-BFGL-NGS-1655	no						PMC:PMC12445162
ARS-BFGL-NGS-16576	no						PMC:PMC12445162
ARS-BFGL-NGS-16595	no						PMC:PMC12445162
ARS-BFGL-NGS-16611	no						PMC:PMC12445162
ARS-BFGL-NGS-16621	no						PMC:PMC12445162
ARS-BFGL-NGS-16633	no						PMC:PMC12445162
ARS-BFGL-NGS-16635	no						PMC:PMC12445162
ARS-BFGL-NGS-16638	no						PMC:PMC12445162
ARS-BFGL-NGS-1667	no						PMC:PMC12445162
ARS-BFGL-NGS-16701	no						PMC:PMC12445162
ARS-BFGL-NGS-16738	no						PMC:PMC12445162
ARS-BFGL-NGS-16739	no						PMC:PMC12445162
ARS-BFGL-NGS-16753	no						PMC:PMC12445162
ARS-BFGL-NGS-16773	no						PMC:PMC12445162
ARS-BFGL-NGS-1678	no						PMC:PMC12445162
ARS-BFGL-NGS-16806	no						PMC:PMC12445162
ARS-BFGL-NGS-16812	no						PMC:PMC12445162
ARS-BFGL-NGS-16830	no						PMC:PMC12445162
ARS-BFGL-NGS-16904	no						PMC:PMC12445162
ARS-BFGL-NGS-16908	no						PMC:PMC12445162
ARS-BFGL-NGS-16913	no						PMC:PMC12445162
ARS-BFGL-NGS-16920	no						PMC:PMC12445162
ARS-BFGL-NGS-16925	no						PMC:PMC12445162
ARS-BFGL-NGS-16934	no						PMC:PMC12445162
ARS-BFGL-NGS-16939	no						PMC:PMC12445162
ARS-BFGL-NGS-16966	no						PMC:PMC12445162
ARS-BFGL-NGS-16967	no						PMC:PMC12445162
ARS-BFGL-NGS-16976	no						PMC:PMC12445162
ARS-BFGL-NGS-17005	no						PMC:PMC12445162
ARS-BFGL-NGS-17016	no						PMC:PMC12445162
ARS-BFGL-NGS-17043	no						PMC:PMC12445162
ARS-BFGL-NGS-17058	no						PMC:PMC12445162
ARS-BFGL-NGS-17077	no						PMC:PMC12445162
ARS-BFGL-NGS-17103	no						PMC:PMC12445162
ARS-BFGL-NGS-17125	no						PMC:PMC12445162
ARS-BFGL-NGS-17182	no						PMC:PMC12445162
ARS-BFGL-NGS-17218	no						PMC:PMC12445162
ARS-BFGL-NGS-17229	no						PMC:PMC12445162
ARS-BFGL-NGS-17239	no						PMC:PMC12445162
ARS-BFGL-NGS-17313	no						PMC:PMC12445162
ARS-BFGL-NGS-17321	no						PMC:PMC12445162
ARS-BFGL-NGS-17376	no						PMC:PMC12445162
ARS-BFGL-NGS-17392	no						PMC:PMC12445162
ARS-BFGL-NGS-17397	no						PMC:PMC12445162
ARS-BFGL-NGS-17511	no						PMC:PMC12445162
ARS-BFGL-NGS-17513	no						PMC:PMC12445162
ARS-BFGL-NGS-1752	no						PMC:PMC12445162
ARS-BFGL-NGS-17527	no						PMC:PMC12445162
ARS-BFGL-NGS-17549	no						PMC:PMC12445162
ARS-BFGL-NGS-17550	no						PMC:PMC12445162
ARS-BFGL-NGS-17554	no						PMC:PMC12445162
ARS-BFGL-NGS-17583	no						PMC:PMC12445162
ARS-BFGL-NGS-17586	no						PMC:PMC12445162
ARS-BFGL-NGS-17666	no						PMC:PMC12445162
ARS-BFGL-NGS-17668	no						PMC:PMC12445162
ARS-BFGL-NGS-17688	no						PMC:PMC12445162
ARS-BFGL-NGS-17690	no						PMC:PMC12445162
ARS-BFGL-NGS-17747	no						PMC:PMC12445162
ARS-BFGL-NGS-1781	no						PMC:PMC12445162
ARS-BFGL-NGS-17864	no						PMC:PMC12445162
ARS-BFGL-NGS-17881	no						PMC:PMC12445162
ARS-BFGL-NGS-17892	no						PMC:PMC12445162
ARS-BFGL-NGS-17925	no						PMC:PMC12445162
ARS-BFGL-NGS-17993	no						PMC:PMC12445162
ARS-BFGL-NGS-18008	no						PMC:PMC12445162
ARS-BFGL-NGS-18010	no						PMC:PMC12445162
ARS-BFGL-NGS-18019	no						PMC:PMC12445162
ARS-BFGL-NGS-18046	no						PMC:PMC12445162
ARS-BFGL-NGS-18068	no						PMC:PMC12445162
ARS-BFGL-NGS-18108	no						PMC:PMC12445162
ARS-BFGL-NGS-18122	no						PMC:PMC12445162
ARS-BFGL-NGS-18173	no						PMC:PMC12445162
ARS-BFGL-NGS-18228	no						PMC:PMC12445162
ARS-BFGL-NGS-18240	no						PMC:PMC12445162
ARS-BFGL-NGS-18265	no						PMC:PMC12445162
ARS-BFGL-NGS-18278	no						PMC:PMC12445162
ARS-BFGL-NGS-18294	no						PMC:PMC12445162
ARS-BFGL-NGS-18307	no						PMC:PMC12445162
ARS-BFGL-NGS-18320	no						PMC:PMC12445162
ARS-BFGL-NGS-18327	no						PMC:PMC12445162
ARS-BFGL-NGS-18329	no						PMC:PMC12445162
ARS-BFGL-NGS-18350	no						PMC:PMC12445162
ARS-BFGL-NGS-18402	no						PMC:PMC12445162
ARS-BFGL-NGS-18408	no						PMC:PMC12445162
ARS-BFGL-NGS-18439	no						PMC:PMC12445162
ARS-BFGL-NGS-18449	no						PMC:PMC12445162
ARS-BFGL-NGS-18462	no						PMC:PMC12445162
ARS-BFGL-NGS-1848	no						PMC:PMC12445162
ARS-BFGL-NGS-18525	no						PMC:PMC12445162
ARS-BFGL-NGS-18591	no						PMC:PMC12445162
ARS-BFGL-NGS-18608	no						PMC:PMC12445162
ARS-BFGL-NGS-18614	no						PMC:PMC12445162
ARS-BFGL-NGS-18615	no						PMC:PMC12445162
ARS-BFGL-NGS-18624	no						PMC:PMC12445162
ARS-BFGL-NGS-18629	no						PMC:PMC12445162
ARS-BFGL-NGS-18642	no						PMC:PMC12445162
ARS-BFGL-NGS-18653	no						PMC:PMC12445162
ARS-BFGL-NGS-18743	no						PMC:PMC12445162
ARS-BFGL-NGS-1875	no						PMC:PMC12445162
ARS-BFGL-NGS-18836	no						PMC:PMC12445162
ARS-BFGL-NGS-18856	no						PMC:PMC12445162
ARS-BFGL-NGS-18890	no						PMC:PMC12445162
ARS-BFGL-NGS-18896	no						PMC:PMC12445162
ARS-BFGL-NGS-18908	no						PMC:PMC12445162
ARS-BFGL-NGS-18933	no						PMC:PMC12445162
ARS-BFGL-NGS-1895	no						PMC:PMC12445162
ARS-BFGL-NGS-19022	no						PMC:PMC12445162
ARS-BFGL-NGS-19029	no						PMC:PMC12445162
ARS-BFGL-NGS-19036	no						PMC:PMC12445162
ARS-BFGL-NGS-19042	no						PMC:PMC12445162
ARS-BFGL-NGS-19050	no						PMC:PMC12445162
ARS-BFGL-NGS-19158	no						PMC:PMC12445162
ARS-BFGL-NGS-19211	no						PMC:PMC12445162
ARS-BFGL-NGS-19227	no						PMC:PMC12445162
ARS-BFGL-NGS-19413	no						PMC:PMC12445162
ARS-BFGL-NGS-19415	no						PMC:PMC12445162
ARS-BFGL-NGS-19431	no						PMC:PMC12445162
ARS-BFGL-NGS-19437	no						PMC:PMC12445162
ARS-BFGL-NGS-19455	no						PMC:PMC12445162
ARS-BFGL-NGS-19463	no						PMC:PMC12445162
ARS-BFGL-NGS-19467	no						PMC:PMC12445162
ARS-BFGL-NGS-19505	no						PMC:PMC12445162
ARS-BFGL-NGS-19509	no						PMC:PMC12445162
ARS-BFGL-NGS-19534	no						PMC:PMC12445162
ARS-BFGL-NGS-19610	no						PMC:PMC12445162
ARS-BFGL-NGS-19637	no						PMC:PMC12445162
ARS-BFGL-NGS-19663	no						PMC:PMC12445162
ARS-BFGL-NGS-19671	no						PMC:PMC12445162
ARS-BFGL-NGS-19706	no						PMC:PMC12445162
ARS-BFGL-NGS-1972	no						PMC:PMC12445162
ARS-BFGL-NGS-19741	no						PMC:PMC12445162
ARS-BFGL-NGS-19756	no						PMC:PMC12445162
ARS-BFGL-NGS-19813	no						PMC:PMC12445162
ARS-BFGL-NGS-19822	no						PMC:PMC12445162
ARS-BFGL-NGS-19919	no						PMC:PMC12445162
ARS-BFGL-NGS-200	no						PMC:PMC12445162
ARS-BFGL-NGS-20017	no						PMC:PMC12445162
ARS-BFGL-NGS-20061	no						PMC:PMC12445162
ARS-BFGL-NGS-20141	no						PMC:PMC12445162
ARS-BFGL-NGS-20167	no						PMC:PMC12445162
ARS-BFGL-NGS-20187	no						PMC:PMC12445162
ARS-BFGL-NGS-20276	no						PMC:PMC12445162
ARS-BFGL-NGS-20281	no						PMC:PMC12445162
ARS-BFGL-NGS-2036	no						PMC:PMC12445162
ARS-BFGL-NGS-20384	no						PMC:PMC12445162
ARS-BFGL-NGS-20403	no						PMC:PMC12445162
ARS-BFGL-NGS-20424	no						PMC:PMC12445162
ARS-BFGL-NGS-20519	no						PMC:PMC12445162
ARS-BFGL-NGS-20585	no						PMC:PMC12445162
ARS-BFGL-NGS-20636	no						PMC:PMC12445162
ARS-BFGL-NGS-20641	no						PMC:PMC12445162
ARS-BFGL-NGS-2069	no						PMC:PMC12445162
ARS-BFGL-NGS-20700	no						PMC:PMC12445162
ARS-BFGL-NGS-20734	no						PMC:PMC12445162
ARS-BFGL-NGS-20739	no						PMC:PMC12445162
ARS-BFGL-NGS-20771	no						PMC:PMC12445162
ARS-BFGL-NGS-20779	no						PMC:PMC12445162
ARS-BFGL-NGS-20828	no						PMC:PMC12445162
ARS-BFGL-NGS-20863	no						PMC:PMC12445162
ARS-BFGL-NGS-20874	no						PMC:PMC12445162
ARS-BFGL-NGS-20933	no						PMC:PMC12445162
ARS-BFGL-NGS-20949	no						PMC:PMC12445162
ARS-BFGL-NGS-20969	no						PMC:PMC12445162
ARS-BFGL-NGS-20976	no						PMC:PMC12445162
ARS-BFGL-NGS-21021	no						PMC:PMC12445162
ARS-BFGL-NGS-21038	no						PMC:PMC12445162
ARS-BFGL-NGS-21043	no						PMC:PMC12445162
ARS-BFGL-NGS-21065	no						PMC:PMC12445162
ARS-BFGL-NGS-21149	no						PMC:PMC12445162
ARS-BFGL-NGS-21218	no						PMC:PMC12445162
ARS-BFGL-NGS-21227	no						PMC:PMC12445162
ARS-BFGL-NGS-21278	no						PMC:PMC12445162
ARS-BFGL-NGS-2129	no						PMC:PMC12445162
ARS-BFGL-NGS-21306	no						PMC:PMC12445162
ARS-BFGL-NGS-21352	no						PMC:PMC12445162
ARS-BFGL-NGS-21354	no						PMC:PMC12445162
ARS-BFGL-NGS-21385	no						PMC:PMC12445162
ARS-BFGL-NGS-21400	no						PMC:PMC12445162
ARS-BFGL-NGS-2141	no						PMC:PMC12445162
ARS-BFGL-NGS-21417	no						PMC:PMC12445162
ARS-BFGL-NGS-21472	no						PMC:PMC12445162
ARS-BFGL-NGS-21515	no						PMC:PMC12445162
ARS-BFGL-NGS-21527	no						PMC:PMC12445162
ARS-BFGL-NGS-21533	no						PMC:PMC12445162
ARS-BFGL-NGS-21538	no						PMC:PMC12445162
ARS-BFGL-NGS-21563	no						PMC:PMC12445162
ARS-BFGL-NGS-21592	no						PMC:PMC12445162
ARS-BFGL-NGS-21650	no						PMC:PMC12445162
ARS-BFGL-NGS-21685	no						PMC:PMC12445162
ARS-BFGL-NGS-21711	no						PMC:PMC12445162
ARS-BFGL-NGS-21717	no						PMC:PMC12445162
ARS-BFGL-NGS-21734	no						PMC:PMC12445162
ARS-BFGL-NGS-21779	no						PMC:PMC12445162
ARS-BFGL-NGS-21791	no						PMC:PMC12445162
ARS-BFGL-NGS-2180	no						PMC:PMC12445162
ARS-BFGL-NGS-21804	no						PMC:PMC12445162
ARS-BFGL-NGS-21819	no						PMC:PMC12445162
ARS-BFGL-NGS-21847	no						PMC:PMC12445162
ARS-BFGL-NGS-21848	no						PMC:PMC12445162
ARS-BFGL-NGS-21859	no						PMC:PMC12445162
ARS-BFGL-NGS-21874	no						PMC:PMC12445162
ARS-BFGL-NGS-21904	no						PMC:PMC12445162
ARS-BFGL-NGS-21988	no						PMC:PMC12445162
ARS-BFGL-NGS-2199	no						PMC:PMC12445162
ARS-BFGL-NGS-22009	no						PMC:PMC12445162
ARS-BFGL-NGS-22015	no						PMC:PMC12445162
ARS-BFGL-NGS-22019	no						PMC:PMC12445162
ARS-BFGL-NGS-22044	no						PMC:PMC12445162
ARS-BFGL-NGS-22052	no						PMC:PMC12445162
ARS-BFGL-NGS-22058	no						PMC:PMC12445162
ARS-BFGL-NGS-22069	no						PMC:PMC12445162
ARS-BFGL-NGS-22092	no						PMC:PMC12445162
ARS-BFGL-NGS-22097	no						PMC:PMC12445162
ARS-BFGL-NGS-22109	no						PMC:PMC12445162
ARS-BFGL-NGS-22113	no						PMC:PMC12445162
ARS-BFGL-NGS-22118	no						PMC:PMC12445162
ARS-BFGL-NGS-22122	no						PMC:PMC12445162
ARS-BFGL-NGS-22126	no						PMC:PMC12445162
ARS-BFGL-NGS-2215	no						PMC:PMC12445162
ARS-BFGL-NGS-22162	no						PMC:PMC12445162
ARS-BFGL-NGS-22169	no						PMC:PMC12445162
ARS-BFGL-NGS-22276	no						PMC:PMC12445162
ARS-BFGL-NGS-22280	no						PMC:PMC12445162
ARS-BFGL-NGS-223	no						PMC:PMC12445162
ARS-BFGL-NGS-22302	no						PMC:PMC12445162
ARS-BFGL-NGS-22354	no						PMC:PMC12445162
ARS-BFGL-NGS-22488	no						PMC:PMC12445162
ARS-BFGL-NGS-22537	no						PMC:PMC12445162
ARS-BFGL-NGS-22624	no						PMC:PMC12445162
ARS-BFGL-NGS-22647	no						PMC:PMC12445162
ARS-BFGL-NGS-22685	no						PMC:PMC12445162
ARS-BFGL-NGS-22690	no						PMC:PMC12445162
ARS-BFGL-NGS-22717	no						PMC:PMC12445162
ARS-BFGL-NGS-22727	no						PMC:PMC12445162
ARS-BFGL-NGS-22796	no						PMC:PMC12445162
ARS-BFGL-NGS-2282	no						PMC:PMC12445162
ARS-BFGL-NGS-22831	no						PMC:PMC12445162
ARS-BFGL-NGS-22837	no						PMC:PMC12445162
ARS-BFGL-NGS-22838	no						PMC:PMC12445162
ARS-BFGL-NGS-22845	no						PMC:PMC12445162
ARS-BFGL-NGS-22860	no						PMC:PMC12445162
ARS-BFGL-NGS-22866	no						PMC:PMC12445162
ARS-BFGL-NGS-22883	no						PMC:PMC12445162
ARS-BFGL-NGS-22914	no						PMC:PMC12445162
ARS-BFGL-NGS-22915	no						PMC:PMC12445162
ARS-BFGL-NGS-22924	no						PMC:PMC12445162
ARS-BFGL-NGS-22940	no						PMC:PMC12445162
ARS-BFGL-NGS-22956	no						PMC:PMC12445162
ARS-BFGL-NGS-23112	no						PMC:PMC12445162
ARS-BFGL-NGS-23161	no						PMC:PMC12445162
ARS-BFGL-NGS-23162	no						PMC:PMC12445162
ARS-BFGL-NGS-23211	no						PMC:PMC12445162
ARS-BFGL-NGS-23231	no						PMC:PMC12445162
ARS-BFGL-NGS-23240	no						PMC:PMC12445162
ARS-BFGL-NGS-23251	no						PMC:PMC12445162
ARS-BFGL-NGS-23259	no						PMC:PMC12445162
ARS-BFGL-NGS-23266	no						PMC:PMC12445162
ARS-BFGL-NGS-23279	no						PMC:PMC12445162
ARS-BFGL-NGS-23308	no						PMC:PMC12445162
ARS-BFGL-NGS-23358	no						PMC:PMC12445162
ARS-BFGL-NGS-23375	no						PMC:PMC12445162
ARS-BFGL-NGS-23411	no						PMC:PMC12445162
ARS-BFGL-NGS-23414	no						PMC:PMC12445162
ARS-BFGL-NGS-23431	no						PMC:PMC12445162
ARS-BFGL-NGS-23432	no						PMC:PMC12445162
ARS-BFGL-NGS-23450	no						PMC:PMC12445162
ARS-BFGL-NGS-23455	no						PMC:PMC12445162
ARS-BFGL-NGS-23493	no						PMC:PMC12445162
ARS-BFGL-NGS-23616	no						PMC:PMC12445162
ARS-BFGL-NGS-23665	no						PMC:PMC12445162
ARS-BFGL-NGS-23681	no						PMC:PMC12445162
ARS-BFGL-NGS-23711	no						PMC:PMC12445162
ARS-BFGL-NGS-23717	no						PMC:PMC12445162
ARS-BFGL-NGS-23720	no						PMC:PMC12445162
ARS-BFGL-NGS-23724	no						PMC:PMC12445162
ARS-BFGL-NGS-23787	no						PMC:PMC12445162
ARS-BFGL-NGS-23813	no						PMC:PMC12445162
ARS-BFGL-NGS-2382	no						PMC:PMC12445162
ARS-BFGL-NGS-23821	no						PMC:PMC12445162
ARS-BFGL-NGS-23857	no						PMC:PMC12445162
ARS-BFGL-NGS-23895	no						PMC:PMC12445162
ARS-BFGL-NGS-239	no						PMC:PMC12445162
ARS-BFGL-NGS-23924	no						PMC:PMC12445162
ARS-BFGL-NGS-23933	no						PMC:PMC12445162
ARS-BFGL-NGS-23940	no						PMC:PMC12445162
ARS-BFGL-NGS-23961	no						PMC:PMC12445162
ARS-BFGL-NGS-24002	no						PMC:PMC12445162
ARS-BFGL-NGS-24004	no						PMC:PMC12445162
ARS-BFGL-NGS-24012	no						PMC:PMC12445162
ARS-BFGL-NGS-24127	no						PMC:PMC12445162
ARS-BFGL-NGS-24133	no						PMC:PMC12445162
ARS-BFGL-NGS-24167	no						PMC:PMC12445162
ARS-BFGL-NGS-24205	no						PMC:PMC12445162
ARS-BFGL-NGS-24214	no						PMC:PMC12445162
ARS-BFGL-NGS-24236	no						PMC:PMC12445162
ARS-BFGL-NGS-24280	no						PMC:PMC12445162
ARS-BFGL-NGS-24311	no						PMC:PMC12445162
ARS-BFGL-NGS-24329	no						PMC:PMC12445162
ARS-BFGL-NGS-24357	no						PMC:PMC12445162
ARS-BFGL-NGS-24364	no						PMC:PMC12445162
ARS-BFGL-NGS-24392	no						PMC:PMC12445162
ARS-BFGL-NGS-2441	no						PMC:PMC12445162
ARS-BFGL-NGS-24419	no						PMC:PMC12445162
ARS-BFGL-NGS-24429	no						PMC:PMC12445162
ARS-BFGL-NGS-24452	no						PMC:PMC12445162
ARS-BFGL-NGS-24521	no						PMC:PMC12445162
ARS-BFGL-NGS-24524	no						PMC:PMC12445162
ARS-BFGL-NGS-24548	no						PMC:PMC12445162
ARS-BFGL-NGS-24552	no						PMC:PMC12445162
ARS-BFGL-NGS-24591	no						PMC:PMC12445162
ARS-BFGL-NGS-24603	no						PMC:PMC12445162
ARS-BFGL-NGS-2463	no						PMC:PMC12445162
ARS-BFGL-NGS-24632	no						PMC:PMC12445162
ARS-BFGL-NGS-24636	no						PMC:PMC12445162
ARS-BFGL-NGS-2464	no						PMC:PMC12445162
ARS-BFGL-NGS-24658	no						PMC:PMC12445162
ARS-BFGL-NGS-24670	no						PMC:PMC12445162
ARS-BFGL-NGS-24733	no						PMC:PMC12445162
ARS-BFGL-NGS-24765	no						PMC:PMC12445162
ARS-BFGL-NGS-24772	no						PMC:PMC12445162
ARS-BFGL-NGS-24805	no						PMC:PMC12445162
ARS-BFGL-NGS-250	no						PMC:PMC12445162
ARS-BFGL-NGS-25024	no						PMC:PMC12445162
ARS-BFGL-NGS-25027	no						PMC:PMC12445162
ARS-BFGL-NGS-25064	no						PMC:PMC12445162
ARS-BFGL-NGS-25104	no						PMC:PMC12445162
ARS-BFGL-NGS-25107	no						PMC:PMC12445162
ARS-BFGL-NGS-25133	no						PMC:PMC12445162
ARS-BFGL-NGS-25195	no						PMC:PMC12445162
ARS-BFGL-NGS-25214	no						PMC:PMC12445162
ARS-BFGL-NGS-25220	no						PMC:PMC12445162
ARS-BFGL-NGS-25246	no						PMC:PMC12445162
ARS-BFGL-NGS-25259	no						PMC:PMC12445162
ARS-BFGL-NGS-25277	no						PMC:PMC12445162
ARS-BFGL-NGS-2531	no						PMC:PMC12445162
ARS-BFGL-NGS-25314	no						PMC:PMC12445162
ARS-BFGL-NGS-25324	no						PMC:PMC12445162
ARS-BFGL-NGS-25329	no						PMC:PMC12445162
ARS-BFGL-NGS-25349	no						PMC:PMC12445162
ARS-BFGL-NGS-25352	no						PMC:PMC12445162
ARS-BFGL-NGS-25392	no						PMC:PMC12445162
ARS-BFGL-NGS-2540	no						PMC:PMC12445162
ARS-BFGL-NGS-25406	no						PMC:PMC12445162
ARS-BFGL-NGS-25459	no						PMC:PMC12445162
ARS-BFGL-NGS-25464	no						PMC:PMC12445162
ARS-BFGL-NGS-25489	no						PMC:PMC12445162
ARS-BFGL-NGS-255	no						PMC:PMC12445162
ARS-BFGL-NGS-25578	no						PMC:PMC12445162
ARS-BFGL-NGS-25639	no						PMC:PMC12445162
ARS-BFGL-NGS-25646	no						PMC:PMC12445162
ARS-BFGL-NGS-25648	no						PMC:PMC12445162
ARS-BFGL-NGS-2567	no						PMC:PMC12445162
ARS-BFGL-NGS-25698	no						PMC:PMC12445162
ARS-BFGL-NGS-25723	no						PMC:PMC12445162
ARS-BFGL-NGS-25774	no						PMC:PMC12445162
ARS-BFGL-NGS-25825	no						PMC:PMC12445162
ARS-BFGL-NGS-25853	no						PMC:PMC12445162
ARS-BFGL-NGS-25854	no						PMC:PMC12445162
ARS-BFGL-NGS-25873	no						PMC:PMC12445162
ARS-BFGL-NGS-2592	no						PMC:PMC12445162
ARS-BFGL-NGS-25939	no						PMC:PMC12445162
ARS-BFGL-NGS-25959	no						PMC:PMC12445162
ARS-BFGL-NGS-25982	no						PMC:PMC12445162
ARS-BFGL-NGS-25998	no						PMC:PMC12445162
ARS-BFGL-NGS-26011	no						PMC:PMC12445162
ARS-BFGL-NGS-26013	no						PMC:PMC12445162
ARS-BFGL-NGS-26022	no						PMC:PMC12445162
ARS-BFGL-NGS-26034	no						PMC:PMC12445162
ARS-BFGL-NGS-26037	no						PMC:PMC12445162
ARS-BFGL-NGS-26049	no						PMC:PMC12445162
ARS-BFGL-NGS-26056	no						PMC:PMC12445162
ARS-BFGL-NGS-26081	no						PMC:PMC12445162
ARS-BFGL-NGS-26090	no						PMC:PMC12445162
ARS-BFGL-NGS-26101	no						PMC:PMC12445162
ARS-BFGL-NGS-26139	no						PMC:PMC12445162
ARS-BFGL-NGS-26163	no						PMC:PMC12445162
ARS-BFGL-NGS-26253	no						PMC:PMC12445162
ARS-BFGL-NGS-26259	no						PMC:PMC12445162
ARS-BFGL-NGS-26308	no						PMC:PMC12445162
ARS-BFGL-NGS-26313	no						PMC:PMC12445162
ARS-BFGL-NGS-26327	no						PMC:PMC12445162
ARS-BFGL-NGS-26381	no						PMC:PMC12445162
ARS-BFGL-NGS-26399	no						PMC:PMC12445162
ARS-BFGL-NGS-26405	no						PMC:PMC12445162
ARS-BFGL-NGS-2644	no						PMC:PMC12445162
ARS-BFGL-NGS-26451	no						PMC:PMC12445162
ARS-BFGL-NGS-26455	no						PMC:PMC12445162
ARS-BFGL-NGS-26456	no						PMC:PMC12445162
ARS-BFGL-NGS-26517	no						PMC:PMC12445162
ARS-BFGL-NGS-26520	no						PMC:PMC12445162
ARS-BFGL-NGS-26535	no						PMC:PMC12445162
ARS-BFGL-NGS-26557	no						PMC:PMC12445162
ARS-BFGL-NGS-2658	no						PMC:PMC12445162
ARS-BFGL-NGS-26618	no						PMC:PMC12445162
ARS-BFGL-NGS-26662	no						PMC:PMC12445162
ARS-BFGL-NGS-26667	no						PMC:PMC12445162
ARS-BFGL-NGS-26681	no						PMC:PMC12445162
ARS-BFGL-NGS-26704	no						PMC:PMC12445162
ARS-BFGL-NGS-26708	no						PMC:PMC12445162
ARS-BFGL-NGS-26726	no						PMC:PMC12445162
ARS-BFGL-NGS-26768	no						PMC:PMC12445162
ARS-BFGL-NGS-2677	no						PMC:PMC12445162
ARS-BFGL-NGS-2680	no						PMC:PMC12445162
ARS-BFGL-NGS-26808	no						PMC:PMC12445162
ARS-BFGL-NGS-2684	no						PMC:PMC12445162
ARS-BFGL-NGS-26860	no						PMC:PMC12445162
ARS-BFGL-NGS-26893	no						PMC:PMC12445162
ARS-BFGL-NGS-26897	no						PMC:PMC12445162
ARS-BFGL-NGS-26906	no						PMC:PMC12445162
ARS-BFGL-NGS-26917	no						PMC:PMC12445162
ARS-BFGL-NGS-26968	no						PMC:PMC12445162
ARS-BFGL-NGS-26971	no						PMC:PMC12445162
ARS-BFGL-NGS-26976	no						PMC:PMC12445162
ARS-BFGL-NGS-26996	no						PMC:PMC12445162
ARS-BFGL-NGS-27033	no						PMC:PMC12445162
ARS-BFGL-NGS-27061	no						PMC:PMC12445162
ARS-BFGL-NGS-27063	no						PMC:PMC12445162
ARS-BFGL-NGS-27066	no						PMC:PMC12445162
ARS-BFGL-NGS-2707	no						PMC:PMC12445162
ARS-BFGL-NGS-27095	no						PMC:PMC12445162
ARS-BFGL-NGS-27118	no						PMC:PMC12445162
ARS-BFGL-NGS-27139	no						PMC:PMC12445162
ARS-BFGL-NGS-27172	no						PMC:PMC12445162
ARS-BFGL-NGS-27183	no						PMC:PMC12445162
ARS-BFGL-NGS-2725	no						PMC:PMC12445162
ARS-BFGL-NGS-27258	no						PMC:PMC12445162
ARS-BFGL-NGS-27262	no						PMC:PMC12445162
ARS-BFGL-NGS-2728	no						PMC:PMC12445162
ARS-BFGL-NGS-27282	no						PMC:PMC12445162
ARS-BFGL-NGS-27303	no						PMC:PMC12445162
ARS-BFGL-NGS-27311	no						PMC:PMC12445162
ARS-BFGL-NGS-27324	no						PMC:PMC12445162
ARS-BFGL-NGS-27414	no						PMC:PMC12445162
ARS-BFGL-NGS-27427	no						PMC:PMC12445162
ARS-BFGL-NGS-27451	no						PMC:PMC12445162
ARS-BFGL-NGS-27514	no						PMC:PMC12445162
ARS-BFGL-NGS-27516	no						PMC:PMC12445162
ARS-BFGL-NGS-27536	no						PMC:PMC12445162
ARS-BFGL-NGS-27554	no						PMC:PMC12445162
ARS-BFGL-NGS-27560	no						PMC:PMC12445162
ARS-BFGL-NGS-27577	no						PMC:PMC12445162
ARS-BFGL-NGS-27596	no						PMC:PMC12445162
ARS-BFGL-NGS-2762	no						PMC:PMC12445162
ARS-BFGL-NGS-27626	no						PMC:PMC12445162
ARS-BFGL-NGS-27635	no						PMC:PMC12445162
ARS-BFGL-NGS-27636	no						PMC:PMC12445162
ARS-BFGL-NGS-27655	no						PMC:PMC12445162
ARS-BFGL-NGS-27660	no						PMC:PMC12445162
ARS-BFGL-NGS-27676	no						PMC:PMC12445162
ARS-BFGL-NGS-2769	no						PMC:PMC12445162
ARS-BFGL-NGS-27703	no						PMC:PMC12445162
ARS-BFGL-NGS-27731	no						PMC:PMC12445162
ARS-BFGL-NGS-27817	no						PMC:PMC12445162
ARS-BFGL-NGS-27841	no						PMC:PMC12445162
ARS-BFGL-NGS-27865	no						PMC:PMC12445162
ARS-BFGL-NGS-279	no						PMC:PMC12445162
ARS-BFGL-NGS-27929	no						PMC:PMC12445162
ARS-BFGL-NGS-27948	no						PMC:PMC12445162
ARS-BFGL-NGS-2796	no						PMC:PMC12445162
ARS-BFGL-NGS-28021	no						PMC:PMC12445162
ARS-BFGL-NGS-28070	no						PMC:PMC12445162
ARS-BFGL-NGS-28104	no						PMC:PMC12445162
ARS-BFGL-NGS-28126	no						PMC:PMC12445162
ARS-BFGL-NGS-28141	no						PMC:PMC12445162
ARS-BFGL-NGS-28167	no						PMC:PMC12445162
ARS-BFGL-NGS-28179	no						PMC:PMC12445162
ARS-BFGL-NGS-28183	no						PMC:PMC12445162
ARS-BFGL-NGS-28191	no						PMC:PMC12445162
ARS-BFGL-NGS-28197	no						PMC:PMC12445162
ARS-BFGL-NGS-28202	no						PMC:PMC12445162
ARS-BFGL-NGS-28217	no						PMC:PMC12445162
ARS-BFGL-NGS-28234	no						PMC:PMC12445162
ARS-BFGL-NGS-28236	no						PMC:PMC12445162
ARS-BFGL-NGS-28247	no						PMC:PMC12445162
ARS-BFGL-NGS-28261	no						PMC:PMC12445162
ARS-BFGL-NGS-28303	no						PMC:PMC12445162
ARS-BFGL-NGS-28348	no						PMC:PMC12445162
ARS-BFGL-NGS-28385	no						PMC:PMC12445162
ARS-BFGL-NGS-28406	no						PMC:PMC12445162
ARS-BFGL-NGS-28432	no						PMC:PMC12445162
ARS-BFGL-NGS-2850	no						PMC:PMC12445162
ARS-BFGL-NGS-28504	no						PMC:PMC12445162
ARS-BFGL-NGS-28573	no						PMC:PMC12445162
ARS-BFGL-NGS-28608	no						PMC:PMC12445162
ARS-BFGL-NGS-28681	no						PMC:PMC12445162
ARS-BFGL-NGS-28776	no						PMC:PMC12445162
ARS-BFGL-NGS-28785	no						PMC:PMC12445162
ARS-BFGL-NGS-28818	no						PMC:PMC12445162
ARS-BFGL-NGS-28825	no						PMC:PMC12445162
ARS-BFGL-NGS-28838	no						PMC:PMC12445162
ARS-BFGL-NGS-28857	no						PMC:PMC12445162
ARS-BFGL-NGS-28894	no						PMC:PMC12445162
ARS-BFGL-NGS-28901	no						PMC:PMC12445162
ARS-BFGL-NGS-28921	no						PMC:PMC12445162
ARS-BFGL-NGS-28939	no						PMC:PMC12445162
ARS-BFGL-NGS-28970	no						PMC:PMC12445162
ARS-BFGL-NGS-29020	no						PMC:PMC12445162
ARS-BFGL-NGS-29072	no						PMC:PMC12445162
ARS-BFGL-NGS-29090	no						PMC:PMC12445162
ARS-BFGL-NGS-29118	no						PMC:PMC12445162
ARS-BFGL-NGS-29136	no						PMC:PMC12445162
ARS-BFGL-NGS-29144	no						PMC:PMC12445162
ARS-BFGL-NGS-29145	no						PMC:PMC12445162
ARS-BFGL-NGS-29169	no						PMC:PMC12445162
ARS-BFGL-NGS-29191	no						PMC:PMC12445162
ARS-BFGL-NGS-29194	no						PMC:PMC12445162
ARS-BFGL-NGS-29228	no						PMC:PMC12445162
ARS-BFGL-NGS-29240	no						PMC:PMC12445162
ARS-BFGL-NGS-29250	no						PMC:PMC12445162
ARS-BFGL-NGS-29290	no						PMC:PMC12445162
ARS-BFGL-NGS-29298	no						PMC:PMC12445162
ARS-BFGL-NGS-29299	no						PMC:PMC12445162
ARS-BFGL-NGS-29314	no						PMC:PMC12445162
ARS-BFGL-NGS-29335	no						PMC:PMC12445162
ARS-BFGL-NGS-29353	no						PMC:PMC12445162
ARS-BFGL-NGS-2936	no						PMC:PMC12445162
ARS-BFGL-NGS-29380	no						PMC:PMC12445162
ARS-BFGL-NGS-29384	no						PMC:PMC12445162
ARS-BFGL-NGS-2939	no						PMC:PMC12445162
ARS-BFGL-NGS-29401	no						PMC:PMC12445162
ARS-BFGL-NGS-29420	no						PMC:PMC12445162
ARS-BFGL-NGS-29433	no						PMC:PMC12445162
ARS-BFGL-NGS-29458	no						PMC:PMC12445162
ARS-BFGL-NGS-29474	no						PMC:PMC12445162
ARS-BFGL-NGS-29475	no						PMC:PMC12445162
ARS-BFGL-NGS-2950	no						PMC:PMC12445162
ARS-BFGL-NGS-29519	no						PMC:PMC12445162
ARS-BFGL-NGS-29523	no						PMC:PMC12445162
ARS-BFGL-NGS-29536	no						PMC:PMC12445162
ARS-BFGL-NGS-29595	no						PMC:PMC12445162
ARS-BFGL-NGS-29620	no						PMC:PMC12445162
ARS-BFGL-NGS-29647	no						PMC:PMC12445162
ARS-BFGL-NGS-29652	no						PMC:PMC12445162
ARS-BFGL-NGS-29653	no						PMC:PMC12445162
ARS-BFGL-NGS-29682	no						PMC:PMC12445162
ARS-BFGL-NGS-29703	no						PMC:PMC12445162
ARS-BFGL-NGS-29732	no						PMC:PMC12445162
ARS-BFGL-NGS-29738	no						PMC:PMC12445162
ARS-BFGL-NGS-29759	no						PMC:PMC12445162
ARS-BFGL-NGS-29791	no						PMC:PMC12445162
ARS-BFGL-NGS-29866	no						PMC:PMC12445162
ARS-BFGL-NGS-29876	no						PMC:PMC12445162
ARS-BFGL-NGS-2988	no						PMC:PMC12445162
ARS-BFGL-NGS-29881	no						PMC:PMC12445162
ARS-BFGL-NGS-29923	no						PMC:PMC12445162
ARS-BFGL-NGS-29965	no						PMC:PMC12445162
ARS-BFGL-NGS-29991	no						PMC:PMC12445162
ARS-BFGL-NGS-29995	no						PMC:PMC12445162
ARS-BFGL-NGS-29997	no						PMC:PMC12445162
ARS-BFGL-NGS-30006	no						PMC:PMC12445162
ARS-BFGL-NGS-30058	no						PMC:PMC12445162
ARS-BFGL-NGS-30059	no						PMC:PMC12445162
ARS-BFGL-NGS-30064	no						PMC:PMC12445162
ARS-BFGL-NGS-30110	no						PMC:PMC12445162
ARS-BFGL-NGS-30170	no						PMC:PMC12445162
ARS-BFGL-NGS-30199	no						PMC:PMC12445162
ARS-BFGL-NGS-30207	no						PMC:PMC12445162
ARS-BFGL-NGS-30225	no						PMC:PMC12445162
ARS-BFGL-NGS-3026	no						PMC:PMC12445162
ARS-BFGL-NGS-30334	no						PMC:PMC12445162
ARS-BFGL-NGS-30351	no						PMC:PMC12445162
ARS-BFGL-NGS-30368	no						PMC:PMC12445162
ARS-BFGL-NGS-30392	no						PMC:PMC12445162
ARS-BFGL-NGS-30417	no						PMC:PMC12445162
ARS-BFGL-NGS-3043	no						PMC:PMC12445162
ARS-BFGL-NGS-30439	no						PMC:PMC12445162
ARS-BFGL-NGS-30451	no						PMC:PMC12445162
ARS-BFGL-NGS-30453	no						PMC:PMC12445162
ARS-BFGL-NGS-30468	no						PMC:PMC12445162
ARS-BFGL-NGS-30559	no						PMC:PMC12445162
ARS-BFGL-NGS-30562	no						PMC:PMC12445162
ARS-BFGL-NGS-30619	no						PMC:PMC12445162
ARS-BFGL-NGS-30621	no						PMC:PMC12445162
ARS-BFGL-NGS-30677	no						PMC:PMC12445162
ARS-BFGL-NGS-3069	no						PMC:PMC12445162
ARS-BFGL-NGS-30728	no						PMC:PMC12445162
ARS-BFGL-NGS-30741	no						PMC:PMC12445162
ARS-BFGL-NGS-30774	no						PMC:PMC12445162
ARS-BFGL-NGS-30809	no						PMC:PMC12445162
ARS-BFGL-NGS-30815	no						PMC:PMC12445162
ARS-BFGL-NGS-30905	no						PMC:PMC12445162
ARS-BFGL-NGS-30917	no						PMC:PMC12445162
ARS-BFGL-NGS-30948	no						PMC:PMC12445162
ARS-BFGL-NGS-30953	no						PMC:PMC12445162
ARS-BFGL-NGS-30962	no						PMC:PMC12445162
ARS-BFGL-NGS-30992	no						PMC:PMC12445162
ARS-BFGL-NGS-30999	no						PMC:PMC12445162
ARS-BFGL-NGS-31031	no						PMC:PMC12445162
ARS-BFGL-NGS-31043	no						PMC:PMC12445162
ARS-BFGL-NGS-3109	no						PMC:PMC12445162
ARS-BFGL-NGS-31092	no						PMC:PMC12445162
ARS-BFGL-NGS-31104	no						PMC:PMC12445162
ARS-BFGL-NGS-31114	no						PMC:PMC12445162
ARS-BFGL-NGS-31147	no						PMC:PMC12445162
ARS-BFGL-NGS-31148	no						PMC:PMC12445162
ARS-BFGL-NGS-31205	no						PMC:PMC12445162
ARS-BFGL-NGS-31217	no						PMC:PMC12445162
ARS-BFGL-NGS-31234	no						PMC:PMC12445162
ARS-BFGL-NGS-31267	no						PMC:PMC12445162
ARS-BFGL-NGS-31294	no						PMC:PMC12445162
ARS-BFGL-NGS-31313	no						PMC:PMC12445162
ARS-BFGL-NGS-31319	no						PMC:PMC12445162
ARS-BFGL-NGS-31326	no						PMC:PMC12445162
ARS-BFGL-NGS-31328	no						PMC:PMC12445162
ARS-BFGL-NGS-31349	no						PMC:PMC12445162
ARS-BFGL-NGS-31386	no						PMC:PMC12445162
ARS-BFGL-NGS-31396	no						PMC:PMC12445162
ARS-BFGL-NGS-31399	no						PMC:PMC12445162
ARS-BFGL-NGS-31481	no						PMC:PMC12445162
ARS-BFGL-NGS-31507	no						PMC:PMC12445162
ARS-BFGL-NGS-31529	no						PMC:PMC12445162
ARS-BFGL-NGS-31553	no						PMC:PMC12445162
ARS-BFGL-NGS-31560	no						PMC:PMC12445162
ARS-BFGL-NGS-31561	no						PMC:PMC12445162
ARS-BFGL-NGS-31568	no						PMC:PMC12445162
ARS-BFGL-NGS-31584	no						PMC:PMC12445162
ARS-BFGL-NGS-31598	no						PMC:PMC12445162
ARS-BFGL-NGS-31607	no						PMC:PMC12445162
ARS-BFGL-NGS-31629	no						PMC:PMC12445162
ARS-BFGL-NGS-31640	no						PMC:PMC12445162
ARS-BFGL-NGS-31641	no						PMC:PMC12445162
ARS-BFGL-NGS-31650	no						PMC:PMC12445162
ARS-BFGL-NGS-31656	no						PMC:PMC12445162
ARS-BFGL-NGS-31686	no						PMC:PMC12445162
ARS-BFGL-NGS-31703	no						PMC:PMC12445162
ARS-BFGL-NGS-31804	no						PMC:PMC12445162
ARS-BFGL-NGS-31807	no						PMC:PMC12445162
ARS-BFGL-NGS-31811	no						PMC:PMC12445162
ARS-BFGL-NGS-31848	no						PMC:PMC12445162
ARS-BFGL-NGS-31906	no						PMC:PMC12445162
ARS-BFGL-NGS-31909	no						PMC:PMC12445162
ARS-BFGL-NGS-31953	no						PMC:PMC12445162
ARS-BFGL-NGS-31956	no						PMC:PMC12445162
ARS-BFGL-NGS-31959	no						PMC:PMC12445162
ARS-BFGL-NGS-3198	no						PMC:PMC12445162
ARS-BFGL-NGS-32029	no						PMC:PMC12445162
ARS-BFGL-NGS-32066	no						PMC:PMC12445162
ARS-BFGL-NGS-32075	no						PMC:PMC12445162
ARS-BFGL-NGS-32083	no						PMC:PMC12445162
ARS-BFGL-NGS-32109	no						PMC:PMC12445162
ARS-BFGL-NGS-32123	no						PMC:PMC12445162
ARS-BFGL-NGS-32148	no						PMC:PMC12445162
ARS-BFGL-NGS-32157	no						PMC:PMC12445162
ARS-BFGL-NGS-32176	no						PMC:PMC12445162
ARS-BFGL-NGS-32184	no						PMC:PMC12445162
ARS-BFGL-NGS-32222	no						PMC:PMC12445162
ARS-BFGL-NGS-32306	no						PMC:PMC12445162
ARS-BFGL-NGS-3235	no						PMC:PMC12445162
ARS-BFGL-NGS-32365	no						PMC:PMC12445162
ARS-BFGL-NGS-32376	no						PMC:PMC12445162
ARS-BFGL-NGS-32386	no						PMC:PMC12445162
ARS-BFGL-NGS-32392	no						PMC:PMC12445162
ARS-BFGL-NGS-32423	no						PMC:PMC12445162
ARS-BFGL-NGS-32439	no						PMC:PMC12445162
ARS-BFGL-NGS-32442	no						PMC:PMC12445162
ARS-BFGL-NGS-32490	no						PMC:PMC12445162
ARS-BFGL-NGS-32517	no						PMC:PMC12445162
ARS-BFGL-NGS-32521	no						PMC:PMC12445162
ARS-BFGL-NGS-32552	no						PMC:PMC12445162
ARS-BFGL-NGS-32563	no						PMC:PMC12445162
ARS-BFGL-NGS-32590	no						PMC:PMC12445162
ARS-BFGL-NGS-32604	no						PMC:PMC12445162
ARS-BFGL-NGS-32605	no						PMC:PMC12445162
ARS-BFGL-NGS-32750	no						PMC:PMC12445162
ARS-BFGL-NGS-32769	no						PMC:PMC12445162
ARS-BFGL-NGS-32791	no						PMC:PMC12445162
ARS-BFGL-NGS-32797	no						PMC:PMC12445162
ARS-BFGL-NGS-32801	no						PMC:PMC12445162
ARS-BFGL-NGS-32846	no						PMC:PMC12445162
ARS-BFGL-NGS-32862	no						PMC:PMC12445162
ARS-BFGL-NGS-32868	no						PMC:PMC12445162
ARS-BFGL-NGS-32952	no						PMC:PMC12445162
ARS-BFGL-NGS-32966	no						PMC:PMC12445162
ARS-BFGL-NGS-32974	no						PMC:PMC12445162
ARS-BFGL-NGS-33000	no						PMC:PMC12445162
ARS-BFGL-NGS-33008	no						PMC:PMC12445162
ARS-BFGL-NGS-33067	no						PMC:PMC12445162
ARS-BFGL-NGS-33119	no						PMC:PMC12445162
ARS-BFGL-NGS-33132	no						PMC:PMC12445162
ARS-BFGL-NGS-33147	no						PMC:PMC12445162
ARS-BFGL-NGS-33213	no						PMC:PMC12445162
ARS-BFGL-NGS-33241	no						PMC:PMC12445162
ARS-BFGL-NGS-33249	no						PMC:PMC12445162
ARS-BFGL-NGS-33324	no						PMC:PMC12445162
ARS-BFGL-NGS-33332	no						PMC:PMC12445162
ARS-BFGL-NGS-33348	no						PMC:PMC12445162
ARS-BFGL-NGS-33371	no						PMC:PMC12445162
ARS-BFGL-NGS-33408	no						PMC:PMC12445162
ARS-BFGL-NGS-33411	no						PMC:PMC12445162
ARS-BFGL-NGS-33419	no						PMC:PMC12445162
ARS-BFGL-NGS-33459	no						PMC:PMC12445162
ARS-BFGL-NGS-33471	no						PMC:PMC12445162
ARS-BFGL-NGS-33551	no						PMC:PMC12445162
ARS-BFGL-NGS-33557	no						PMC:PMC12445162
ARS-BFGL-NGS-33634	no						PMC:PMC12445162
ARS-BFGL-NGS-33666	no						PMC:PMC12445162
ARS-BFGL-NGS-33709	no						PMC:PMC12445162
ARS-BFGL-NGS-33731	no						PMC:PMC12445162
ARS-BFGL-NGS-33745	no						PMC:PMC12445162
ARS-BFGL-NGS-33757	no						PMC:PMC12445162
ARS-BFGL-NGS-33808	no						PMC:PMC12445162
ARS-BFGL-NGS-33824	no						PMC:PMC12445162
ARS-BFGL-NGS-33887	no						PMC:PMC12445162
ARS-BFGL-NGS-33900	no						PMC:PMC12445162
ARS-BFGL-NGS-33925	no						PMC:PMC12445162
ARS-BFGL-NGS-3398	no						PMC:PMC12445162
ARS-BFGL-NGS-34028	no						PMC:PMC12445162
ARS-BFGL-NGS-34042	no						PMC:PMC12445162
ARS-BFGL-NGS-34090	no						PMC:PMC12445162
ARS-BFGL-NGS-34106	no						PMC:PMC12445162
ARS-BFGL-NGS-34128	no						PMC:PMC12445162
ARS-BFGL-NGS-34169	no						PMC:PMC12445162
ARS-BFGL-NGS-3421	no						PMC:PMC12445162
ARS-BFGL-NGS-34282	no						PMC:PMC12445162
ARS-BFGL-NGS-34288	no						PMC:PMC12445162
ARS-BFGL-NGS-34316	no						PMC:PMC12445162
ARS-BFGL-NGS-34352	no						PMC:PMC12445162
ARS-BFGL-NGS-34371	no						PMC:PMC12445162
ARS-BFGL-NGS-34393	no						PMC:PMC12445162
ARS-BFGL-NGS-34398	no						PMC:PMC12445162
ARS-BFGL-NGS-3444	no						PMC:PMC12445162
ARS-BFGL-NGS-34440	no						PMC:PMC12445162
ARS-BFGL-NGS-34489	no						PMC:PMC12445162
ARS-BFGL-NGS-34516	no						PMC:PMC12445162
ARS-BFGL-NGS-34525	no						PMC:PMC12445162
ARS-BFGL-NGS-3456	no						PMC:PMC12445162
ARS-BFGL-NGS-34582	no						PMC:PMC12445162
ARS-BFGL-NGS-34586	no						PMC:PMC12445162
ARS-BFGL-NGS-34594	no						PMC:PMC12445162
ARS-BFGL-NGS-3465	no						PMC:PMC12445162
ARS-BFGL-NGS-34687	no						PMC:PMC12445162
ARS-BFGL-NGS-34696	no						PMC:PMC12445162
ARS-BFGL-NGS-34712	no						PMC:PMC12445162
ARS-BFGL-NGS-34717	no						PMC:PMC12445162
ARS-BFGL-NGS-34764	no						PMC:PMC12445162
ARS-BFGL-NGS-34766	no						PMC:PMC12445162
ARS-BFGL-NGS-34773	no						PMC:PMC12445162
ARS-BFGL-NGS-34791	no						PMC:PMC12445162
ARS-BFGL-NGS-34811	no						PMC:PMC12445162
ARS-BFGL-NGS-34868	no						PMC:PMC12445162
ARS-BFGL-NGS-34903	no						PMC:PMC12445162
ARS-BFGL-NGS-34904	no						PMC:PMC12445162
ARS-BFGL-NGS-34923	no						PMC:PMC12445162
ARS-BFGL-NGS-34948	no						PMC:PMC12445162
ARS-BFGL-NGS-34980	no						PMC:PMC12445162
ARS-BFGL-NGS-34990	no						PMC:PMC12445162
ARS-BFGL-NGS-35004	no						PMC:PMC12445162
ARS-BFGL-NGS-35019	no						PMC:PMC12445162
ARS-BFGL-NGS-35056	no						PMC:PMC12445162
ARS-BFGL-NGS-35058	no						PMC:PMC12445162
ARS-BFGL-NGS-35076	no						PMC:PMC12445162
ARS-BFGL-NGS-35115	no						PMC:PMC12445162
ARS-BFGL-NGS-35138	no						PMC:PMC12445162
ARS-BFGL-NGS-35140	no						PMC:PMC12445162
ARS-BFGL-NGS-35190	no						PMC:PMC12445162
ARS-BFGL-NGS-35211	no						PMC:PMC12445162
ARS-BFGL-NGS-35216	no						PMC:PMC12445162
ARS-BFGL-NGS-35219	no						PMC:PMC12445162
ARS-BFGL-NGS-35242	no						PMC:PMC12445162
ARS-BFGL-NGS-35259	no						PMC:PMC12445162
ARS-BFGL-NGS-35327	no						PMC:PMC12445162
ARS-BFGL-NGS-35329	no						PMC:PMC12445162
ARS-BFGL-NGS-35357	no						PMC:PMC12445162
ARS-BFGL-NGS-35364	no						PMC:PMC12445162
ARS-BFGL-NGS-35405	no						PMC:PMC12445162
ARS-BFGL-NGS-35416	no						PMC:PMC12445162
ARS-BFGL-NGS-35419	no						PMC:PMC12445162
ARS-BFGL-NGS-35455	no						PMC:PMC12445162
ARS-BFGL-NGS-35458	no						PMC:PMC12445162
ARS-BFGL-NGS-3547	no						PMC:PMC12445162
ARS-BFGL-NGS-35502	no						PMC:PMC12445162
ARS-BFGL-NGS-35569	no						PMC:PMC12445162
ARS-BFGL-NGS-35579	no						PMC:PMC12445162
ARS-BFGL-NGS-35582	no						PMC:PMC12445162
ARS-BFGL-NGS-35587	no						PMC:PMC12445162
ARS-BFGL-NGS-35608	no						PMC:PMC12445162
ARS-BFGL-NGS-35634	no						PMC:PMC12445162
ARS-BFGL-NGS-35636	no						PMC:PMC12445162
ARS-BFGL-NGS-35689	no						PMC:PMC12445162
ARS-BFGL-NGS-35704	no						PMC:PMC12445162
ARS-BFGL-NGS-35729	no						PMC:PMC12445162
ARS-BFGL-NGS-35762	no						PMC:PMC12445162
ARS-BFGL-NGS-35794	no						PMC:PMC12445162
ARS-BFGL-NGS-35798	no						PMC:PMC12445162
ARS-BFGL-NGS-3584	no						PMC:PMC12445162
ARS-BFGL-NGS-35886	no						PMC:PMC12445162
ARS-BFGL-NGS-35887	no						PMC:PMC12445162
ARS-BFGL-NGS-35919	no						PMC:PMC12445162
ARS-BFGL-NGS-35963	no						PMC:PMC12445162
ARS-BFGL-NGS-35986	no						PMC:PMC12445162
ARS-BFGL-NGS-36016	no						PMC:PMC12445162
ARS-BFGL-NGS-36089	no						PMC:PMC12445162
ARS-BFGL-NGS-36122	no						PMC:PMC12445162
ARS-BFGL-NGS-36148	no						PMC:PMC12445162
ARS-BFGL-NGS-36151	no						PMC:PMC12445162
ARS-BFGL-NGS-3616	no						PMC:PMC12445162
ARS-BFGL-NGS-36183	no						PMC:PMC12445162
ARS-BFGL-NGS-36233	no						PMC:PMC12445162
ARS-BFGL-NGS-36258	no						PMC:PMC12445162
ARS-BFGL-NGS-36323	no						PMC:PMC12445162
ARS-BFGL-NGS-36342	no						PMC:PMC12445162
ARS-BFGL-NGS-36350	no						PMC:PMC12445162
ARS-BFGL-NGS-36405	no						PMC:PMC12445162
ARS-BFGL-NGS-3646	no						PMC:PMC12445162
ARS-BFGL-NGS-36460	no						PMC:PMC12445162
ARS-BFGL-NGS-36484	no						PMC:PMC12445162
ARS-BFGL-NGS-36490	no						PMC:PMC12445162
ARS-BFGL-NGS-36513	no						PMC:PMC12445162
ARS-BFGL-NGS-36573	no						PMC:PMC12445162
ARS-BFGL-NGS-36574	no						PMC:PMC12445162
ARS-BFGL-NGS-36606	no						PMC:PMC12445162
ARS-BFGL-NGS-36607	no						PMC:PMC12445162
ARS-BFGL-NGS-36623	no						PMC:PMC12445162
ARS-BFGL-NGS-36635	no						PMC:PMC12445162
ARS-BFGL-NGS-36648	no						PMC:PMC12445162
ARS-BFGL-NGS-36652	no						PMC:PMC12445162
ARS-BFGL-NGS-36676	no						PMC:PMC12445162
ARS-BFGL-NGS-36701	no						PMC:PMC12445162
ARS-BFGL-NGS-36727	no						PMC:PMC12445162
ARS-BFGL-NGS-36738	no						PMC:PMC12445162
ARS-BFGL-NGS-36754	no						PMC:PMC12445162
ARS-BFGL-NGS-36783	no						PMC:PMC12445162
ARS-BFGL-NGS-36793	no						PMC:PMC12445162
ARS-BFGL-NGS-36796	no						PMC:PMC12445162
ARS-BFGL-NGS-36852	no						PMC:PMC12445162
ARS-BFGL-NGS-36880	no						PMC:PMC12445162
ARS-BFGL-NGS-36923	no						PMC:PMC12445162
ARS-BFGL-NGS-36943	no						PMC:PMC12445162
ARS-BFGL-NGS-3697	no						PMC:PMC12445162
ARS-BFGL-NGS-37025	no						PMC:PMC12445162
ARS-BFGL-NGS-37048	no						PMC:PMC12445162
ARS-BFGL-NGS-37066	no						PMC:PMC12445162
ARS-BFGL-NGS-37067	no						PMC:PMC12445162
ARS-BFGL-NGS-37095	no						PMC:PMC12445162
ARS-BFGL-NGS-37129	no						PMC:PMC12445162
ARS-BFGL-NGS-37149	no						PMC:PMC12445162
ARS-BFGL-NGS-37190	no						PMC:PMC12445162
ARS-BFGL-NGS-37244	no						PMC:PMC12445162
ARS-BFGL-NGS-37275	no						PMC:PMC12445162
ARS-BFGL-NGS-37285	no						PMC:PMC12445162
ARS-BFGL-NGS-37346	no						PMC:PMC12445162
ARS-BFGL-NGS-37352	no						PMC:PMC12445162
ARS-BFGL-NGS-37360	no						PMC:PMC12445162
ARS-BFGL-NGS-37392	no						PMC:PMC12445162
ARS-BFGL-NGS-37393	no						PMC:PMC12445162
ARS-BFGL-NGS-3742	no						PMC:PMC12445162
ARS-BFGL-NGS-37484	no						PMC:PMC12445162
ARS-BFGL-NGS-37550	no						PMC:PMC12445162
ARS-BFGL-NGS-3757	no						PMC:PMC12445162
ARS-BFGL-NGS-3760	no						PMC:PMC12445162
ARS-BFGL-NGS-37643	no						PMC:PMC12445162
ARS-BFGL-NGS-37657	no						PMC:PMC12445162
ARS-BFGL-NGS-37680	no						PMC:PMC12445162
ARS-BFGL-NGS-37708	no						PMC:PMC12445162
ARS-BFGL-NGS-37733	no						PMC:PMC12445162
ARS-BFGL-NGS-37756	no						PMC:PMC12445162
ARS-BFGL-NGS-3781	no						PMC:PMC12445162
ARS-BFGL-NGS-37822	no						PMC:PMC12445162
ARS-BFGL-NGS-37826	no						PMC:PMC12445162
ARS-BFGL-NGS-37842	no						PMC:PMC12445162
ARS-BFGL-NGS-37845	no						PMC:PMC12445162
ARS-BFGL-NGS-37850	no						PMC:PMC12445162
ARS-BFGL-NGS-37872	no						PMC:PMC12445162
ARS-BFGL-NGS-37939	no						PMC:PMC12445162
ARS-BFGL-NGS-37958	no						PMC:PMC12445162
ARS-BFGL-NGS-37980	no						PMC:PMC12445162
ARS-BFGL-NGS-38003	no						PMC:PMC12445162
ARS-BFGL-NGS-38034	no						PMC:PMC12445162
ARS-BFGL-NGS-38059	no						PMC:PMC12445162
ARS-BFGL-NGS-38179	no						PMC:PMC12445162
ARS-BFGL-NGS-38191	no						PMC:PMC12445162
ARS-BFGL-NGS-3823	no						PMC:PMC12445162
ARS-BFGL-NGS-38232	no						PMC:PMC12445162
ARS-BFGL-NGS-38248	no						PMC:PMC12445162
ARS-BFGL-NGS-38278	no						PMC:PMC12445162
ARS-BFGL-NGS-3831	no						PMC:PMC12445162
ARS-BFGL-NGS-38322	no						PMC:PMC12445162
ARS-BFGL-NGS-38341	no						PMC:PMC12445162
ARS-BFGL-NGS-38368	no						PMC:PMC12445162
ARS-BFGL-NGS-38423	no						PMC:PMC12445162
ARS-BFGL-NGS-38451	no						PMC:PMC12445162
ARS-BFGL-NGS-38552	no						PMC:PMC12445162
ARS-BFGL-NGS-38561	no						PMC:PMC12445162
ARS-BFGL-NGS-38562	no						PMC:PMC12445162
ARS-BFGL-NGS-38613	no						PMC:PMC12445162
ARS-BFGL-NGS-38620	no						PMC:PMC12445162
ARS-BFGL-NGS-38677	no						PMC:PMC12445162
ARS-BFGL-NGS-38696	no						PMC:PMC12445162
ARS-BFGL-NGS-38732	no						PMC:PMC12445162
ARS-BFGL-NGS-3879	no						PMC:PMC12445162
ARS-BFGL-NGS-38839	no						PMC:PMC12445162
ARS-BFGL-NGS-38913	no						PMC:PMC12445162
ARS-BFGL-NGS-38925	no						PMC:PMC12445162
ARS-BFGL-NGS-38953	no						PMC:PMC12445162
ARS-BFGL-NGS-38971	no						PMC:PMC12445162
ARS-BFGL-NGS-38976	no						PMC:PMC12445162
ARS-BFGL-NGS-3899	no						PMC:PMC12445162
ARS-BFGL-NGS-39	no						PMC:PMC12445162
ARS-BFGL-NGS-39011	no						PMC:PMC12445162
ARS-BFGL-NGS-39078	no						PMC:PMC12445162
ARS-BFGL-NGS-3908	no						PMC:PMC12445162
ARS-BFGL-NGS-39116	no						PMC:PMC12445162
ARS-BFGL-NGS-39129	no						PMC:PMC12445162
ARS-BFGL-NGS-39164	no						PMC:PMC12445162
ARS-BFGL-NGS-39184	no						PMC:PMC12445162
ARS-BFGL-NGS-3924	no						PMC:PMC12445162
ARS-BFGL-NGS-39275	no						PMC:PMC12445162
ARS-BFGL-NGS-39288	no						PMC:PMC12445162
ARS-BFGL-NGS-39303	no						PMC:PMC12445162
ARS-BFGL-NGS-39308	no						PMC:PMC12445162
ARS-BFGL-NGS-39335	no						PMC:PMC12445162
ARS-BFGL-NGS-39354	no						PMC:PMC12445162
ARS-BFGL-NGS-3936	no						PMC:PMC12445162
ARS-BFGL-NGS-39380	no						PMC:PMC12445162
ARS-BFGL-NGS-39390	no						PMC:PMC12445162
ARS-BFGL-NGS-39460	no						PMC:PMC12445162
ARS-BFGL-NGS-39532	no						PMC:PMC12445162
ARS-BFGL-NGS-39549	no						PMC:PMC12445162
ARS-BFGL-NGS-39595	no						PMC:PMC12445162
ARS-BFGL-NGS-3965	no						PMC:PMC12445162
ARS-BFGL-NGS-39671	no						PMC:PMC12445162
ARS-BFGL-NGS-39696	no						PMC:PMC12445162
ARS-BFGL-NGS-39759	no						PMC:PMC12445162
ARS-BFGL-NGS-3977	no						PMC:PMC12445162
ARS-BFGL-NGS-39838	no						PMC:PMC12445162
ARS-BFGL-NGS-39846	no						PMC:PMC12445162
ARS-BFGL-NGS-39863	no						PMC:PMC12445162
ARS-BFGL-NGS-39866	no						PMC:PMC12445162
ARS-BFGL-NGS-39901	no						PMC:PMC12445162
ARS-BFGL-NGS-39913	no						PMC:PMC12445162
ARS-BFGL-NGS-39925	no						PMC:PMC12445162
ARS-BFGL-NGS-3993	no						PMC:PMC12445162
ARS-BFGL-NGS-39950	no						PMC:PMC12445162
ARS-BFGL-NGS-39957	no						PMC:PMC12445162
ARS-BFGL-NGS-39978	no						PMC:PMC12445162
ARS-BFGL-NGS-39980	no						PMC:PMC12445162
ARS-BFGL-NGS-39984	no						PMC:PMC12445162
ARS-BFGL-NGS-39990	no						PMC:PMC12445162
ARS-BFGL-NGS-39993	no						PMC:PMC12445162
ARS-BFGL-NGS-39994	no						PMC:PMC12445162
ARS-BFGL-NGS-40019	no						PMC:PMC12445162
ARS-BFGL-NGS-40066	no						PMC:PMC12445162
ARS-BFGL-NGS-40113	no						PMC:PMC12445162
ARS-BFGL-NGS-40123	no						PMC:PMC12445162
ARS-BFGL-NGS-40138	no						PMC:PMC12445162
ARS-BFGL-NGS-40159	no						PMC:PMC12445162
ARS-BFGL-NGS-40177	no						PMC:PMC12445162
ARS-BFGL-NGS-40178	no						PMC:PMC12445162
ARS-BFGL-NGS-40189	no						PMC:PMC12445162
ARS-BFGL-NGS-40191	no						PMC:PMC12445162
ARS-BFGL-NGS-40212	no						PMC:PMC12445162
ARS-BFGL-NGS-40224	no						PMC:PMC12445162
ARS-BFGL-NGS-40229	no						PMC:PMC12445162
ARS-BFGL-NGS-4023	no						PMC:PMC12445162
ARS-BFGL-NGS-40249	no						PMC:PMC12445162
ARS-BFGL-NGS-40261	no						PMC:PMC12445162
ARS-BFGL-NGS-40264	no						PMC:PMC12445162
ARS-BFGL-NGS-40326	no						PMC:PMC12445162
ARS-BFGL-NGS-40337	no						PMC:PMC12445162
ARS-BFGL-NGS-40342	no						PMC:PMC12445162
ARS-BFGL-NGS-40352	no						PMC:PMC12445162
ARS-BFGL-NGS-40365	no						PMC:PMC12445162
ARS-BFGL-NGS-40375	no						PMC:PMC12445162
ARS-BFGL-NGS-4047	no						PMC:PMC12445162
ARS-BFGL-NGS-40549	no						PMC:PMC12445162
ARS-BFGL-NGS-40565	no						PMC:PMC12445162
ARS-BFGL-NGS-40580	no						PMC:PMC12445162
ARS-BFGL-NGS-4063	no						PMC:PMC12445162
ARS-BFGL-NGS-4066	no						PMC:PMC12445162
ARS-BFGL-NGS-40685	no						PMC:PMC12445162
ARS-BFGL-NGS-40701	no						PMC:PMC12445162
ARS-BFGL-NGS-40732	no						PMC:PMC12445162
ARS-BFGL-NGS-40737	no						PMC:PMC12445162
ARS-BFGL-NGS-4074	no						PMC:PMC12445162
ARS-BFGL-NGS-40761	no						PMC:PMC12445162
ARS-BFGL-NGS-40789	no						PMC:PMC12445162
ARS-BFGL-NGS-40856	no						PMC:PMC12445162
ARS-BFGL-NGS-4086	no						PMC:PMC12445162
ARS-BFGL-NGS-40891	no						PMC:PMC12445162
ARS-BFGL-NGS-40895	no						PMC:PMC12445162
ARS-BFGL-NGS-40914	no						PMC:PMC12445162
ARS-BFGL-NGS-40927	no						PMC:PMC12445162
ARS-BFGL-NGS-40945	no						PMC:PMC12445162
ARS-BFGL-NGS-40967	no						PMC:PMC12445162
ARS-BFGL-NGS-40987	no						PMC:PMC12445162
ARS-BFGL-NGS-41002	no						PMC:PMC12445162
ARS-BFGL-NGS-41056	no						PMC:PMC12445162
ARS-BFGL-NGS-4106	no						PMC:PMC12445162
ARS-BFGL-NGS-41066	no						PMC:PMC12445162
ARS-BFGL-NGS-41080	no						PMC:PMC12445162
ARS-BFGL-NGS-41092	no						PMC:PMC12445162
ARS-BFGL-NGS-41100	no						PMC:PMC12445162
ARS-BFGL-NGS-41117	no						PMC:PMC12445162
ARS-BFGL-NGS-41131	no						PMC:PMC12445162
ARS-BFGL-NGS-41145	no						PMC:PMC12445162
ARS-BFGL-NGS-41150	no						PMC:PMC12445162
ARS-BFGL-NGS-41174	no						PMC:PMC12445162
ARS-BFGL-NGS-41239	no						PMC:PMC12445162
ARS-BFGL-NGS-41284	no						PMC:PMC12445162
ARS-BFGL-NGS-41387	no						PMC:PMC12445162
ARS-BFGL-NGS-41434	no						PMC:PMC12445162
ARS-BFGL-NGS-4144	no						PMC:PMC12445162
ARS-BFGL-NGS-41451	no						PMC:PMC12445162
ARS-BFGL-NGS-41462	no						PMC:PMC12445162
ARS-BFGL-NGS-41489	no						PMC:PMC12445162
ARS-BFGL-NGS-41511	no						PMC:PMC12445162
ARS-BFGL-NGS-41525	no						PMC:PMC12445162
ARS-BFGL-NGS-41579	no						PMC:PMC12445162
ARS-BFGL-NGS-41583	no						PMC:PMC12445162
ARS-BFGL-NGS-41609	no						PMC:PMC12445162
ARS-BFGL-NGS-41622	no						PMC:PMC12445162
ARS-BFGL-NGS-41667	no						PMC:PMC12445162
ARS-BFGL-NGS-41669	no						PMC:PMC12445162
ARS-BFGL-NGS-41686	no						PMC:PMC12445162
ARS-BFGL-NGS-41732	no						PMC:PMC12445162
ARS-BFGL-NGS-41745	no						PMC:PMC12445162
ARS-BFGL-NGS-41814	no						PMC:PMC12445162
ARS-BFGL-NGS-41833	no						PMC:PMC12445162
ARS-BFGL-NGS-41834	no						PMC:PMC12445162
ARS-BFGL-NGS-41839	no						PMC:PMC12445162
ARS-BFGL-NGS-41871	no						PMC:PMC12445162
ARS-BFGL-NGS-4194	no						PMC:PMC12445162
ARS-BFGL-NGS-42004	no						PMC:PMC12445162
ARS-BFGL-NGS-4201	no						PMC:PMC12445162
ARS-BFGL-NGS-42024	no						PMC:PMC12445162
ARS-BFGL-NGS-42047	no						PMC:PMC12445162
ARS-BFGL-NGS-42120	no						PMC:PMC12445162
ARS-BFGL-NGS-42141	no						PMC:PMC12445162
ARS-BFGL-NGS-42152	no						PMC:PMC12445162
ARS-BFGL-NGS-42215	no						PMC:PMC12445162
ARS-BFGL-NGS-42283	no						PMC:PMC12445162
ARS-BFGL-NGS-42305	no						PMC:PMC12445162
ARS-BFGL-NGS-42315	no						PMC:PMC12445162
ARS-BFGL-NGS-42338	no						PMC:PMC12445162
ARS-BFGL-NGS-42341	no						PMC:PMC12445162
ARS-BFGL-NGS-42404	no						PMC:PMC12445162
ARS-BFGL-NGS-4248	no						PMC:PMC12445162
ARS-BFGL-NGS-42505	no						PMC:PMC12445162
ARS-BFGL-NGS-42520	no						PMC:PMC12445162
ARS-BFGL-NGS-42525	no						PMC:PMC12445162
ARS-BFGL-NGS-42563	no						PMC:PMC12445162
ARS-BFGL-NGS-42613	no						PMC:PMC12445162
ARS-BFGL-NGS-42677	no						PMC:PMC12445162
ARS-BFGL-NGS-42704	no						PMC:PMC12445162
ARS-BFGL-NGS-42736	no						PMC:PMC12445162
ARS-BFGL-NGS-42803	no						PMC:PMC12445162
ARS-BFGL-NGS-42840	no						PMC:PMC12445162
ARS-BFGL-NGS-42852	no						PMC:PMC12445162
ARS-BFGL-NGS-4292	no						PMC:PMC12445162
ARS-BFGL-NGS-42944	no						PMC:PMC12445162
ARS-BFGL-NGS-42950	no						PMC:PMC12445162
ARS-BFGL-NGS-42983	no						PMC:PMC12445162
ARS-BFGL-NGS-43058	no						PMC:PMC12445162
ARS-BFGL-NGS-43120	no						PMC:PMC12445162
ARS-BFGL-NGS-43147	no						PMC:PMC12445162
ARS-BFGL-NGS-43172	no						PMC:PMC12445162
ARS-BFGL-NGS-43247	no						PMC:PMC12445162
ARS-BFGL-NGS-43302	no						PMC:PMC12445162
ARS-BFGL-NGS-43304	no						PMC:PMC12445162
ARS-BFGL-NGS-43307	no						PMC:PMC12445162
ARS-BFGL-NGS-43310	no						PMC:PMC12445162
ARS-BFGL-NGS-43320	no						PMC:PMC12445162
ARS-BFGL-NGS-43350	no						PMC:PMC12445162
ARS-BFGL-NGS-43361	no						PMC:PMC12445162
ARS-BFGL-NGS-43385	no						PMC:PMC12445162
ARS-BFGL-NGS-43490	no						PMC:PMC12445162
ARS-BFGL-NGS-43530	no						PMC:PMC12445162
ARS-BFGL-NGS-43582	no						PMC:PMC12445162
ARS-BFGL-NGS-43641	no						PMC:PMC12445162
ARS-BFGL-NGS-43689	no						PMC:PMC12445162
ARS-BFGL-NGS-43694	no						PMC:PMC12445162
ARS-BFGL-NGS-43704	no						PMC:PMC12445162
ARS-BFGL-NGS-43715	no						PMC:PMC12445162
ARS-BFGL-NGS-43719	no						PMC:PMC12445162
ARS-BFGL-NGS-43758	no						PMC:PMC12445162
ARS-BFGL-NGS-43775	no						PMC:PMC12445162
ARS-BFGL-NGS-4378	no						PMC:PMC12445162
ARS-BFGL-NGS-43811	no						PMC:PMC12445162
ARS-BFGL-NGS-43849	no						PMC:PMC12445162
ARS-BFGL-NGS-43853	no						PMC:PMC12445162
ARS-BFGL-NGS-43901	no						PMC:PMC12445162
ARS-BFGL-NGS-43980	no						PMC:PMC12445162
ARS-BFGL-NGS-44013	no						PMC:PMC12445162
ARS-BFGL-NGS-44014	no						PMC:PMC12445162
ARS-BFGL-NGS-44026	no						PMC:PMC12445162
ARS-BFGL-NGS-44032	no						PMC:PMC12445162
ARS-BFGL-NGS-44055	no						PMC:PMC12445162
ARS-BFGL-NGS-44080	no						PMC:PMC12445162
ARS-BFGL-NGS-4409	no						PMC:PMC12445162
ARS-BFGL-NGS-44151	no						PMC:PMC12445162
ARS-BFGL-NGS-44153	no						PMC:PMC12445162
ARS-BFGL-NGS-44158	no						PMC:PMC12445162
ARS-BFGL-NGS-44247	no						PMC:PMC12445162
ARS-BFGL-NGS-44270	no						PMC:PMC12445162
ARS-BFGL-NGS-44288	no						PMC:PMC12445162
ARS-BFGL-NGS-44314	no						PMC:PMC12445162
ARS-BFGL-NGS-44322	no						PMC:PMC12445162
ARS-BFGL-NGS-44351	no						PMC:PMC12445162
ARS-BFGL-NGS-44382	no						PMC:PMC12445162
ARS-BFGL-NGS-4440	no						PMC:PMC12445162
ARS-BFGL-NGS-44416	no						PMC:PMC12445162
ARS-BFGL-NGS-44494	no						PMC:PMC12445162
ARS-BFGL-NGS-44611	no						PMC:PMC12445162
ARS-BFGL-NGS-44686	no						PMC:PMC12445162
ARS-BFGL-NGS-44791	no						PMC:PMC12445162
ARS-BFGL-NGS-44793	no						PMC:PMC12445162
ARS-BFGL-NGS-4491	no						PMC:PMC12445162
ARS-BFGL-NGS-45045	no						PMC:PMC12445162
ARS-BFGL-NGS-45046	no						PMC:PMC12445162
ARS-BFGL-NGS-45049	no						PMC:PMC12445162
ARS-BFGL-NGS-4505	no						PMC:PMC12445162
ARS-BFGL-NGS-45064	no						PMC:PMC12445162
ARS-BFGL-NGS-45197	no						PMC:PMC12445162
ARS-BFGL-NGS-45265	no						PMC:PMC12445162
ARS-BFGL-NGS-45289	no						PMC:PMC12445162
ARS-BFGL-NGS-45331	no						PMC:PMC12445162
ARS-BFGL-NGS-45335	no						PMC:PMC12445162
ARS-BFGL-NGS-45350	no						PMC:PMC12445162
ARS-BFGL-NGS-45440	no						PMC:PMC12445162
ARS-BFGL-NGS-45453	no						PMC:PMC12445162
ARS-BFGL-NGS-45488	no						PMC:PMC12445162
ARS-BFGL-NGS-45547	no						PMC:PMC12445162
ARS-BFGL-NGS-45548	no						PMC:PMC12445162
ARS-BFGL-NGS-45551	no						PMC:PMC12445162
ARS-BFGL-NGS-45555	no						PMC:PMC12445162
ARS-BFGL-NGS-4564	no						PMC:PMC12445162
ARS-BFGL-NGS-45679	no						PMC:PMC12445162
ARS-BFGL-NGS-45685	no						PMC:PMC12445162
ARS-BFGL-NGS-45686	no						PMC:PMC12445162
ARS-BFGL-NGS-4573	no						PMC:PMC12445162
ARS-BFGL-NGS-45730	no						PMC:PMC12445162
ARS-BFGL-NGS-45781	no						PMC:PMC12445162
ARS-BFGL-NGS-45990	no						PMC:PMC12445162
ARS-BFGL-NGS-46170	no						PMC:PMC12445162
ARS-BFGL-NGS-46206	no						PMC:PMC12445162
ARS-BFGL-NGS-4626	no						PMC:PMC12445162
ARS-BFGL-NGS-4640	no						PMC:PMC12445162
ARS-BFGL-NGS-4661	no						PMC:PMC12445162
ARS-BFGL-NGS-46634	no						PMC:PMC12445162
ARS-BFGL-NGS-4666	no						PMC:PMC12445162
ARS-BFGL-NGS-4670	no						PMC:PMC12445162
ARS-BFGL-NGS-46768	no						PMC:PMC12445162
ARS-BFGL-NGS-46783	no						PMC:PMC12445162
ARS-BFGL-NGS-4731	no						PMC:PMC12445162
ARS-BFGL-NGS-4763	no						PMC:PMC12445162
ARS-BFGL-NGS-47808	no						PMC:PMC12445162
ARS-BFGL-NGS-47826	no						PMC:PMC12445162
ARS-BFGL-NGS-47869	no						PMC:PMC12445162
ARS-BFGL-NGS-48317	no						PMC:PMC12445162
ARS-BFGL-NGS-48351	no						PMC:PMC12445162
ARS-BFGL-NGS-48368	no						PMC:PMC12445162
ARS-BFGL-NGS-48402	no						PMC:PMC12445162
ARS-BFGL-NGS-48568	no						PMC:PMC12445162
ARS-BFGL-NGS-4860	no						PMC:PMC12445162
ARS-BFGL-NGS-48662	no						PMC:PMC12445162
ARS-BFGL-NGS-4867	no						PMC:PMC12445162
ARS-BFGL-NGS-4893	no						PMC:PMC12445162
ARS-BFGL-NGS-4904	no						PMC:PMC12445162
ARS-BFGL-NGS-49131	no						PMC:PMC12445162
ARS-BFGL-NGS-49659	no						PMC:PMC12445162
ARS-BFGL-NGS-4967	no						PMC:PMC12445162
ARS-BFGL-NGS-4974	no						PMC:PMC12445162
ARS-BFGL-NGS-50172	no						PMC:PMC12445162
ARS-BFGL-NGS-5022	no						PMC:PMC12445162
ARS-BFGL-NGS-50415	no						PMC:PMC12445162
ARS-BFGL-NGS-5061	no						PMC:PMC12445162
ARS-BFGL-NGS-5096	no						PMC:PMC12445162
ARS-BFGL-NGS-51043	no						PMC:PMC12445162
ARS-BFGL-NGS-5114	no						PMC:PMC12445162
ARS-BFGL-NGS-51247	no						PMC:PMC12445162
ARS-BFGL-NGS-5133	no						PMC:PMC12445162
ARS-BFGL-NGS-5141	no						PMC:PMC12445162
ARS-BFGL-NGS-5143	no						PMC:PMC12445162
ARS-BFGL-NGS-51490	no						PMC:PMC12445162
ARS-BFGL-NGS-5157	no						PMC:PMC12445162
ARS-BFGL-NGS-51636	no						PMC:PMC12445162
ARS-BFGL-NGS-5212	no						PMC:PMC12445162
ARS-BFGL-NGS-5226	no						PMC:PMC12445162
ARS-BFGL-NGS-52551	no						PMC:PMC12445162
ARS-BFGL-NGS-52586	no						PMC:PMC12445162
ARS-BFGL-NGS-52611	no						PMC:PMC12445162
ARS-BFGL-NGS-52692	no						PMC:PMC12445162
ARS-BFGL-NGS-52810	no						PMC:PMC12445162
ARS-BFGL-NGS-52849	no						PMC:PMC12445162
ARS-BFGL-NGS-52875	no						PMC:PMC12445162
ARS-BFGL-NGS-52880	no						PMC:PMC12445162
ARS-BFGL-NGS-52892	no						PMC:PMC12445162
ARS-BFGL-NGS-52928	no						PMC:PMC12445162
ARS-BFGL-NGS-52939	no						PMC:PMC12445162
ARS-BFGL-NGS-53037	no						PMC:PMC12445162
ARS-BFGL-NGS-531	no						PMC:PMC12445162
ARS-BFGL-NGS-53167	no						PMC:PMC12445162
ARS-BFGL-NGS-53176	no						PMC:PMC12445162
ARS-BFGL-NGS-53296	no						PMC:PMC12445162
ARS-BFGL-NGS-5337	no						PMC:PMC12445162
ARS-BFGL-NGS-5339	no						PMC:PMC12445162
ARS-BFGL-NGS-53430	no						PMC:PMC12445162
ARS-BFGL-NGS-53433	no						PMC:PMC12445162
ARS-BFGL-NGS-53461	no						PMC:PMC12445162
ARS-BFGL-NGS-53485	no						PMC:PMC12445162
ARS-BFGL-NGS-535	no						PMC:PMC12445162
ARS-BFGL-NGS-53620	no						PMC:PMC12445162
ARS-BFGL-NGS-5376	no						PMC:PMC12445162
ARS-BFGL-NGS-53911	no						PMC:PMC12445162
ARS-BFGL-NGS-53975	no						PMC:PMC12445162
ARS-BFGL-NGS-54023	no						PMC:PMC12445162
ARS-BFGL-NGS-54030	no						PMC:PMC12445162
ARS-BFGL-NGS-54071	no						PMC:PMC12445162
ARS-BFGL-NGS-5408	no						PMC:PMC12445162
ARS-BFGL-NGS-54219	no						PMC:PMC12445162
ARS-BFGL-NGS-54228	no						PMC:PMC12445162
ARS-BFGL-NGS-54266	no						PMC:PMC12445162
ARS-BFGL-NGS-54330	no						PMC:PMC12445162
ARS-BFGL-NGS-54331	no						PMC:PMC12445162
ARS-BFGL-NGS-54405	no						PMC:PMC12445162
ARS-BFGL-NGS-54460	no						PMC:PMC12445162
ARS-BFGL-NGS-54489	no						PMC:PMC12445162
ARS-BFGL-NGS-54493	no						PMC:PMC12445162
ARS-BFGL-NGS-54516	no						PMC:PMC12445162
ARS-BFGL-NGS-54629	no						PMC:PMC12445162
ARS-BFGL-NGS-54696	no						PMC:PMC12445162
ARS-BFGL-NGS-54715	no						PMC:PMC12445162
ARS-BFGL-NGS-54732	no						PMC:PMC12445162
ARS-BFGL-NGS-54733	no						PMC:PMC12445162
ARS-BFGL-NGS-54753	no						PMC:PMC12445162
ARS-BFGL-NGS-5478	no						PMC:PMC12445162
ARS-BFGL-NGS-54784	no						PMC:PMC12445162
ARS-BFGL-NGS-54860	no						PMC:PMC12445162
ARS-BFGL-NGS-5494	no						PMC:PMC12445162
ARS-BFGL-NGS-550	no						PMC:PMC12445162
ARS-BFGL-NGS-5502	no						PMC:PMC12445162
ARS-BFGL-NGS-55024	no						PMC:PMC12445162
ARS-BFGL-NGS-5504	no						PMC:PMC12445162
ARS-BFGL-NGS-55042	no						PMC:PMC12445162
ARS-BFGL-NGS-55059	no						PMC:PMC12445162
ARS-BFGL-NGS-55084	no						PMC:PMC12445162
ARS-BFGL-NGS-55096	no						PMC:PMC12445162
ARS-BFGL-NGS-55179	no						PMC:PMC12445162
ARS-BFGL-NGS-55191	no						PMC:PMC12445162
ARS-BFGL-NGS-55261	no						PMC:PMC12445162
ARS-BFGL-NGS-55270	no						PMC:PMC12445162
ARS-BFGL-NGS-553	no						PMC:PMC12445162
ARS-BFGL-NGS-55311	no						PMC:PMC12445162
ARS-BFGL-NGS-55327	no						PMC:PMC12445162
ARS-BFGL-NGS-5533	no						PMC:PMC12445162
ARS-BFGL-NGS-55339	no						PMC:PMC12445162
ARS-BFGL-NGS-5534	no						PMC:PMC12445162
ARS-BFGL-NGS-55387	no						PMC:PMC12445162
ARS-BFGL-NGS-55539	no						PMC:PMC12445162
ARS-BFGL-NGS-55602	no						PMC:PMC12445162
ARS-BFGL-NGS-55605	no						PMC:PMC12445162
ARS-BFGL-NGS-55674	no						PMC:PMC12445162
ARS-BFGL-NGS-55693	no						PMC:PMC12445162
ARS-BFGL-NGS-55739	no						PMC:PMC12445162
ARS-BFGL-NGS-55810	no						PMC:PMC12445162
ARS-BFGL-NGS-55943	no						PMC:PMC12445162
ARS-BFGL-NGS-5602	no						PMC:PMC12445162
ARS-BFGL-NGS-56135	no						PMC:PMC12445162
ARS-BFGL-NGS-56146	no						PMC:PMC12445162
ARS-BFGL-NGS-56163	no						PMC:PMC12445162
ARS-BFGL-NGS-56171	no						PMC:PMC12445162
ARS-BFGL-NGS-5623	no						PMC:PMC12445162
ARS-BFGL-NGS-56254	no						PMC:PMC12445162
ARS-BFGL-NGS-56282	no						PMC:PMC12445162
ARS-BFGL-NGS-56314	no						PMC:PMC12445162
ARS-BFGL-NGS-56327	no						PMC:PMC12445162
ARS-BFGL-NGS-56333	no						PMC:PMC12445162
ARS-BFGL-NGS-56364	no						PMC:PMC12445162
ARS-BFGL-NGS-56387	no						PMC:PMC12445162
ARS-BFGL-NGS-56408	no						PMC:PMC12445162
ARS-BFGL-NGS-5648	no						PMC:PMC12445162
ARS-BFGL-NGS-56480	no						PMC:PMC12445162
ARS-BFGL-NGS-56509	no						PMC:PMC12445162
ARS-BFGL-NGS-56579	no						PMC:PMC12445162
ARS-BFGL-NGS-56581	no						PMC:PMC12445162
ARS-BFGL-NGS-56584	no						PMC:PMC12445162
ARS-BFGL-NGS-5662	no						PMC:PMC12445162
ARS-BFGL-NGS-56672	no						PMC:PMC12445162
ARS-BFGL-NGS-56673	no						PMC:PMC12445162
ARS-BFGL-NGS-56674	no						PMC:PMC12445162
ARS-BFGL-NGS-56706	no						PMC:PMC12445162
ARS-BFGL-NGS-56801	no						PMC:PMC12445162
ARS-BFGL-NGS-57054	no						PMC:PMC12445162
ARS-BFGL-NGS-57149	no						PMC:PMC12445162
ARS-BFGL-NGS-57156	no						PMC:PMC12445162
ARS-BFGL-NGS-57209	no						PMC:PMC12445162
ARS-BFGL-NGS-57210	no						PMC:PMC12445162
ARS-BFGL-NGS-5732	no						PMC:PMC12445162
ARS-BFGL-NGS-57355	no						PMC:PMC12445162
ARS-BFGL-NGS-57360	no						PMC:PMC12445162
ARS-BFGL-NGS-57388	no						PMC:PMC12445162
ARS-BFGL-NGS-57417	no						PMC:PMC12445162
ARS-BFGL-NGS-57541	no						PMC:PMC12445162
ARS-BFGL-NGS-57543	no						PMC:PMC12445162
ARS-BFGL-NGS-57549	no						PMC:PMC12445162
ARS-BFGL-NGS-57596	no						PMC:PMC12445162
ARS-BFGL-NGS-57669	no						PMC:PMC12445162
ARS-BFGL-NGS-57685	no						PMC:PMC12445162
ARS-BFGL-NGS-57708	no						PMC:PMC12445162
ARS-BFGL-NGS-57711	no						PMC:PMC12445162
ARS-BFGL-NGS-57713	no						PMC:PMC12445162
ARS-BFGL-NGS-57757	no						PMC:PMC12445162
ARS-BFGL-NGS-57870	no						PMC:PMC12445162
ARS-BFGL-NGS-57879	no						PMC:PMC12445162
ARS-BFGL-NGS-57926	no						PMC:PMC12445162
ARS-BFGL-NGS-57960	no						PMC:PMC12445162
ARS-BFGL-NGS-58016	no						PMC:PMC12445162
ARS-BFGL-NGS-58020	no						PMC:PMC12445162
ARS-BFGL-NGS-58066	no						PMC:PMC12445162
ARS-BFGL-NGS-58233	no						PMC:PMC12445162
ARS-BFGL-NGS-58275	no						PMC:PMC12445162
ARS-BFGL-NGS-58312	no						PMC:PMC12445162
ARS-BFGL-NGS-58336	no						PMC:PMC12445162
ARS-BFGL-NGS-58364	no						PMC:PMC12445162
ARS-BFGL-NGS-58445	no						PMC:PMC12445162
ARS-BFGL-NGS-58465	no						PMC:PMC12445162
ARS-BFGL-NGS-58557	no						PMC:PMC12445162
ARS-BFGL-NGS-58613	no						PMC:PMC12445162
ARS-BFGL-NGS-58627	no						PMC:PMC12445162
ARS-BFGL-NGS-58677	no						PMC:PMC12445162
ARS-BFGL-NGS-5872	no						PMC:PMC12445162
ARS-BFGL-NGS-58762	no						PMC:PMC12445162
ARS-BFGL-NGS-58778	no						PMC:PMC12445162
ARS-BFGL-NGS-58817	no						PMC:PMC12445162
ARS-BFGL-NGS-58825	no						PMC:PMC12445162
ARS-BFGL-NGS-58860	no						PMC:PMC12445162
ARS-BFGL-NGS-58930	no						PMC:PMC12445162
ARS-BFGL-NGS-58931	no						PMC:PMC12445162
ARS-BFGL-NGS-58955	no						PMC:PMC12445162
ARS-BFGL-NGS-59161	no						PMC:PMC12445162
ARS-BFGL-NGS-59162	no						PMC:PMC12445162
ARS-BFGL-NGS-59222	no						PMC:PMC12445162
ARS-BFGL-NGS-59298	no						PMC:PMC12445162
ARS-BFGL-NGS-59327	no						PMC:PMC12445162
ARS-BFGL-NGS-59448	no						PMC:PMC12445162
ARS-BFGL-NGS-59516	no						PMC:PMC12445162
ARS-BFGL-NGS-5956	no						PMC:PMC12445162
ARS-BFGL-NGS-5958	no						PMC:PMC12445162
ARS-BFGL-NGS-59595	no						PMC:PMC12445162
ARS-BFGL-NGS-59707	no						PMC:PMC12445162
ARS-BFGL-NGS-59713	no						PMC:PMC12445162
ARS-BFGL-NGS-59828	no						PMC:PMC12445162
ARS-BFGL-NGS-5992	no						PMC:PMC12445162
ARS-BFGL-NGS-59927	no						PMC:PMC12445162
ARS-BFGL-NGS-59969	no						PMC:PMC12445162
ARS-BFGL-NGS-60038	no						PMC:PMC12445162
ARS-BFGL-NGS-60065	no						PMC:PMC12445162
ARS-BFGL-NGS-60119	no						PMC:PMC12445162
ARS-BFGL-NGS-6012	no						PMC:PMC12445162
ARS-BFGL-NGS-60151	no						PMC:PMC12445162
ARS-BFGL-NGS-60187	no						PMC:PMC12445162
ARS-BFGL-NGS-60358	no						PMC:PMC12445162
ARS-BFGL-NGS-60416	no						PMC:PMC12445162
ARS-BFGL-NGS-60487	no						PMC:PMC12445162
ARS-BFGL-NGS-60495	no						PMC:PMC12445162
ARS-BFGL-NGS-60589	no						PMC:PMC12445162
ARS-BFGL-NGS-6059	no						PMC:PMC12445162
ARS-BFGL-NGS-60627	no						PMC:PMC12445162
ARS-BFGL-NGS-60640	no						PMC:PMC12445162
ARS-BFGL-NGS-60657	no						PMC:PMC12445162
ARS-BFGL-NGS-60695	no						PMC:PMC12445162
ARS-BFGL-NGS-60714	no						PMC:PMC12445162
ARS-BFGL-NGS-60739	no						PMC:PMC12445162
ARS-BFGL-NGS-60750	no						PMC:PMC12445162
ARS-BFGL-NGS-60829	no						PMC:PMC12445162
ARS-BFGL-NGS-60854	no						PMC:PMC12445162
ARS-BFGL-NGS-61	no						PMC:PMC12445162
ARS-BFGL-NGS-61056	no						PMC:PMC12445162
ARS-BFGL-NGS-61109	no						PMC:PMC12445162
ARS-BFGL-NGS-61127	no						PMC:PMC12445162
ARS-BFGL-NGS-61286	no						PMC:PMC12445162
ARS-BFGL-NGS-61328	no						PMC:PMC12445162
ARS-BFGL-NGS-61334	no						PMC:PMC12445162
ARS-BFGL-NGS-61392	no						PMC:PMC12445162
ARS-BFGL-NGS-61492	no						PMC:PMC12445162
ARS-BFGL-NGS-6156	no						PMC:PMC12445162
ARS-BFGL-NGS-61565	no						PMC:PMC12445162
ARS-BFGL-NGS-61644	no						PMC:PMC12445162
ARS-BFGL-NGS-61670	no						PMC:PMC12445162
ARS-BFGL-NGS-61730	no						PMC:PMC12445162
ARS-BFGL-NGS-61793	no						PMC:PMC12445162
ARS-BFGL-NGS-61873	no						PMC:PMC12445162
ARS-BFGL-NGS-61890	no						PMC:PMC12445162
ARS-BFGL-NGS-6192	no						PMC:PMC12445162
ARS-BFGL-NGS-61995	no						PMC:PMC12445162
ARS-BFGL-NGS-621	no						PMC:PMC12445162
ARS-BFGL-NGS-62108	no						PMC:PMC12445162
ARS-BFGL-NGS-62204	no						PMC:PMC12445162
ARS-BFGL-NGS-62217	no						PMC:PMC12445162
ARS-BFGL-NGS-62295	no						PMC:PMC12445162
ARS-BFGL-NGS-62299	no						PMC:PMC12445162
ARS-BFGL-NGS-6230	no						PMC:PMC12445162
ARS-BFGL-NGS-6240	no						PMC:PMC12445162
ARS-BFGL-NGS-62416	no						PMC:PMC12445162
ARS-BFGL-NGS-62491	no						PMC:PMC12445162
ARS-BFGL-NGS-62504	no						PMC:PMC12445162
ARS-BFGL-NGS-62561	no						PMC:PMC12445162
ARS-BFGL-NGS-62571	no						PMC:PMC12445162
ARS-BFGL-NGS-62579	no						PMC:PMC12445162
ARS-BFGL-NGS-62593	no						PMC:PMC12445162
ARS-BFGL-NGS-62627	no						PMC:PMC12445162
ARS-BFGL-NGS-62628	no						PMC:PMC12445162
ARS-BFGL-NGS-62645	no						PMC:PMC12445162
ARS-BFGL-NGS-62670	no						PMC:PMC12445162
ARS-BFGL-NGS-62687	no						PMC:PMC12445162
ARS-BFGL-NGS-6269	no						PMC:PMC12445162
ARS-BFGL-NGS-62736	no						PMC:PMC12445162
ARS-BFGL-NGS-62748	no						PMC:PMC12445162
ARS-BFGL-NGS-629	no						PMC:PMC12445162
ARS-BFGL-NGS-62905	no						PMC:PMC12445162
ARS-BFGL-NGS-62906	no						PMC:PMC12445162
ARS-BFGL-NGS-6298	no						PMC:PMC12445162
ARS-BFGL-NGS-63022	no						PMC:PMC12445162
ARS-BFGL-NGS-63030	no						PMC:PMC12445162
ARS-BFGL-NGS-63033	no						PMC:PMC12445162
ARS-BFGL-NGS-63081	no						PMC:PMC12445162
ARS-BFGL-NGS-63117	no						PMC:PMC12445162
ARS-BFGL-NGS-63132	no						PMC:PMC12445162
ARS-BFGL-NGS-63249	no						PMC:PMC12445162
ARS-BFGL-NGS-63371	no						PMC:PMC12445162
ARS-BFGL-NGS-63459	no						PMC:PMC12445162
ARS-BFGL-NGS-63551	no						PMC:PMC12445162
ARS-BFGL-NGS-63564	no						PMC:PMC12445162
ARS-BFGL-NGS-63599	no						PMC:PMC12445162
ARS-BFGL-NGS-63600	no						PMC:PMC12445162
ARS-BFGL-NGS-63663	no						PMC:PMC12445162
ARS-BFGL-NGS-63664	no						PMC:PMC12445162
ARS-BFGL-NGS-63707	no						PMC:PMC12445162
ARS-BFGL-NGS-63809	no						PMC:PMC12445162
ARS-BFGL-NGS-63842	no						PMC:PMC12445162
ARS-BFGL-NGS-6388	no						PMC:PMC12445162
ARS-BFGL-NGS-63882	no						PMC:PMC12445162
ARS-BFGL-NGS-63905	no						PMC:PMC12445162
ARS-BFGL-NGS-63916	no						PMC:PMC12445162
ARS-BFGL-NGS-63919	no						PMC:PMC12445162
ARS-BFGL-NGS-63968	no						PMC:PMC12445162
ARS-BFGL-NGS-64072	no						PMC:PMC12445162
ARS-BFGL-NGS-64080	no						PMC:PMC12445162
ARS-BFGL-NGS-64085	no						PMC:PMC12445162
ARS-BFGL-NGS-64134	no						PMC:PMC12445162
ARS-BFGL-NGS-64215	no						PMC:PMC12445162
ARS-BFGL-NGS-64270	no						PMC:PMC12445162
ARS-BFGL-NGS-64281	no						PMC:PMC12445162
ARS-BFGL-NGS-64298	no						PMC:PMC12445162
ARS-BFGL-NGS-64446	no						PMC:PMC12445162
ARS-BFGL-NGS-64451	no						PMC:PMC12445162
ARS-BFGL-NGS-64602	no						PMC:PMC12445162
ARS-BFGL-NGS-64628	no						PMC:PMC12445162
ARS-BFGL-NGS-64629	no						PMC:PMC12445162
ARS-BFGL-NGS-64689	no						PMC:PMC12445162
ARS-BFGL-NGS-64717	no						PMC:PMC12445162
ARS-BFGL-NGS-64841	no						PMC:PMC12445162
ARS-BFGL-NGS-64876	no						PMC:PMC12445162
ARS-BFGL-NGS-64973	no						PMC:PMC12445162
ARS-BFGL-NGS-65062	no						PMC:PMC12445162
ARS-BFGL-NGS-65067	no						PMC:PMC12445162
ARS-BFGL-NGS-65082	no						PMC:PMC12445162
ARS-BFGL-NGS-65263	no						PMC:PMC12445162
ARS-BFGL-NGS-65358	no						PMC:PMC12445162
ARS-BFGL-NGS-6536	no						PMC:PMC12445162
ARS-BFGL-NGS-65373	no						PMC:PMC12445162
ARS-BFGL-NGS-65432	no						PMC:PMC12445162
ARS-BFGL-NGS-65440	no						PMC:PMC12445162
ARS-BFGL-NGS-65602	no						PMC:PMC12445162
ARS-BFGL-NGS-65669	no						PMC:PMC12445162
ARS-BFGL-NGS-65726	no						PMC:PMC12445162
ARS-BFGL-NGS-65768	no						PMC:PMC12445162
ARS-BFGL-NGS-65788	no						PMC:PMC12445162
ARS-BFGL-NGS-65835	no						PMC:PMC12445162
ARS-BFGL-NGS-66143	no						PMC:PMC12445162
ARS-BFGL-NGS-66207	no						PMC:PMC12445162
ARS-BFGL-NGS-6623	no						PMC:PMC12445162
ARS-BFGL-NGS-66271	no						PMC:PMC12445162
ARS-BFGL-NGS-66328	no						PMC:PMC12445162
ARS-BFGL-NGS-6633	no						PMC:PMC12445162
ARS-BFGL-NGS-66369	no						PMC:PMC12445162
ARS-BFGL-NGS-66393	no						PMC:PMC12445162
ARS-BFGL-NGS-66442	no						PMC:PMC12445162
ARS-BFGL-NGS-66512	no						PMC:PMC12445162
ARS-BFGL-NGS-66558	no						PMC:PMC12445162
ARS-BFGL-NGS-66596	no						PMC:PMC12445162
ARS-BFGL-NGS-66628	no						PMC:PMC12445162
ARS-BFGL-NGS-66643	no						PMC:PMC12445162
ARS-BFGL-NGS-66668	no						PMC:PMC12445162
ARS-BFGL-NGS-66677	no						PMC:PMC12445162
ARS-BFGL-NGS-66719	no						PMC:PMC12445162
ARS-BFGL-NGS-66875	no						PMC:PMC12445162
ARS-BFGL-NGS-67047	no						PMC:PMC12445162
ARS-BFGL-NGS-67146	no						PMC:PMC12445162
ARS-BFGL-NGS-67161	no						PMC:PMC12445162
ARS-BFGL-NGS-67195	no						PMC:PMC12445162
ARS-BFGL-NGS-67203	no						PMC:PMC12445162
ARS-BFGL-NGS-67232	no						PMC:PMC12445162
ARS-BFGL-NGS-67259	no						PMC:PMC12445162
ARS-BFGL-NGS-67260	no						PMC:PMC12445162
ARS-BFGL-NGS-67275	no						PMC:PMC12445162
ARS-BFGL-NGS-67327	no						PMC:PMC12445162
ARS-BFGL-NGS-67339	no						PMC:PMC12445162
ARS-BFGL-NGS-6748	no						PMC:PMC12445162
ARS-BFGL-NGS-67535	no						PMC:PMC12445162
ARS-BFGL-NGS-67597	no						PMC:PMC12445162
ARS-BFGL-NGS-676	no						PMC:PMC12445162
ARS-BFGL-NGS-67669	no						PMC:PMC12445162
ARS-BFGL-NGS-67719	no						PMC:PMC12445162
ARS-BFGL-NGS-67754	no						PMC:PMC12445162
ARS-BFGL-NGS-67788	no						PMC:PMC12445162
ARS-BFGL-NGS-67872	no						PMC:PMC12445162
ARS-BFGL-NGS-67885	no						PMC:PMC12445162
ARS-BFGL-NGS-67889	no						PMC:PMC12445162
ARS-BFGL-NGS-67926	no						PMC:PMC12445162
ARS-BFGL-NGS-67961	no						PMC:PMC12445162
ARS-BFGL-NGS-67968	no						PMC:PMC12445162
ARS-BFGL-NGS-6802	no						PMC:PMC12445162
ARS-BFGL-NGS-68030	no						PMC:PMC12445162
ARS-BFGL-NGS-6805	no						PMC:PMC12445162
ARS-BFGL-NGS-68102	no						PMC:PMC12445162
ARS-BFGL-NGS-6814	no						PMC:PMC12445162
ARS-BFGL-NGS-68193	no						PMC:PMC12445162
ARS-BFGL-NGS-6826	no						PMC:PMC12445162
ARS-BFGL-NGS-68307	no						PMC:PMC12445162
ARS-BFGL-NGS-68458	no						PMC:PMC12445162
ARS-BFGL-NGS-68464	no						PMC:PMC12445162
ARS-BFGL-NGS-68679	no						PMC:PMC12445162
ARS-BFGL-NGS-68682	no						PMC:PMC12445162
ARS-BFGL-NGS-68683	no						PMC:PMC12445162
ARS-BFGL-NGS-68709	no						PMC:PMC12445162
ARS-BFGL-NGS-68739	no						PMC:PMC12445162
ARS-BFGL-NGS-6876	no						PMC:PMC12445162
ARS-BFGL-NGS-68798	no						PMC:PMC12445162
ARS-BFGL-NGS-68808	no						PMC:PMC12445162
ARS-BFGL-NGS-68850	no						PMC:PMC12445162
ARS-BFGL-NGS-68861	no						PMC:PMC12445162
ARS-BFGL-NGS-68915	no						PMC:PMC12445162
ARS-BFGL-NGS-68962	no						PMC:PMC12445162
ARS-BFGL-NGS-69000	no						PMC:PMC12445162
ARS-BFGL-NGS-69005	no						PMC:PMC12445162
ARS-BFGL-NGS-69008	no						PMC:PMC12445162
ARS-BFGL-NGS-69065	no						PMC:PMC12445162
ARS-BFGL-NGS-69075	no						PMC:PMC12445162
ARS-BFGL-NGS-69094	no						PMC:PMC12445162
ARS-BFGL-NGS-69250	no						PMC:PMC12445162
ARS-BFGL-NGS-69251	no						PMC:PMC12445162
ARS-BFGL-NGS-69270	no						PMC:PMC12445162
ARS-BFGL-NGS-6936	no						PMC:PMC12445162
ARS-BFGL-NGS-69379	no						PMC:PMC12445162
ARS-BFGL-NGS-6947	no						PMC:PMC12445162
ARS-BFGL-NGS-69509	no						PMC:PMC12445162
ARS-BFGL-NGS-69516	no						PMC:PMC12445162
ARS-BFGL-NGS-6957	no						PMC:PMC12445162
ARS-BFGL-NGS-69651	no						PMC:PMC12445162
ARS-BFGL-NGS-69657	no						PMC:PMC12445162
ARS-BFGL-NGS-69661	no						PMC:PMC12445162
ARS-BFGL-NGS-69761	no						PMC:PMC12445162
ARS-BFGL-NGS-69961	no						PMC:PMC12445162
ARS-BFGL-NGS-69979	no						PMC:PMC12445162
ARS-BFGL-NGS-7003	no						PMC:PMC12445162
ARS-BFGL-NGS-70042	no						PMC:PMC12445162
ARS-BFGL-NGS-7020	no						PMC:PMC12445162
ARS-BFGL-NGS-70221	no						PMC:PMC12445162
ARS-BFGL-NGS-70229	no						PMC:PMC12445162
ARS-BFGL-NGS-70239	no						PMC:PMC12445162
ARS-BFGL-NGS-70300	no						PMC:PMC12445162
ARS-BFGL-NGS-70374	no						PMC:PMC12445162
ARS-BFGL-NGS-70438	no						PMC:PMC12445162
ARS-BFGL-NGS-70445	no						PMC:PMC12445162
ARS-BFGL-NGS-70466	no						PMC:PMC12445162
ARS-BFGL-NGS-70523	no						PMC:PMC12445162
ARS-BFGL-NGS-70552	no						PMC:PMC12445162
ARS-BFGL-NGS-70632	no						PMC:PMC12445162
ARS-BFGL-NGS-70685	no						PMC:PMC12445162
ARS-BFGL-NGS-70725	no						PMC:PMC12445162
ARS-BFGL-NGS-70744	no						PMC:PMC12445162
ARS-BFGL-NGS-70749	no						PMC:PMC12445162
ARS-BFGL-NGS-70792	no						PMC:PMC12445162
ARS-BFGL-NGS-70821	no						PMC:PMC12445162
ARS-BFGL-NGS-70946	no						PMC:PMC12445162
ARS-BFGL-NGS-70979	no						PMC:PMC12445162
ARS-BFGL-NGS-70984	no						PMC:PMC12445162
ARS-BFGL-NGS-71187	no						PMC:PMC12445162
ARS-BFGL-NGS-71263	no						PMC:PMC12445162
ARS-BFGL-NGS-71269	no						PMC:PMC12445162
ARS-BFGL-NGS-71314	no						PMC:PMC12445162
ARS-BFGL-NGS-71332	no						PMC:PMC12445162
ARS-BFGL-NGS-71379	no						PMC:PMC12445162
ARS-BFGL-NGS-71395	no						PMC:PMC12445162
ARS-BFGL-NGS-71542	no						PMC:PMC12445162
ARS-BFGL-NGS-71592	no						PMC:PMC12445162
ARS-BFGL-NGS-71741	no						PMC:PMC12445162
ARS-BFGL-NGS-71757	no						PMC:PMC12445162
ARS-BFGL-NGS-71925	no						PMC:PMC12445162
ARS-BFGL-NGS-7199	no						PMC:PMC12445162
ARS-BFGL-NGS-7208	no						PMC:PMC12445162
ARS-BFGL-NGS-72134	no						PMC:PMC12445162
ARS-BFGL-NGS-72163	no						PMC:PMC12445162
ARS-BFGL-NGS-72192	no						PMC:PMC12445162
ARS-BFGL-NGS-72290	no						PMC:PMC12445162
ARS-BFGL-NGS-72413	no						PMC:PMC12445162
ARS-BFGL-NGS-72418	no						PMC:PMC12445162
ARS-BFGL-NGS-72420	no						PMC:PMC12445162
ARS-BFGL-NGS-72471	no						PMC:PMC12445162
ARS-BFGL-NGS-72551	no						PMC:PMC12445162
ARS-BFGL-NGS-7266	no						PMC:PMC12445162
ARS-BFGL-NGS-72819	no						PMC:PMC12445162
ARS-BFGL-NGS-73082	no						PMC:PMC12445162
ARS-BFGL-NGS-73091	no						PMC:PMC12445162
ARS-BFGL-NGS-73114	no						PMC:PMC12445162
ARS-BFGL-NGS-73118	no						PMC:PMC12445162
ARS-BFGL-NGS-73260	no						PMC:PMC12445162
ARS-BFGL-NGS-73346	no						PMC:PMC12445162
ARS-BFGL-NGS-73390	no						PMC:PMC12445162
ARS-BFGL-NGS-7347	no						PMC:PMC12445162
ARS-BFGL-NGS-73531	no						PMC:PMC12445162
ARS-BFGL-NGS-73573	no						PMC:PMC12445162
ARS-BFGL-NGS-73644	no						PMC:PMC12445162
ARS-BFGL-NGS-73658	no						PMC:PMC12445162
ARS-BFGL-NGS-73716	no						PMC:PMC12445162
ARS-BFGL-NGS-73805	no						PMC:PMC12445162
ARS-BFGL-NGS-73826	no						PMC:PMC12445162
ARS-BFGL-NGS-73872	no						PMC:PMC12445162
ARS-BFGL-NGS-73903	no						PMC:PMC12445162
ARS-BFGL-NGS-7395	no						PMC:PMC12445162
ARS-BFGL-NGS-73955	no						PMC:PMC12445162
ARS-BFGL-NGS-73980	no						PMC:PMC12445162
ARS-BFGL-NGS-74050	no						PMC:PMC12445162
ARS-BFGL-NGS-74123	no						PMC:PMC12445162
ARS-BFGL-NGS-7420	no						PMC:PMC12445162
ARS-BFGL-NGS-7427	no						PMC:PMC12445162
ARS-BFGL-NGS-74285	no						PMC:PMC12445162
ARS-BFGL-NGS-74304	no						PMC:PMC12445162
ARS-BFGL-NGS-7433	no						PMC:PMC12445162
ARS-BFGL-NGS-74334	no						PMC:PMC12445162
ARS-BFGL-NGS-74380	no						PMC:PMC12445162
ARS-BFGL-NGS-74397	no						PMC:PMC12445162
ARS-BFGL-NGS-74419	no						PMC:PMC12445162
ARS-BFGL-NGS-74492	no						PMC:PMC12445162
ARS-BFGL-NGS-74518	no						PMC:PMC12445162
ARS-BFGL-NGS-74523	no						PMC:PMC12445162
ARS-BFGL-NGS-74562	no						PMC:PMC12445162
ARS-BFGL-NGS-74596	no						PMC:PMC12445162
ARS-BFGL-NGS-74635	no						PMC:PMC12445162
ARS-BFGL-NGS-7472	no						PMC:PMC12445162
ARS-BFGL-NGS-74724	no						PMC:PMC12445162
ARS-BFGL-NGS-74851	no						PMC:PMC12445162
ARS-BFGL-NGS-74871	no						PMC:PMC12445162
ARS-BFGL-NGS-74971	no						PMC:PMC12445162
ARS-BFGL-NGS-75040	no						PMC:PMC12445162
ARS-BFGL-NGS-75049	no						PMC:PMC12445162
ARS-BFGL-NGS-75066	no						PMC:PMC12445162
ARS-BFGL-NGS-75075	no						PMC:PMC12445162
ARS-BFGL-NGS-75100	no						PMC:PMC12445162
ARS-BFGL-NGS-75120	no						PMC:PMC12445162
ARS-BFGL-NGS-75199	no						PMC:PMC12445162
ARS-BFGL-NGS-75277	no						PMC:PMC12445162
ARS-BFGL-NGS-75368	no						PMC:PMC12445162
ARS-BFGL-NGS-75375	no						PMC:PMC12445162
ARS-BFGL-NGS-75379	no						PMC:PMC12445162
ARS-BFGL-NGS-75391	no						PMC:PMC12445162
ARS-BFGL-NGS-75483	no						PMC:PMC12445162
ARS-BFGL-NGS-75540	no						PMC:PMC12445162
ARS-BFGL-NGS-7556	no						PMC:PMC12445162
ARS-BFGL-NGS-75651	no						PMC:PMC12445162
ARS-BFGL-NGS-75663	no						PMC:PMC12445162
ARS-BFGL-NGS-75679	no						PMC:PMC12445162
ARS-BFGL-NGS-75693	no						PMC:PMC12445162
ARS-BFGL-NGS-75725	no						PMC:PMC12445162
ARS-BFGL-NGS-75773	no						PMC:PMC12445162
ARS-BFGL-NGS-75852	no						PMC:PMC12445162
ARS-BFGL-NGS-75856	no						PMC:PMC12445162
ARS-BFGL-NGS-7597	no						PMC:PMC12445162
ARS-BFGL-NGS-7600	no						PMC:PMC12445162
ARS-BFGL-NGS-76111	no						PMC:PMC12445162
ARS-BFGL-NGS-76122	no						PMC:PMC12445162
ARS-BFGL-NGS-76144	no						PMC:PMC12445162
ARS-BFGL-NGS-76160	no						PMC:PMC12445162
ARS-BFGL-NGS-76171	no						PMC:PMC12445162
ARS-BFGL-NGS-76178	no						PMC:PMC12445162
ARS-BFGL-NGS-76191	no						PMC:PMC12445162
ARS-BFGL-NGS-76223	no						PMC:PMC12445162
ARS-BFGL-NGS-7626	no						PMC:PMC12445162
ARS-BFGL-NGS-76281	no						PMC:PMC12445162
ARS-BFGL-NGS-76330	no						PMC:PMC12445162
ARS-BFGL-NGS-76336	no						PMC:PMC12445162
ARS-BFGL-NGS-76537	no						PMC:PMC12445162
ARS-BFGL-NGS-76541	no						PMC:PMC12445162
ARS-BFGL-NGS-76581	no						PMC:PMC12445162
ARS-BFGL-NGS-76621	no						PMC:PMC12445162
ARS-BFGL-NGS-76629	no						PMC:PMC12445162
ARS-BFGL-NGS-76763	no						PMC:PMC12445162
ARS-BFGL-NGS-76787	no						PMC:PMC12445162
ARS-BFGL-NGS-76809	no						PMC:PMC12445162
ARS-BFGL-NGS-76872	no						PMC:PMC12445162
ARS-BFGL-NGS-77010	no						PMC:PMC12445162
ARS-BFGL-NGS-77060	no						PMC:PMC12445162
ARS-BFGL-NGS-77061	no						PMC:PMC12445162
ARS-BFGL-NGS-77091	no						PMC:PMC12445162
ARS-BFGL-NGS-7710	no						PMC:PMC12445162
ARS-BFGL-NGS-77115	no						PMC:PMC12445162
ARS-BFGL-NGS-77143	no						PMC:PMC12445162
ARS-BFGL-NGS-77146	no						PMC:PMC12445162
ARS-BFGL-NGS-77250	no						PMC:PMC12445162
ARS-BFGL-NGS-77259	no						PMC:PMC12445162
ARS-BFGL-NGS-77409	no						PMC:PMC12445162
ARS-BFGL-NGS-77425	no						PMC:PMC12445162
ARS-BFGL-NGS-77485	no						PMC:PMC12445162
ARS-BFGL-NGS-77689	no						PMC:PMC12445162
ARS-BFGL-NGS-7772	no						PMC:PMC12445162
ARS-BFGL-NGS-77747	no						PMC:PMC12445162
ARS-BFGL-NGS-77790	no						PMC:PMC12445162
ARS-BFGL-NGS-77843	no						PMC:PMC12445162
ARS-BFGL-NGS-77930	no						PMC:PMC12445162
ARS-BFGL-NGS-77983	no						PMC:PMC12445162
ARS-BFGL-NGS-78057	no						PMC:PMC12445162
ARS-BFGL-NGS-78095	no						PMC:PMC12445162
ARS-BFGL-NGS-7812	no						PMC:PMC12445162
ARS-BFGL-NGS-783	no						PMC:PMC12445162
ARS-BFGL-NGS-78314	no						PMC:PMC12445162
ARS-BFGL-NGS-78487	no						PMC:PMC12445162
ARS-BFGL-NGS-78511	no						PMC:PMC12445162
ARS-BFGL-NGS-78514	no						PMC:PMC12445162
ARS-BFGL-NGS-78530	no						PMC:PMC12445162
ARS-BFGL-NGS-78549	no						PMC:PMC12445162
ARS-BFGL-NGS-78642	no						PMC:PMC12445162
ARS-BFGL-NGS-78665	no						PMC:PMC12445162
ARS-BFGL-NGS-78784	no						PMC:PMC12445162
ARS-BFGL-NGS-78856	no						PMC:PMC12445162
ARS-BFGL-NGS-78861	no						PMC:PMC12445162
ARS-BFGL-NGS-78864	no						PMC:PMC12445162
ARS-BFGL-NGS-79259	no						PMC:PMC12445162
ARS-BFGL-NGS-79429	no						PMC:PMC12445162
ARS-BFGL-NGS-79449	no						PMC:PMC12445162
ARS-BFGL-NGS-79458	no						PMC:PMC12445162
ARS-BFGL-NGS-79459	no						PMC:PMC12445162
ARS-BFGL-NGS-79484	no						PMC:PMC12445162
ARS-BFGL-NGS-79494	no						PMC:PMC12445162
ARS-BFGL-NGS-79591	no						PMC:PMC12445162
ARS-BFGL-NGS-79606	no						PMC:PMC12445162
ARS-BFGL-NGS-79659	no						PMC:PMC12445162
ARS-BFGL-NGS-7972	no						PMC:PMC12445162
ARS-BFGL-NGS-7979	no						PMC:PMC12445162
ARS-BFGL-NGS-79878	no						PMC:PMC12445162
ARS-BFGL-NGS-79910	no						PMC:PMC12445162
ARS-BFGL-NGS-79964	no						PMC:PMC12445162
ARS-BFGL-NGS-80026	no						PMC:PMC12445162
ARS-BFGL-NGS-80189	no						PMC:PMC12445162
ARS-BFGL-NGS-80200	no						PMC:PMC12445162
ARS-BFGL-NGS-80218	no						PMC:PMC12445162
ARS-BFGL-NGS-80227	no						PMC:PMC12445162
ARS-BFGL-NGS-80442	no						PMC:PMC12445162
ARS-BFGL-NGS-80477	no						PMC:PMC12445162
ARS-BFGL-NGS-80508	no						PMC:PMC12445162
ARS-BFGL-NGS-8051	no						PMC:PMC12445162
ARS-BFGL-NGS-80528	no						PMC:PMC12445162
ARS-BFGL-NGS-80584	no						PMC:PMC12445162
ARS-BFGL-NGS-80625	no						PMC:PMC12445162
ARS-BFGL-NGS-80689	no						PMC:PMC12445162
ARS-BFGL-NGS-80785	no						PMC:PMC12445162
ARS-BFGL-NGS-80802	no						PMC:PMC12445162
ARS-BFGL-NGS-80813	no						PMC:PMC12445162
ARS-BFGL-NGS-80841	no						PMC:PMC12445162
ARS-BFGL-NGS-810	no						PMC:PMC12445162
ARS-BFGL-NGS-81031	no						PMC:PMC12445162
ARS-BFGL-NGS-8104	no						PMC:PMC12445162
ARS-BFGL-NGS-8112	no						PMC:PMC12445162
ARS-BFGL-NGS-81131	no						PMC:PMC12445162
ARS-BFGL-NGS-81155	no						PMC:PMC12445162
ARS-BFGL-NGS-81228	no						PMC:PMC12445162
ARS-BFGL-NGS-81231	no						PMC:PMC12445162
ARS-BFGL-NGS-81301	no						PMC:PMC12445162
ARS-BFGL-NGS-8142	no						PMC:PMC12445162
ARS-BFGL-NGS-81428	no						PMC:PMC12445162
ARS-BFGL-NGS-81507	no						PMC:PMC12445162
ARS-BFGL-NGS-81636	no						PMC:PMC12445162
ARS-BFGL-NGS-81817	no						PMC:PMC12445162
ARS-BFGL-NGS-81863	no						PMC:PMC12445162
ARS-BFGL-NGS-8193	no						PMC:PMC12445162
ARS-BFGL-NGS-81937	no						PMC:PMC12445162
ARS-BFGL-NGS-81952	no						PMC:PMC12445162
ARS-BFGL-NGS-82082	no						PMC:PMC12445162
ARS-BFGL-NGS-82140	no						PMC:PMC12445162
ARS-BFGL-NGS-82152	no						PMC:PMC12445162
ARS-BFGL-NGS-82167	no						PMC:PMC12445162
ARS-BFGL-NGS-82204	no						PMC:PMC12445162
ARS-BFGL-NGS-82231	no						PMC:PMC12445162
ARS-BFGL-NGS-82245	no						PMC:PMC12445162
ARS-BFGL-NGS-8229	no						PMC:PMC12445162
ARS-BFGL-NGS-82324	no						PMC:PMC12445162
ARS-BFGL-NGS-82334	no						PMC:PMC12445162
ARS-BFGL-NGS-82373	no						PMC:PMC12445162
ARS-BFGL-NGS-82386	no						PMC:PMC12445162
ARS-BFGL-NGS-82390	no						PMC:PMC12445162
ARS-BFGL-NGS-8255	no						PMC:PMC12445162
ARS-BFGL-NGS-82717	no						PMC:PMC12445162
ARS-BFGL-NGS-82778	no						PMC:PMC12445162
ARS-BFGL-NGS-82854	no						PMC:PMC12445162
ARS-BFGL-NGS-82859	no						PMC:PMC12445162
ARS-BFGL-NGS-82906	no						PMC:PMC12445162
ARS-BFGL-NGS-8293	no						PMC:PMC12445162
ARS-BFGL-NGS-82976	no						PMC:PMC12445162
ARS-BFGL-NGS-82989	no						PMC:PMC12445162
ARS-BFGL-NGS-83035	no						PMC:PMC12445162
ARS-BFGL-NGS-83068	no						PMC:PMC12445162
ARS-BFGL-NGS-83128	no						PMC:PMC12445162
ARS-BFGL-NGS-83161	no						PMC:PMC12445162
ARS-BFGL-NGS-83167	no						PMC:PMC12445162
ARS-BFGL-NGS-83233	no						PMC:PMC12445162
ARS-BFGL-NGS-83273	no						PMC:PMC12445162
ARS-BFGL-NGS-83318	no						PMC:PMC12445162
ARS-BFGL-NGS-83344	no						PMC:PMC12445162
ARS-BFGL-NGS-83490	no						PMC:PMC12445162
ARS-BFGL-NGS-835	no						PMC:PMC12445162
ARS-BFGL-NGS-83535	no						PMC:PMC12445162
ARS-BFGL-NGS-83586	no						PMC:PMC12445162
ARS-BFGL-NGS-83593	no						PMC:PMC12445162
ARS-BFGL-NGS-83612	no						PMC:PMC12445162
ARS-BFGL-NGS-83665	no						PMC:PMC12445162
ARS-BFGL-NGS-83683	no						PMC:PMC12445162
ARS-BFGL-NGS-83811	no						PMC:PMC12445162
ARS-BFGL-NGS-8384	no						PMC:PMC12445162
ARS-BFGL-NGS-84009	no						PMC:PMC12445162
ARS-BFGL-NGS-84065	no						PMC:PMC12445162
ARS-BFGL-NGS-84088	no						PMC:PMC12445162
ARS-BFGL-NGS-84148	no						PMC:PMC12445162
ARS-BFGL-NGS-84153	no						PMC:PMC12445162
ARS-BFGL-NGS-84180	no						PMC:PMC12445162
ARS-BFGL-NGS-84218	no						PMC:PMC12445162
ARS-BFGL-NGS-84222	no						PMC:PMC12445162
ARS-BFGL-NGS-84326	no						PMC:PMC12445162
ARS-BFGL-NGS-84327	no						PMC:PMC12445162
ARS-BFGL-NGS-84417	no						PMC:PMC12445162
ARS-BFGL-NGS-84424	no						PMC:PMC12445162
ARS-BFGL-NGS-84443	no						PMC:PMC12445162
ARS-BFGL-NGS-84611	no						PMC:PMC12445162
ARS-BFGL-NGS-84635	no						PMC:PMC12445162
ARS-BFGL-NGS-84687	no						PMC:PMC12445162
ARS-BFGL-NGS-8471	no						PMC:PMC12445162
ARS-BFGL-NGS-84799	no						PMC:PMC12445162
ARS-BFGL-NGS-84831	no						PMC:PMC12445162
ARS-BFGL-NGS-84867	no						PMC:PMC12445162
ARS-BFGL-NGS-84887	no						PMC:PMC12445162
ARS-BFGL-NGS-84998	no						PMC:PMC12445162
ARS-BFGL-NGS-85031	no						PMC:PMC12445162
ARS-BFGL-NGS-85094	no						PMC:PMC12445162
ARS-BFGL-NGS-85105	no						PMC:PMC12445162
ARS-BFGL-NGS-85152	no						PMC:PMC12445162
ARS-BFGL-NGS-85209	no						PMC:PMC12445162
ARS-BFGL-NGS-85269	no						PMC:PMC12445162
ARS-BFGL-NGS-85284	no						PMC:PMC12445162
ARS-BFGL-NGS-85289	no						PMC:PMC12445162
ARS-BFGL-NGS-85297	no						PMC:PMC12445162
ARS-BFGL-NGS-85334	no						PMC:PMC12445162
ARS-BFGL-NGS-85411	no						PMC:PMC12445162
ARS-BFGL-NGS-8545	no						PMC:PMC12445162
ARS-BFGL-NGS-85480	no						PMC:PMC12445162
ARS-BFGL-NGS-85516	no						PMC:PMC12445162
ARS-BFGL-NGS-85638	no						PMC:PMC12445162
ARS-BFGL-NGS-85679	no						PMC:PMC12445162
ARS-BFGL-NGS-85703	no						PMC:PMC12445162
ARS-BFGL-NGS-85768	no						PMC:PMC12445162
ARS-BFGL-NGS-85778	no						PMC:PMC12445162
ARS-BFGL-NGS-85797	no						PMC:PMC12445162
ARS-BFGL-NGS-85808	no						PMC:PMC12445162
ARS-BFGL-NGS-85864	no						PMC:PMC12445162
ARS-BFGL-NGS-85875	no						PMC:PMC12445162
ARS-BFGL-NGS-85925	no						PMC:PMC12445162
ARS-BFGL-NGS-8596	no						PMC:PMC12445162
ARS-BFGL-NGS-85970	no						PMC:PMC12445162
ARS-BFGL-NGS-85976	no						PMC:PMC12445162
ARS-BFGL-NGS-86056	no						PMC:PMC12445162
ARS-BFGL-NGS-86075	no						PMC:PMC12445162
ARS-BFGL-NGS-86145	no						PMC:PMC12445162
ARS-BFGL-NGS-86175	no						PMC:PMC12445162
ARS-BFGL-NGS-86183	no						PMC:PMC12445162
ARS-BFGL-NGS-86242	no						PMC:PMC12445162
ARS-BFGL-NGS-8631	no						PMC:PMC12445162
ARS-BFGL-NGS-86348	no						PMC:PMC12445162
ARS-BFGL-NGS-86384	no						PMC:PMC12445162
ARS-BFGL-NGS-86428	no						PMC:PMC12445162
ARS-BFGL-NGS-86454	no						PMC:PMC12445162
ARS-BFGL-NGS-86458	no						PMC:PMC12445162
ARS-BFGL-NGS-86512	no						PMC:PMC12445162
ARS-BFGL-NGS-86565	no						PMC:PMC12445162
ARS-BFGL-NGS-86611	no						PMC:PMC12445162
ARS-BFGL-NGS-86662	no						PMC:PMC12445162
ARS-BFGL-NGS-86780	no						PMC:PMC12445162
ARS-BFGL-NGS-86825	no						PMC:PMC12445162
ARS-BFGL-NGS-86934	no						PMC:PMC12445162
ARS-BFGL-NGS-87042	no						PMC:PMC12445162
ARS-BFGL-NGS-87102	no						PMC:PMC12445162
ARS-BFGL-NGS-87171	no						PMC:PMC12445162
ARS-BFGL-NGS-87203	no						PMC:PMC12445162
ARS-BFGL-NGS-87277	no						PMC:PMC12445162
ARS-BFGL-NGS-87317	no						PMC:PMC12445162
ARS-BFGL-NGS-87352	no						PMC:PMC12445162
ARS-BFGL-NGS-87354	no						PMC:PMC12445162
ARS-BFGL-NGS-87371	no						PMC:PMC12445162
ARS-BFGL-NGS-87397	no						PMC:PMC12445162
ARS-BFGL-NGS-87466	no						PMC:PMC12445162
ARS-BFGL-NGS-87492	no						PMC:PMC12445162
ARS-BFGL-NGS-87570	no						PMC:PMC12445162
ARS-BFGL-NGS-87679	no						PMC:PMC12445162
ARS-BFGL-NGS-87789	no						PMC:PMC12445162
ARS-BFGL-NGS-878	no						PMC:PMC12445162
ARS-BFGL-NGS-87800	no						PMC:PMC12445162
ARS-BFGL-NGS-87825	no						PMC:PMC12445162
ARS-BFGL-NGS-87853	no						PMC:PMC12445162
ARS-BFGL-NGS-87857	no						PMC:PMC12445162
ARS-BFGL-NGS-87888	no						PMC:PMC12445162
ARS-BFGL-NGS-87919	no						PMC:PMC12445162
ARS-BFGL-NGS-87964	no						PMC:PMC12445162
ARS-BFGL-NGS-88000	no						PMC:PMC12445162
ARS-BFGL-NGS-88019	no						PMC:PMC12445162
ARS-BFGL-NGS-88023	no						PMC:PMC12445162
ARS-BFGL-NGS-88036	no						PMC:PMC12445162
ARS-BFGL-NGS-88100	no						PMC:PMC12445162
ARS-BFGL-NGS-88184	no						PMC:PMC12445162
ARS-BFGL-NGS-8821	no						PMC:PMC12445162
ARS-BFGL-NGS-88377	no						PMC:PMC12445162
ARS-BFGL-NGS-88389	no						PMC:PMC12445162
ARS-BFGL-NGS-88483	no						PMC:PMC12445162
ARS-BFGL-NGS-88529	no						PMC:PMC12445162
ARS-BFGL-NGS-88546	no						PMC:PMC12445162
ARS-BFGL-NGS-88567	no						PMC:PMC12445162
ARS-BFGL-NGS-88686	no						PMC:PMC12445162
ARS-BFGL-NGS-88709	no						PMC:PMC12445162
ARS-BFGL-NGS-88746	no						PMC:PMC12445162
ARS-BFGL-NGS-88829	no						PMC:PMC12445162
ARS-BFGL-NGS-88866	no						PMC:PMC12445162
ARS-BFGL-NGS-88871	no						PMC:PMC12445162
ARS-BFGL-NGS-88930	no						PMC:PMC12445162
ARS-BFGL-NGS-89007	no						PMC:PMC12445162
ARS-BFGL-NGS-89011	no						PMC:PMC12445162
ARS-BFGL-NGS-89019	no						PMC:PMC12445162
ARS-BFGL-NGS-8905	no						PMC:PMC12445162
ARS-BFGL-NGS-89098	no						PMC:PMC12445162
ARS-BFGL-NGS-89177	no						PMC:PMC12445162
ARS-BFGL-NGS-89239	no						PMC:PMC12445162
ARS-BFGL-NGS-89312	no						PMC:PMC12445162
ARS-BFGL-NGS-89368	no						PMC:PMC12445162
ARS-BFGL-NGS-89374	no						PMC:PMC12445162
ARS-BFGL-NGS-89379	no						PMC:PMC12445162
ARS-BFGL-NGS-89415	no						PMC:PMC12445162
ARS-BFGL-NGS-89423	no						PMC:PMC12445162
ARS-BFGL-NGS-89437	no						PMC:PMC12445162
ARS-BFGL-NGS-89478	no						PMC:PMC12445162
ARS-BFGL-NGS-89491	no						PMC:PMC12445162
ARS-BFGL-NGS-89500	no						PMC:PMC12445162
ARS-BFGL-NGS-89509	no						PMC:PMC12445162
ARS-BFGL-NGS-89510	no						PMC:PMC12445162
ARS-BFGL-NGS-89563	no						PMC:PMC12445162
ARS-BFGL-NGS-89567	no						PMC:PMC12445162
ARS-BFGL-NGS-89588	no						PMC:PMC12445162
ARS-BFGL-NGS-89627	no						PMC:PMC12445162
ARS-BFGL-NGS-89711	no						PMC:PMC12445162
ARS-BFGL-NGS-89740	no						PMC:PMC12445162
ARS-BFGL-NGS-8982	no						PMC:PMC12445162
ARS-BFGL-NGS-89877	no						PMC:PMC12445162
ARS-BFGL-NGS-89894	no						PMC:PMC12445162
ARS-BFGL-NGS-90043	no						PMC:PMC12445162
ARS-BFGL-NGS-90115	no						PMC:PMC12445162
ARS-BFGL-NGS-90133	no						PMC:PMC12445162
ARS-BFGL-NGS-90250	no						PMC:PMC12445162
ARS-BFGL-NGS-90266	no						PMC:PMC12445162
ARS-BFGL-NGS-9028	no						PMC:PMC12445162
ARS-BFGL-NGS-90287	no						PMC:PMC12445162
ARS-BFGL-NGS-90295	no						PMC:PMC12445162
ARS-BFGL-NGS-90297	no						PMC:PMC12445162
ARS-BFGL-NGS-90328	no						PMC:PMC12445162
ARS-BFGL-NGS-90359	no						PMC:PMC12445162
ARS-BFGL-NGS-90439	no						PMC:PMC12445162
ARS-BFGL-NGS-90520	no						PMC:PMC12445162
ARS-BFGL-NGS-90570	no						PMC:PMC12445162
ARS-BFGL-NGS-90610	no						PMC:PMC12445162
ARS-BFGL-NGS-90695	no						PMC:PMC12445162
ARS-BFGL-NGS-90717	no						PMC:PMC12445162
ARS-BFGL-NGS-90721	no						PMC:PMC12445162
ARS-BFGL-NGS-90746	no						PMC:PMC12445162
ARS-BFGL-NGS-90760	no						PMC:PMC12445162
ARS-BFGL-NGS-91002	no						PMC:PMC12445162
ARS-BFGL-NGS-91055	no						PMC:PMC12445162
ARS-BFGL-NGS-91059	no						PMC:PMC12445162
ARS-BFGL-NGS-91126	no						PMC:PMC12445162
ARS-BFGL-NGS-91167	no						PMC:PMC12445162
ARS-BFGL-NGS-91269	no						PMC:PMC12445162
ARS-BFGL-NGS-91439	no						PMC:PMC12445162
ARS-BFGL-NGS-91441	no						PMC:PMC12445162
ARS-BFGL-NGS-91530	no						PMC:PMC12445162
ARS-BFGL-NGS-91673	no						PMC:PMC12445162
ARS-BFGL-NGS-91675	no						PMC:PMC12445162
ARS-BFGL-NGS-91705	no						PMC:PMC12445162
ARS-BFGL-NGS-91718	no						PMC:PMC12445162
ARS-BFGL-NGS-91867	no						PMC:PMC12445162
ARS-BFGL-NGS-92011	no						PMC:PMC12445162
ARS-BFGL-NGS-92044	no						PMC:PMC12445162
ARS-BFGL-NGS-92104	no						PMC:PMC12445162
ARS-BFGL-NGS-92135	no						PMC:PMC12445162
ARS-BFGL-NGS-92169	no						PMC:PMC12445162
ARS-BFGL-NGS-92227	no						PMC:PMC12445162
ARS-BFGL-NGS-92296	no						PMC:PMC12445162
ARS-BFGL-NGS-92303	no						PMC:PMC12445162
ARS-BFGL-NGS-92358	no						PMC:PMC12445162
ARS-BFGL-NGS-92420	no						PMC:PMC12445162
ARS-BFGL-NGS-92438	no						PMC:PMC12445162
ARS-BFGL-NGS-92445	no						PMC:PMC12445162
ARS-BFGL-NGS-92508	no						PMC:PMC12445162
ARS-BFGL-NGS-92523	no						PMC:PMC12445162
ARS-BFGL-NGS-92532	no						PMC:PMC12445162
ARS-BFGL-NGS-92544	no						PMC:PMC12445162
ARS-BFGL-NGS-92582	no						PMC:PMC12445162
ARS-BFGL-NGS-92626	no						PMC:PMC12445162
ARS-BFGL-NGS-92628	no						PMC:PMC12445162
ARS-BFGL-NGS-92736	no						PMC:PMC12445162
ARS-BFGL-NGS-92774	no						PMC:PMC12445162
ARS-BFGL-NGS-92793	no						PMC:PMC12445162
ARS-BFGL-NGS-92824	no						PMC:PMC12445162
ARS-BFGL-NGS-92859	no						PMC:PMC12445162
ARS-BFGL-NGS-92931	no						PMC:PMC12445162
ARS-BFGL-NGS-92946	no						PMC:PMC12445162
ARS-BFGL-NGS-93119	no						PMC:PMC12445162
ARS-BFGL-NGS-93210	no						PMC:PMC12445162
ARS-BFGL-NGS-93283	no						PMC:PMC12445162
ARS-BFGL-NGS-93354	no						PMC:PMC12445162
ARS-BFGL-NGS-93529	no						PMC:PMC12445162
ARS-BFGL-NGS-93535	no						PMC:PMC12445162
ARS-BFGL-NGS-93652	no						PMC:PMC12445162
ARS-BFGL-NGS-93660	no						PMC:PMC12445162
ARS-BFGL-NGS-93711	no						PMC:PMC12445162
ARS-BFGL-NGS-93816	no						PMC:PMC12445162
ARS-BFGL-NGS-9388	no						PMC:PMC12445162
ARS-BFGL-NGS-93937	no						PMC:PMC12445162
ARS-BFGL-NGS-93995	no						PMC:PMC12445162
ARS-BFGL-NGS-93998	no						PMC:PMC12445162
ARS-BFGL-NGS-94020	no						PMC:PMC12445162
ARS-BFGL-NGS-94086	no						PMC:PMC12445162
ARS-BFGL-NGS-94205	no						PMC:PMC12445162
ARS-BFGL-NGS-94213	no						PMC:PMC12445162
ARS-BFGL-NGS-94543	no						PMC:PMC12445162
ARS-BFGL-NGS-94657	no						PMC:PMC12445162
ARS-BFGL-NGS-94682	no						PMC:PMC12445162
ARS-BFGL-NGS-94706	no						PMC:PMC12445162
ARS-BFGL-NGS-94720	no						PMC:PMC12445162
ARS-BFGL-NGS-94742	no						PMC:PMC12445162
ARS-BFGL-NGS-94895	no						PMC:PMC12445162
ARS-BFGL-NGS-94949	no						PMC:PMC12445162
ARS-BFGL-NGS-94983	no						PMC:PMC12445162
ARS-BFGL-NGS-95004	no						PMC:PMC12445162
ARS-BFGL-NGS-95033	no						PMC:PMC12445162
ARS-BFGL-NGS-95035	no						PMC:PMC12445162
ARS-BFGL-NGS-95100	no						PMC:PMC12445162
ARS-BFGL-NGS-95155	no						PMC:PMC12445162
ARS-BFGL-NGS-95195	no						PMC:PMC12445162
ARS-BFGL-NGS-95196	no						PMC:PMC12445162
ARS-BFGL-NGS-95296	no						PMC:PMC12445162
ARS-BFGL-NGS-95318	no						PMC:PMC12445162
ARS-BFGL-NGS-95328	no						PMC:PMC12445162
ARS-BFGL-NGS-95360	no						PMC:PMC12445162
ARS-BFGL-NGS-96026	no						PMC:PMC12445162
ARS-BFGL-NGS-96040	no						PMC:PMC12445162
ARS-BFGL-NGS-96067	no						PMC:PMC12445162
ARS-BFGL-NGS-96076	no						PMC:PMC12445162
ARS-BFGL-NGS-96125	no						PMC:PMC12445162
ARS-BFGL-NGS-96184	no						PMC:PMC12445162
ARS-BFGL-NGS-96258	no						PMC:PMC12445162
ARS-BFGL-NGS-96271	no						PMC:PMC12445162
ARS-BFGL-NGS-9633	no						PMC:PMC12445162
ARS-BFGL-NGS-96376	no						PMC:PMC12445162
ARS-BFGL-NGS-96496	no						PMC:PMC12445162
ARS-BFGL-NGS-96668	no						PMC:PMC12445162
ARS-BFGL-NGS-96769	no						PMC:PMC12445162
ARS-BFGL-NGS-96822	no						PMC:PMC12445162
ARS-BFGL-NGS-96933	no						PMC:PMC12445162
ARS-BFGL-NGS-97012	no						PMC:PMC12445162
ARS-BFGL-NGS-97040	no						PMC:PMC12445162
ARS-BFGL-NGS-9708	no						PMC:PMC12445162
ARS-BFGL-NGS-97095	no						PMC:PMC12445162
ARS-BFGL-NGS-97101	no						PMC:PMC12445162
ARS-BFGL-NGS-97125	no						PMC:PMC12445162
ARS-BFGL-NGS-97128	no						PMC:PMC12445162
ARS-BFGL-NGS-97136	no						PMC:PMC12445162
ARS-BFGL-NGS-97447	no						PMC:PMC12445162
ARS-BFGL-NGS-97534	no						PMC:PMC12445162
ARS-BFGL-NGS-97597	no						PMC:PMC12445162
ARS-BFGL-NGS-97709	no						PMC:PMC12445162
ARS-BFGL-NGS-97747	no						PMC:PMC12445162
ARS-BFGL-NGS-97963	no						PMC:PMC12445162
ARS-BFGL-NGS-98019	no						PMC:PMC12445162
ARS-BFGL-NGS-98138	no						PMC:PMC12445162
ARS-BFGL-NGS-98142	no						PMC:PMC12445162
ARS-BFGL-NGS-98203	no						PMC:PMC12445162
ARS-BFGL-NGS-98204	no						PMC:PMC12445162
ARS-BFGL-NGS-98210	no						PMC:PMC12445162
ARS-BFGL-NGS-98379	no						PMC:PMC12445162
ARS-BFGL-NGS-98393	no						PMC:PMC12445162
ARS-BFGL-NGS-98458	no						PMC:PMC12445162
ARS-BFGL-NGS-98511	no						PMC:PMC12445162
ARS-BFGL-NGS-98512	no						PMC:PMC12445162
ARS-BFGL-NGS-98521	no						PMC:PMC12445162
ARS-BFGL-NGS-98525	no						PMC:PMC12445162
ARS-BFGL-NGS-98526	no						PMC:PMC12445162
ARS-BFGL-NGS-98565	no						PMC:PMC12445162
ARS-BFGL-NGS-98588	no						PMC:PMC12445162
ARS-BFGL-NGS-98591	no						PMC:PMC12445162
ARS-BFGL-NGS-98652	no						PMC:PMC12445162
ARS-BFGL-NGS-98654	no						PMC:PMC12445162
ARS-BFGL-NGS-98747	no						PMC:PMC12445162
ARS-BFGL-NGS-98789	no						PMC:PMC12445162
ARS-BFGL-NGS-98808	no						PMC:PMC12445162
ARS-BFGL-NGS-98850	no						PMC:PMC12445162
ARS-BFGL-NGS-98867	no						PMC:PMC12445162
ARS-BFGL-NGS-98870	no						PMC:PMC12445162
ARS-BFGL-NGS-98964	no						PMC:PMC12445162
ARS-BFGL-NGS-98983	no						PMC:PMC12445162
ARS-BFGL-NGS-98990	no						PMC:PMC12445162
ARS-BFGL-NGS-99088	no						PMC:PMC12445162
ARS-BFGL-NGS-99128	no						PMC:PMC12445162
ARS-BFGL-NGS-99132	no						PMC:PMC12445162
ARS-BFGL-NGS-99210	no						PMC:PMC12445162
ARS-BFGL-NGS-99213	no						PMC:PMC12445162
ARS-BFGL-NGS-9922	no						PMC:PMC12445162
ARS-BFGL-NGS-99222	no						PMC:PMC12445162
ARS-BFGL-NGS-99256	no						PMC:PMC12445162
ARS-BFGL-NGS-99274	no						PMC:PMC12445162
ARS-BFGL-NGS-99338	no						PMC:PMC12445162
ARS-BFGL-NGS-99356	no						PMC:PMC12445162
ARS-BFGL-NGS-99368	no						PMC:PMC12445162
ARS-BFGL-NGS-99489	no						PMC:PMC12445162
ARS-BFGL-NGS-99491	no						PMC:PMC12445162
ARS-BFGL-NGS-99560	no						PMC:PMC12445162
ARS-BFGL-NGS-99585	no						PMC:PMC12445162
ARS-BFGL-NGS-99602	no						PMC:PMC12445162
ARS-BFGL-NGS-99693	no						PMC:PMC12445162
ARS-BFGL-NGS-99872	no						PMC:PMC12445162
ARS-BFGL-NGS-99892	no						PMC:PMC12445162
ARS-BFGL-NGS-99897	no						PMC:PMC12445162
ARS-USMARC	no						PMC:PMC12445162
ARS-USMARC-116	no						PMC:PMC12445162
ARS-USMARC-507	no						PMC:PMC12445162
ARS-USMARC-528	no						PMC:PMC12445162
ARS-USMARC-540	no						PMC:PMC12445162
ARS-USMARC-569	no						PMC:PMC12445162
ARS-USMARC-614	no						PMC:PMC12445162
ARS-USMARC-635	no						PMC:PMC12445162
ARS-USMARC-670	no						PMC:PMC12445162
ARS-USMARC-675	no						PMC:PMC12445162
ARS-USMARC-Parent-AY761135-rs29003723	no						PMC:PMC12445162
ARS-USMARC-Parent-AY776154-no-rs	no						PMC:PMC12445162
ARS-USMARC-Parent-AY841151-rs29003466	no						PMC:PMC12445162
ARS-USMARC-Parent-AY842472-rs29001941	no						PMC:PMC12445162
ARS-USMARC-Parent-AY842473-rs29001956	no						PMC:PMC12445162
ARS-USMARC-Parent-AY842474-rs29003226	no						PMC:PMC12445162
ARS-USMARC-Parent-AY842475-rs29002127	no						PMC:PMC12445162
ARS-USMARC-Parent-AY844963-rs17871338	no						PMC:PMC12445162
ARS-USMARC-Parent-AY849380-no-rs	no						PMC:PMC12445162
ARS-USMARC-Parent-AY849381-rs29003287	no						PMC:PMC12445162
ARS-USMARC-Parent-AY850194-no-rs	no						PMC:PMC12445162
ARS-USMARC-Parent-AY851162-no-rs	no						PMC:PMC12445162
ARS-USMARC-Parent-AY851163-rs17871661	no						PMC:PMC12445162
ARS-USMARC-Parent-AY853302-no-rs	no						PMC:PMC12445162
ARS-USMARC-Parent-AY853303-no-rs	no						PMC:PMC12445162
ARS-USMARC-Parent-AY856094-rs17871190	no						PMC:PMC12445162
ARS-USMARC-Parent-AY857620-rs17871214	no						PMC:PMC12445162
ARS-USMARC-Parent-AY858890-rs29002256	no						PMC:PMC12445162
ARS-USMARC-Parent-AY860426-no-rs	no						PMC:PMC12445162
ARS-USMARC-Parent-AY863214-rs17871744	no						PMC:PMC12445162
ARS-USMARC-Parent-AY914316-rs17871403	no						PMC:PMC12445162
ARS-USMARC-Parent-AY916666-no-rs	no						PMC:PMC12445162
ARS-USMARC-Parent-AY919868-rs29002211	no						PMC:PMC12445162
ARS-USMARC-Parent-AY929334-no-rs	no						PMC:PMC12445162
ARS-USMARC-Parent-AY937242-rs17872223	no						PMC:PMC12445162
ARS-USMARC-Parent-AY939849-rs17870274	no						PMC:PMC12445162
ARS-USMARC-Parent-AY941204-rs17872131	no						PMC:PMC12445162
ARS-USMARC-Parent-AY942198-rs29003010	no						PMC:PMC12445162
ARS-USMARC-Parent-AY943841-rs17871566	no						PMC:PMC12445162
ARS-USMARC-Parent-DQ381152-rs29002408	no						PMC:PMC12445162
ARS-USMARC-Parent-DQ381153-rs29012842	no						PMC:PMC12445162
ARS-USMARC-Parent-DQ404149-no-rs	no						PMC:PMC12445162
ARS-USMARC-Parent-DQ404150-rs29012530	no						PMC:PMC12445162
ARS-USMARC-Parent-DQ404151-rs29019282	no						PMC:PMC12445162
ARS-USMARC-Parent-DQ404152-rs29022245	no						PMC:PMC12445162
ARS-USMARC-Parent-DQ404153-no-rs	no						PMC:PMC12445162
ARS-USMARC-Parent-DQ422949-rs29011466	no						PMC:PMC12445162
ARS-USMARC-Parent-DQ422950-rs29012306	no						PMC:PMC12445162
ARS-USMARC-Parent-DQ435443-rs29010802	no						PMC:PMC12445162
ARS-USMARC-Parent-DQ451555-rs29010795	no						PMC:PMC12445162
ARS-USMARC-Parent-DQ468384-rs29003967	no						PMC:PMC12445162
ARS-USMARC-Parent-DQ470475-no-rs	no						PMC:PMC12445162
ARS-USMARC-Parent-DQ485413-no-rs	no						PMC:PMC12445162
ARS-USMARC-Parent-DQ489377-rs29026932	no						PMC:PMC12445162
ARS-USMARC-Parent-DQ500958-no-rs	no						PMC:PMC12445162
ARS-USMARC-Parent-DQ647186-rs29014143	no						PMC:PMC12445162
ARS-USMARC-Parent-DQ647187-rs29010510	no						PMC:PMC12445162
ARS-USMARC-Parent-DQ647188-rs29011099	no						PMC:PMC12445162
ARS-USMARC-Parent-DQ647189-rs29012226	no						PMC:PMC12445162
ARS-USMARC-Parent-DQ647190-rs29013632	no						PMC:PMC12445162
ARS-USMARC-Parent-DQ650635-rs29012174	no						PMC:PMC12445162
ARS-USMARC-Parent-DQ650636-rs29024525	no						PMC:PMC12445162
ARS-USMARC-Parent-DQ674265-rs29011266	no						PMC:PMC12445162
ARS-USMARC-Parent-DQ786757-rs29019900	no						PMC:PMC12445162
ARS-USMARC-Parent-DQ786758-rs29024430	no						PMC:PMC12445162
ARS-USMARC-Parent-DQ786759-rs29026696	no						PMC:PMC12445162
ARS-USMARC-Parent-DQ786761-rs29012840	no						PMC:PMC12445162
ARS-USMARC-Parent-DQ786762-rs29010772	no						PMC:PMC12445162
ARS-USMARC-Parent-DQ786763-rs29020472	no						PMC:PMC12445162
ARS-USMARC-Parent-DQ786764-no-rs	no						PMC:PMC12445162
ARS-USMARC-Parent-DQ786765-rs29009858	no						PMC:PMC12445162
ARS-USMARC-Parent-DQ786766-rs29012070	no						PMC:PMC12445162
ARS-USMARC-Parent-DQ789028-rs29017713	no						PMC:PMC12445162
ARS-USMARC-Parent-DQ832700-rs29012872	no						PMC:PMC12445162
ARS-USMARC-Parent-DQ837643-rs29018818	no						PMC:PMC12445162
ARS-USMARC-Parent-DQ837644-rs29010468	no						PMC:PMC12445162
ARS-USMARC-Parent-DQ837645-rs29015870	no						PMC:PMC12445162
ARS-USMARC-Parent-DQ837646-rs29012894	no						PMC:PMC12445162
ARS-USMARC-Parent-DQ839235-rs29012691	no						PMC:PMC12445162
ARS-USMARC-Parent-DQ846688-rs29023691	no						PMC:PMC12445162
ARS-USMARC-Parent-DQ846689-rs29011985	no						PMC:PMC12445162
ARS-USMARC-Parent-DQ846690-no-rs	no						PMC:PMC12445162
ARS-USMARC-Parent-DQ846691-rs29019814	no						PMC:PMC12445162
ARS-USMARC-Parent-DQ846692-rs29010281	no						PMC:PMC12445162
ARS-USMARC-Parent-DQ846693-rs29017621	no						PMC:PMC12445162
ARS-USMARC-Parent-DQ846694-rs29015842	no						PMC:PMC12445162
ARS-USMARC-Parent-DQ846695-no-rs	no						PMC:PMC12445162
ARS-USMARC-Parent-DQ866817-no-rs	no						PMC:PMC12445162
ARS-USMARC-Parent-DQ866818-rs29011701	no						PMC:PMC12445162
ARS-USMARC-Parent-DQ888309-rs29013741	no						PMC:PMC12445162
ARS-USMARC-Parent-DQ888310-rs29012422	no						PMC:PMC12445162
ARS-USMARC-Parent-DQ888311-rs29017313	no						PMC:PMC12445162
ARS-USMARC-Parent-DQ888312-rs29015945	no						PMC:PMC12445162
ARS-USMARC-Parent-DQ888313-no-rs	no						PMC:PMC12445162
ARS-USMARC-Parent-DQ916057-rs29009979	no						PMC:PMC12445162
ARS-USMARC-Parent-DQ916058-rs29016146	no						PMC:PMC12445162
ARS-USMARC-Parent-DQ916059-rs29009907	no						PMC:PMC12445162
ARS-USMARC-Parent-DQ984825-rs29012457	no						PMC:PMC12445162
ARS-USMARC-Parent-DQ984826-rs29027559	no						PMC:PMC12445162
ARS-USMARC-Parent-DQ984827-rs29012019	no						PMC:PMC12445162
ARS-USMARC-Parent-DQ984828-rs29010004	no						PMC:PMC12445162
ARS-USMARC-Parent-DQ990832-rs29015065	no						PMC:PMC12445162
ARS-USMARC-Parent-DQ990833-rs29010147	no						PMC:PMC12445162
ARS-USMARC-Parent-DQ990834-rs29013727	no						PMC:PMC12445162
ARS-USMARC-Parent-DQ990835-rs29012811	no						PMC:PMC12445162
ARS-USMARC-Parent-DQ995976-no-rs	no						PMC:PMC12445162
ARS-USMARC-Parent-DQ995977-rs29020834	no						PMC:PMC12445162
ARS-USMARC-Parent-EF026084-rs29025380	no						PMC:PMC12445162
ARS-USMARC-Parent-EF026085-rs29021607	no						PMC:PMC12445162
ARS-USMARC-Parent-EF026086-rs29013660	no						PMC:PMC12445162
ARS-USMARC-Parent-EF026087-rs29011643	no						PMC:PMC12445162
ARS-USMARC-Parent-EF028073-rs29014953	no						PMC:PMC12445162
ARS-USMARC-Parent-EF034080-rs29024749	no						PMC:PMC12445162
ARS-USMARC-Parent-EF034081-rs29009668	no						PMC:PMC12445162
ARS-USMARC-Parent-EF034082-rs29013532	no						PMC:PMC12445162
ARS-USMARC-Parent-EF034083-rs29018286	no						PMC:PMC12445162
ARS-USMARC-Parent-EF034084-rs29016185	no						PMC:PMC12445162
ARS-USMARC-Parent-EF034085-rs29025677	no						PMC:PMC12445162
ARS-USMARC-Parent-EF034086-no-rs	no						PMC:PMC12445162
ARS-USMARC-Parent-EF034087-no-rs	no						PMC:PMC12445162
ARS-USMARC-Parent-EF042090-no-rs	no						PMC:PMC12445162
ARS-USMARC-Parent-EF042091-rs29014974	no						PMC:PMC12445162
ARS-USMARC-Parent-EF089234-rs29020870	no						PMC:PMC12445162
ARS-USMARC-Parent-EF093509-rs29015170	no						PMC:PMC12445162
ARS-USMARC-Parent-EF093510-rs29010035	no						PMC:PMC12445162
ARS-USMARC-Parent-EF093511-rs29012316	no						PMC:PMC12445162
ARS-USMARC-Parent-EF093512-rs29013546	no						PMC:PMC12445162
ARS-USMARC-Parent-EF141102-rs29015783	no						PMC:PMC12445162
ARS-USMARC-Parent-EF150946-rs29023666	no						PMC:PMC12445162
ARS-USMARC-Parent-EF164803-rs29011141	no						PMC:PMC12445162
BMP15-FecXB	no						PMC:PMC12445162
BMP15-FecXB-OARX-50971020	no						PMC:PMC12445162
BMP15-FecXC	no						PMC:PMC12445162
BMP15-FecXC-OARX-50971725	no						PMC:PMC12445162
BMP15-FecXG	no						PMC:PMC12445162
BMP15-FecXG-OAR-50971402	no						PMC:PMC12445162
CSN1S1-Ab-allele-1-2	no						PMC:PMC12445162
CSN1S1-Ab-allele-3	no						PMC:PMC12445162
CSN1S1-Ab-allele-4	no						PMC:PMC12445162
Ehlers-Danlos	no						PMC:PMC12445162
Ehlers-Danlos Syndrome, type VI	no						PMC:PMC12445162
Hapmap13023-BTA	no						PMC:PMC12445162
Hapmap13023-BTA-95276	no						PMC:PMC12445162
Hapmap1389-BTA	no						PMC:PMC12445162
Hapmap1389-BTA-110081	no						PMC:PMC12445162
Hapmap1583-BTA	no						PMC:PMC12445162
Hapmap1583-BTA-111660	no						PMC:PMC12445162
Hapmap22686-BTC	no						PMC:PMC12445162
Hapmap22686-BTC-044345	no						PMC:PMC12445162
Hapmap22691-BTC	no						PMC:PMC12445162
Hapmap22691-BTC-065298	no						PMC:PMC12445162
Hapmap22750-BTA	no						PMC:PMC12445162
Hapmap22750-BTA-147676	no						PMC:PMC12445162
Hapmap22809-BTA	no						PMC:PMC12445162
Hapmap22809-BTA-155621	no						PMC:PMC12445162
Hapmap22876-BTA	no						PMC:PMC12445162
Hapmap22876-BTA-155681	no						PMC:PMC12445162
Hapmap22958-BTA	no						PMC:PMC12445162
Hapmap22958-BTA-48415	no						PMC:PMC12445162
Hapmap22963-BTA	no						PMC:PMC12445162
Hapmap22963-BTA-91941	no						PMC:PMC12445162
Hapmap23022-BTA	no						PMC:PMC12445162
Hapmap23022-BTA-161235	no						PMC:PMC12445162
Hapmap23036-BTA	no						PMC:PMC12445162
Hapmap23036-BTA-92969	no						PMC:PMC12445162
Hapmap23172-BTC	no						PMC:PMC12445162
Hapmap23172-BTC-011263	no						PMC:PMC12445162
Hapmap23219-BTA	no						PMC:PMC12445162
Hapmap23219-BTA-154903	no						PMC:PMC12445162
Hapmap23231-BTA	no						PMC:PMC12445162
Hapmap23231-BTA-80214	no						PMC:PMC12445162
Hapmap23269-BTA	no						PMC:PMC12445162
Hapmap23269-BTA-147941	no						PMC:PMC12445162
Hapmap23307-BTA	no						PMC:PMC12445162
Hapmap23307-BTA-124083	no						PMC:PMC12445162
Hapmap23395-BTA	no						PMC:PMC12445162
Hapmap23395-BTA-131365	no						PMC:PMC12445162
Hapmap23432-BTA	no						PMC:PMC12445162
Hapmap23432-BTA-138443	no						PMC:PMC12445162
Hapmap23443-BTA	no						PMC:PMC12445162
Hapmap23443-BTA-161049	no						PMC:PMC12445162
Hapmap23494-BTC	no						PMC:PMC12445162
Hapmap23494-BTC-046433	no						PMC:PMC12445162
Hapmap23507-BTC	no						PMC:PMC12445162
Hapmap23507-BTC-041133	no						PMC:PMC12445162
Hapmap23512-BTA	no						PMC:PMC12445162
Hapmap23512-BTA-125084	no						PMC:PMC12445162
Hapmap23570-BTC	no						PMC:PMC12445162
Hapmap23570-BTC-029699	no						PMC:PMC12445162
Hapmap23591-BTA	no						PMC:PMC12445162
Hapmap23591-BTA-142567	no						PMC:PMC12445162
Hapmap23647-BTA	no						PMC:PMC12445162
Hapmap23647-BTA-158339	no						PMC:PMC12445162
Hapmap23660-BTC	no						PMC:PMC12445162
Hapmap23660-BTC-018762	no						PMC:PMC12445162
Hapmap23682-BTA	no						PMC:PMC12445162
Hapmap23682-BTA-123103	no						PMC:PMC12445162
Hapmap23723-BTC	no						PMC:PMC12445162
Hapmap23723-BTC-028197	no						PMC:PMC12445162
Hapmap23726-BTC	no						PMC:PMC12445162
Hapmap23726-BTC-051363	no						PMC:PMC12445162
Hapmap23753-BTA	no						PMC:PMC12445162
Hapmap23753-BTA-135329	no						PMC:PMC12445162
Hapmap23759-BTA	no						PMC:PMC12445162
Hapmap23759-BTA-143449	no						PMC:PMC12445162
Hapmap23814-BTA	no						PMC:PMC12445162
Hapmap23814-BTA-129373	no						PMC:PMC12445162
Hapmap23820-BTA	no						PMC:PMC12445162
Hapmap23820-BTA-149582	no						PMC:PMC12445162
Hapmap23831-BTA	no						PMC:PMC12445162
Hapmap23831-BTA-157135	no						PMC:PMC12445162
Hapmap23842-BTA	no						PMC:PMC12445162
Hapmap23842-BTA-56935	no						PMC:PMC12445162
Hapmap23860-BTC	no						PMC:PMC12445162
Hapmap23860-BTC-065677	no						PMC:PMC12445162
Hapmap23870-BTA	no						PMC:PMC12445162
Hapmap23870-BTA-128381	no						PMC:PMC12445162
Hapmap23996-BTA	no						PMC:PMC12445162
Hapmap23996-BTA-145153	no						PMC:PMC12445162
Hapmap24027-BTA	no						PMC:PMC12445162
Hapmap24027-BTA-97007	no						PMC:PMC12445162
Hapmap24051-BTC	no						PMC:PMC12445162
Hapmap24051-BTC-053131	no						PMC:PMC12445162
Hapmap24136-BTA	no						PMC:PMC12445162
Hapmap24136-BTA-124014	no						PMC:PMC12445162
Hapmap24161-BTA	no						PMC:PMC12445162
Hapmap24161-BTA-156133	no						PMC:PMC12445162
Hapmap24165-BTA	no						PMC:PMC12445162
Hapmap24165-BTA-60897	no						PMC:PMC12445162
Hapmap24189-BTA	no						PMC:PMC12445162
Hapmap24189-BTA-123161	no						PMC:PMC12445162
Hapmap24200-BTA	no						PMC:PMC12445162
Hapmap24200-BTA-147598	no						PMC:PMC12445162
Hapmap24205-BTA	no						PMC:PMC12445162
Hapmap24205-BTA-154013	no						PMC:PMC12445162
Hapmap24215-BTA	no						PMC:PMC12445162
Hapmap24215-BTA-163266	no						PMC:PMC12445162
Hapmap24222-BTA	no						PMC:PMC12445162
Hapmap24222-BTA-88936	no						PMC:PMC12445162
Hapmap24224-BTA	no						PMC:PMC12445162
Hapmap24224-BTA-93350	no						PMC:PMC12445162
Hapmap24330-BTA	no						PMC:PMC12445162
Hapmap24330-BTA-119896	no						PMC:PMC12445162
Hapmap24381-BTA	no						PMC:PMC12445162
Hapmap24381-BTA-150366	no						PMC:PMC12445162
Hapmap24385-BTA	no						PMC:PMC12445162
Hapmap24385-BTA-163189	no						PMC:PMC12445162
Hapmap24414-BTC	no						PMC:PMC12445162
Hapmap24414-BTC-073009	no						PMC:PMC12445162
Hapmap24434-BTA	no						PMC:PMC12445162
Hapmap24434-BTA-48171	no						PMC:PMC12445162
Hapmap24484-BTA	no						PMC:PMC12445162
Hapmap24484-BTA-136154	no						PMC:PMC12445162
Hapmap24598-BTA	no						PMC:PMC12445162
Hapmap24598-BTA-83620	no						PMC:PMC12445162
Hapmap24618-BTC	no						PMC:PMC12445162
Hapmap24618-BTC-022651	no						PMC:PMC12445162
Hapmap24633-BTC	no						PMC:PMC12445162
Hapmap24633-BTC-062521	no						PMC:PMC12445162
Hapmap24688-BTA	no						PMC:PMC12445162
Hapmap24688-BTA-153495	no						PMC:PMC12445162
Hapmap24693-BTA	no						PMC:PMC12445162
Hapmap24693-BTA-156848	no						PMC:PMC12445162
Hapmap24715-BTC	no						PMC:PMC12445162
Hapmap24715-BTC-001973	no						PMC:PMC12445162
Hapmap24744-BTC	no						PMC:PMC12445162
Hapmap24744-BTC-028427	no						PMC:PMC12445162
Hapmap24838-BTA	no						PMC:PMC12445162
Hapmap24838-BTA-143176	no						PMC:PMC12445162
Hapmap24843-BTA	no						PMC:PMC12445162
Hapmap24843-BTA-146394	no						PMC:PMC12445162
Hapmap24934-BTC	no						PMC:PMC12445162
Hapmap24934-BTC-017367	no						PMC:PMC12445162
Hapmap25014-BTA	no						PMC:PMC12445162
Hapmap25014-BTA-123017	no						PMC:PMC12445162
Hapmap25065-BTA	no						PMC:PMC12445162
Hapmap25065-BTA-147272	no						PMC:PMC12445162
Hapmap25145-BTC	no						PMC:PMC12445162
Hapmap25145-BTC-009159	no						PMC:PMC12445162
Hapmap25197-BTC	no						PMC:PMC12445162
Hapmap25197-BTC-059298	no						PMC:PMC12445162
Hapmap25216-BTC	no						PMC:PMC12445162
Hapmap25216-BTC-067581	no						PMC:PMC12445162
Hapmap25248-BTA	no						PMC:PMC12445162
Hapmap25248-BTA-132715	no						PMC:PMC12445162
Hapmap25252-BTA	no						PMC:PMC12445162
Hapmap25252-BTA-133942	no						PMC:PMC12445162
Hapmap25329-BTA	no						PMC:PMC12445162
Hapmap25329-BTA-159835	no						PMC:PMC12445162
Hapmap25375-BTA	no						PMC:PMC12445162
Hapmap25375-BTA-81957	no						PMC:PMC12445162
Hapmap25381-BTA	no						PMC:PMC12445162
Hapmap25381-BTA-95792	no						PMC:PMC12445162
Hapmap25493-BTA	no						PMC:PMC12445162
Hapmap25493-BTA-109827	no						PMC:PMC12445162
Hapmap25546-BTA	no						PMC:PMC12445162
Hapmap25546-BTA-137359	no						PMC:PMC12445162
Hapmap25578-BTA	no						PMC:PMC12445162
Hapmap25578-BTA-148357	no						PMC:PMC12445162
Hapmap25585-BTA	no						PMC:PMC12445162
Hapmap25585-BTA-150007	no						PMC:PMC12445162
Hapmap25615-BTA	no						PMC:PMC12445162
Hapmap25615-BTA-160036	no						PMC:PMC12445162
Hapmap25645-BTA	no						PMC:PMC12445162
Hapmap25645-BTA-48106	no						PMC:PMC12445162
Hapmap25708-BTC	no						PMC:PMC12445162
Hapmap25708-BTC-043671	no						PMC:PMC12445162
Hapmap25789-BTA	no						PMC:PMC12445162
Hapmap25789-BTA-123396	no						PMC:PMC12445162
Hapmap25798-BTA	no						PMC:PMC12445162
Hapmap25798-BTA-126388	no						PMC:PMC12445162
Hapmap25806-BTA	no						PMC:PMC12445162
Hapmap25806-BTA-129597	no						PMC:PMC12445162
Hapmap25832-BTA	no						PMC:PMC12445162
Hapmap25832-BTA-141681	no						PMC:PMC12445162
Hapmap25854-BTA	no						PMC:PMC12445162
Hapmap25854-BTA-149442	no						PMC:PMC12445162
Hapmap25985-BTC	no						PMC:PMC12445162
Hapmap25985-BTC-020890	no						PMC:PMC12445162
Hapmap26001-BTC	no						PMC:PMC12445162
Hapmap26001-BTC-038813	no						PMC:PMC12445162
Hapmap26004-BTC	no						PMC:PMC12445162
Hapmap26004-BTC-040877	no						PMC:PMC12445162
Hapmap26072-BTC	no						PMC:PMC12445162
Hapmap26072-BTC-065132	no						PMC:PMC12445162
Hapmap26123-BTA	no						PMC:PMC12445162
Hapmap26123-BTA-133877	no						PMC:PMC12445162
Hapmap26161-BTA	no						PMC:PMC12445162
Hapmap26161-BTA-151057	no						PMC:PMC12445162
Hapmap26236-BTA	no						PMC:PMC12445162
Hapmap26236-BTA-82014	no						PMC:PMC12445162
Hapmap26247-BTC	no						PMC:PMC12445162
Hapmap26247-BTC-009319	no						PMC:PMC12445162
Hapmap26263-BTC	no						PMC:PMC12445162
Hapmap26263-BTC-036885	no						PMC:PMC12445162
Hapmap26296-BTC	no						PMC:PMC12445162
Hapmap26296-BTC-051940	no						PMC:PMC12445162
Hapmap26328-BTC	no						PMC:PMC12445162
Hapmap26328-BTC-063507	no						PMC:PMC12445162
Hapmap26407-BTA	no						PMC:PMC12445162
Hapmap26407-BTA-142865	no						PMC:PMC12445162
Hapmap26414-BTA	no						PMC:PMC12445162
Hapmap26414-BTA-146523	no						PMC:PMC12445162
Hapmap26417-BTA	no						PMC:PMC12445162
Hapmap26417-BTA-147042	no						PMC:PMC12445162
Hapmap26447-BTA	no						PMC:PMC12445162
Hapmap26447-BTA-155502	no						PMC:PMC12445162
Hapmap26451-BTA	no						PMC:PMC12445162
Hapmap26451-BTA-156064	no						PMC:PMC12445162
Hapmap26460-BTA	no						PMC:PMC12445162
Hapmap26460-BTA-159673	no						PMC:PMC12445162
Hapmap26465-BTA	no						PMC:PMC12445162
Hapmap26465-BTA-160174	no						PMC:PMC12445162
Hapmap26479-BTA	no						PMC:PMC12445162
Hapmap26479-BTA-162312	no						PMC:PMC12445162
Hapmap26512-BTA	no						PMC:PMC12445162
Hapmap26512-BTA-52638	no						PMC:PMC12445162
Hapmap26649-BTA	no						PMC:PMC12445162
Hapmap26649-BTA-128159	no						PMC:PMC12445162
Hapmap26676-BTA	no						PMC:PMC12445162
Hapmap26676-BTA-141146	no						PMC:PMC12445162
Hapmap26681-BTA	no						PMC:PMC12445162
Hapmap26681-BTA-143845	no						PMC:PMC12445162
Hapmap26693-BTA	no						PMC:PMC12445162
Hapmap26693-BTA-146557	no						PMC:PMC12445162
Hapmap26721-BTA	no						PMC:PMC12445162
Hapmap26721-BTA-152115	no						PMC:PMC12445162
Hapmap26728-BTA	no						PMC:PMC12445162
Hapmap26728-BTA-153579	no						PMC:PMC12445162
Hapmap26748-BTA	no						PMC:PMC12445162
Hapmap26748-BTA-15768	no						PMC:PMC12445162
Hapmap26778-BTA	no						PMC:PMC12445162
Hapmap26778-BTA-19024	no						PMC:PMC12445162
Hapmap26798-BTA	no						PMC:PMC12445162
Hapmap26798-BTA-82382	no						PMC:PMC12445162
Hapmap26816-BTC	no						PMC:PMC12445162
Hapmap26816-BTC-015808	no						PMC:PMC12445162
Hapmap26823-BTC	no						PMC:PMC12445162
Hapmap26823-BTC-021812	no						PMC:PMC12445162
Hapmap26843-BTC	no						PMC:PMC12445162
Hapmap26843-BTC-036644	no						PMC:PMC12445162
Hapmap26845-BTC	no						PMC:PMC12445162
Hapmap26845-BTC-037406	no						PMC:PMC12445162
Hapmap26904-BTC	no						PMC:PMC12445162
Hapmap26904-BTC-061747	no						PMC:PMC12445162
Hapmap26973-BTA	no						PMC:PMC12445162
Hapmap26973-BTA-147422	no						PMC:PMC12445162
Hapmap26991-BTA	no						PMC:PMC12445162
Hapmap26991-BTA-151076	no						PMC:PMC12445162
Hapmap27023-BTA	no						PMC:PMC12445162
Hapmap27023-BTA-159777	no						PMC:PMC12445162
Hapmap27039-BTA	no						PMC:PMC12445162
Hapmap27039-BTA-22947	no						PMC:PMC12445162
Hapmap27045-BTA	no						PMC:PMC12445162
Hapmap27045-BTA-37616	no						PMC:PMC12445162
Hapmap27057-BTC	no						PMC:PMC12445162
Hapmap27057-BTC-008527	no						PMC:PMC12445162
Hapmap27068-BTC	no						PMC:PMC12445162
Hapmap27068-BTC-031603	no						PMC:PMC12445162
Hapmap27089-BTC	no						PMC:PMC12445162
Hapmap27089-BTC-045849	no						PMC:PMC12445162
Hapmap27120-BTC	no						PMC:PMC12445162
Hapmap27120-BTC-066223	no						PMC:PMC12445162
Hapmap27153-BTA	no						PMC:PMC12445162
Hapmap27153-BTA-126567	no						PMC:PMC12445162
Hapmap27251-BTA	no						PMC:PMC12445162
Hapmap27251-BTA-32688	no						PMC:PMC12445162
Hapmap27294-BTC	no						PMC:PMC12445162
Hapmap27294-BTC-032117	no						PMC:PMC12445162
Hapmap27299-BTC	no						PMC:PMC12445162
Hapmap27299-BTC-035816	no						PMC:PMC12445162
Hapmap27307-BTC	no						PMC:PMC12445162
Hapmap27307-BTC-043200	no						PMC:PMC12445162
Hapmap27382-BTA	no						PMC:PMC12445162
Hapmap27382-BTA-127292	no						PMC:PMC12445162
Hapmap27407-BTA	no						PMC:PMC12445162
Hapmap27407-BTA-143867	no						PMC:PMC12445162
Hapmap27408-BTA	no						PMC:PMC12445162
Hapmap27408-BTA-143963	no						PMC:PMC12445162
Hapmap27435-BTA	no						PMC:PMC12445162
Hapmap27435-BTA-154028	no						PMC:PMC12445162
Hapmap27537-BTC	no						PMC:PMC12445162
Hapmap27537-BTC-060891	no						PMC:PMC12445162
Hapmap27542-BTC	no						PMC:PMC12445162
Hapmap27542-BTC-062507	no						PMC:PMC12445162
Hapmap27575-BTA	no						PMC:PMC12445162
Hapmap27575-BTA-126727	no						PMC:PMC12445162
Hapmap27590-BTA	no						PMC:PMC12445162
Hapmap27590-BTA-139234	no						PMC:PMC12445162
Hapmap27634-BTA	no						PMC:PMC12445162
Hapmap27634-BTA-158717	no						PMC:PMC12445162
Hapmap27679-BTC	no						PMC:PMC12445162
Hapmap27679-BTC-012551	no						PMC:PMC12445162
Hapmap27690-BTC	no						PMC:PMC12445162
Hapmap27690-BTC-037987	no						PMC:PMC12445162
Hapmap27701-BTC	no						PMC:PMC12445162
Hapmap27701-BTC-050761	no						PMC:PMC12445162
Hapmap27729-BTA	no						PMC:PMC12445162
Hapmap27729-BTA-108726	no						PMC:PMC12445162
Hapmap27739-BTA	no						PMC:PMC12445162
Hapmap27739-BTA-126803	no						PMC:PMC12445162
Hapmap27747-BTA	no						PMC:PMC12445162
Hapmap27747-BTA-136437	no						PMC:PMC12445162
Hapmap27791-BTA	no						PMC:PMC12445162
Hapmap27791-BTA-163288	no						PMC:PMC12445162
Hapmap27815-BTC	no						PMC:PMC12445162
Hapmap27815-BTC-017722	no						PMC:PMC12445162
Hapmap27855-BTA	no						PMC:PMC12445162
Hapmap27855-BTA-123415	no						PMC:PMC12445162
Hapmap27858-BTA	no						PMC:PMC12445162
Hapmap27858-BTA-125431	no						PMC:PMC12445162
Hapmap27882-BTA	no						PMC:PMC12445162
Hapmap27882-BTA-153819	no						PMC:PMC12445162
Hapmap27895-BTA	no						PMC:PMC12445162
Hapmap27895-BTA-18006	no						PMC:PMC12445162
Hapmap27998-BTC	no						PMC:PMC12445162
Hapmap27998-BTC-012291	no						PMC:PMC12445162
Hapmap28061-BTA	no						PMC:PMC12445162
Hapmap28061-BTA-163408	no						PMC:PMC12445162
Hapmap28102-BTA	no						PMC:PMC12445162
Hapmap28102-BTA-152636	no						PMC:PMC12445162
Hapmap28262-BTA	no						PMC:PMC12445162
Hapmap28262-BTA-143868	no						PMC:PMC12445162
Hapmap28359-BTA	no						PMC:PMC12445162
Hapmap28359-BTA-142912	no						PMC:PMC12445162
Hapmap28373-BTA	no						PMC:PMC12445162
Hapmap28373-BTA-160078	no						PMC:PMC12445162
Hapmap28499-BTA	no						PMC:PMC12445162
Hapmap28499-BTA-142459	no						PMC:PMC12445162
Hapmap28868-BTA	no						PMC:PMC12445162
Hapmap28868-BTA-155940	no						PMC:PMC12445162
Hapmap28985-BTA	no						PMC:PMC12445162
Hapmap28985-BTA-73836	no						PMC:PMC12445162
Hapmap29048-BTA	no						PMC:PMC12445162
Hapmap29048-BTA-157271	no						PMC:PMC12445162
Hapmap29086-BTA	no						PMC:PMC12445162
Hapmap29086-BTA-40855	no						PMC:PMC12445162
Hapmap29285-BTA	no						PMC:PMC12445162
Hapmap29285-BTA-162580	no						PMC:PMC12445162
Hapmap29314-BTA	no						PMC:PMC12445162
Hapmap29314-BTA-156827	no						PMC:PMC12445162
Hapmap29357-BTA	no						PMC:PMC12445162
Hapmap29357-BTA-147904	no						PMC:PMC12445162
Hapmap29480-BTA	no						PMC:PMC12445162
Hapmap29480-BTA-145229	no						PMC:PMC12445162
Hapmap29482-BTA	no						PMC:PMC12445162
Hapmap29482-BTA-146449	no						PMC:PMC12445162
Hapmap29628-BTA	no						PMC:PMC12445162
Hapmap29628-BTA-158324	no						PMC:PMC12445162
Hapmap29660-BTA	no						PMC:PMC12445162
Hapmap29660-BTA-51301	no						PMC:PMC12445162
Hapmap29768-BTC	no						PMC:PMC12445162
Hapmap29768-BTC-016149	no						PMC:PMC12445162
Hapmap29832-BTA	no						PMC:PMC12445162
Hapmap29832-BTA-144648	no						PMC:PMC12445162
Hapmap29841-BTA	no						PMC:PMC12445162
Hapmap29841-BTA-150778	no						PMC:PMC12445162
Hapmap29863-BTA	no						PMC:PMC12445162
Hapmap29863-BTA-163429	no						PMC:PMC12445162
Hapmap29879-BTA	no						PMC:PMC12445162
Hapmap29879-BTA-92303	no						PMC:PMC12445162
Hapmap29922-BTC	no						PMC:PMC12445162
Hapmap29922-BTC-033565	no						PMC:PMC12445162
Hapmap29925-BTC	no						PMC:PMC12445162
Hapmap29925-BTC-036976	no						PMC:PMC12445162
Hapmap29974-BTA	no						PMC:PMC12445162
Hapmap29974-BTA-129366	no						PMC:PMC12445162
Hapmap29977-BTA	no						PMC:PMC12445162
Hapmap29977-BTA-131179	no						PMC:PMC12445162
Hapmap30052-BTA	no						PMC:PMC12445162
Hapmap30052-BTA-161211	no						PMC:PMC12445162
Hapmap30053-BTA	no						PMC:PMC12445162
Hapmap30053-BTA-161410	no						PMC:PMC12445162
Hapmap30085-BTC	no						PMC:PMC12445162
Hapmap30085-BTC-001300	no						PMC:PMC12445162
Hapmap30171-BTC	no						PMC:PMC12445162
Hapmap30171-BTC-063976	no						PMC:PMC12445162
Hapmap30258-BTA	no						PMC:PMC12445162
Hapmap30258-BTA-143119	no						PMC:PMC12445162
Hapmap30308-BTA	no						PMC:PMC12445162
Hapmap30308-BTA-156697	no						PMC:PMC12445162
Hapmap30339-BTA	no						PMC:PMC12445162
Hapmap30339-BTA-34872	no						PMC:PMC12445162
Hapmap30362-BTA	no						PMC:PMC12445162
Hapmap30362-BTA-79378	no						PMC:PMC12445162
Hapmap30374-BTC	no						PMC:PMC12445162
Hapmap30374-BTC-002159	no						PMC:PMC12445162
Hapmap30381-BTC	no						PMC:PMC12445162
Hapmap30381-BTC-005750	no						PMC:PMC12445162
Hapmap30383-BTC	no						PMC:PMC12445162
Hapmap30383-BTC-005848	no						PMC:PMC12445162
Hapmap3051-BTA-15299	no						PMC:PMC12445162
Hapmap30511-BTA	no						PMC:PMC12445162
Hapmap30511-BTA-129561	no						PMC:PMC12445162
Hapmap30528-BTA	no						PMC:PMC12445162
Hapmap30528-BTA-134791	no						PMC:PMC12445162
Hapmap30570-BTA	no						PMC:PMC12445162
Hapmap30570-BTA-152778	no						PMC:PMC12445162
Hapmap30583-BTA	no						PMC:PMC12445162
Hapmap30583-BTA-157589	no						PMC:PMC12445162
Hapmap30624-BTA	no						PMC:PMC12445162
Hapmap30624-BTA-42324	no						PMC:PMC12445162
Hapmap30646-BTC	no						PMC:PMC12445162
Hapmap30646-BTC-002054	no						PMC:PMC12445162
Hapmap30653-BTC	no						PMC:PMC12445162
Hapmap30653-BTC-008335	no						PMC:PMC12445162
Hapmap30746-BTC	no						PMC:PMC12445162
Hapmap30746-BTC-070031	no						PMC:PMC12445162
Hapmap30757-BTA	no						PMC:PMC12445162
Hapmap30757-BTA-115734	no						PMC:PMC12445162
Hapmap30759-BTA	no						PMC:PMC12445162
Hapmap30759-BTA-123220	no						PMC:PMC12445162
Hapmap30761-BTA	no						PMC:PMC12445162
Hapmap30761-BTA-123384	no						PMC:PMC12445162
Hapmap30779-BTA	no						PMC:PMC12445162
Hapmap30779-BTA-128280	no						PMC:PMC12445162
Hapmap30781-BTA	no						PMC:PMC12445162
Hapmap30781-BTA-129235	no						PMC:PMC12445162
Hapmap30819-BTA	no						PMC:PMC12445162
Hapmap30819-BTA-142899	no						PMC:PMC12445162
Hapmap30835-BTA	no						PMC:PMC12445162
Hapmap30835-BTA-146159	no						PMC:PMC12445162
Hapmap30863-BTA	no						PMC:PMC12445162
Hapmap30863-BTA-156849	no						PMC:PMC12445162
Hapmap30912-BTA	no						PMC:PMC12445162
Hapmap30912-BTA-71048	no						PMC:PMC12445162
Hapmap31053-BTA	no						PMC:PMC12445162
Hapmap31053-BTA-111664	no						PMC:PMC12445162
Hapmap31065-BTA	no						PMC:PMC12445162
Hapmap31065-BTA-123406	no						PMC:PMC12445162
Hapmap31098-BTA	no						PMC:PMC12445162
Hapmap31098-BTA-136127	no						PMC:PMC12445162
Hapmap31109-BTA	no						PMC:PMC12445162
Hapmap31109-BTA-141167	no						PMC:PMC12445162
Hapmap31111-BTA	no						PMC:PMC12445162
Hapmap31111-BTA-141921	no						PMC:PMC12445162
Hapmap31122-BTA	no						PMC:PMC12445162
Hapmap31122-BTA-146680	no						PMC:PMC12445162
Hapmap31141-BTA	no						PMC:PMC12445162
Hapmap31141-BTA-150972	no						PMC:PMC12445162
Hapmap31160-BTA	no						PMC:PMC12445162
Hapmap31160-BTA-153965	no						PMC:PMC12445162
Hapmap31183-BTA	no						PMC:PMC12445162
Hapmap31183-BTA-159592	no						PMC:PMC12445162
Hapmap31190-BTA	no						PMC:PMC12445162
Hapmap31190-BTA-161167	no						PMC:PMC12445162
Hapmap31201-BTA	no						PMC:PMC12445162
Hapmap31201-BTA-162197	no						PMC:PMC12445162
Hapmap31228-BTA	no						PMC:PMC12445162
Hapmap31228-BTA-74842	no						PMC:PMC12445162
Hapmap31420-BTA	no						PMC:PMC12445162
Hapmap31420-BTA-137383	no						PMC:PMC12445162
Hapmap31441-BTA	no						PMC:PMC12445162
Hapmap31441-BTA-145417	no						PMC:PMC12445162
Hapmap31474-BTA	no						PMC:PMC12445162
Hapmap31474-BTA-152740	no						PMC:PMC12445162
Hapmap31551-BTA	no						PMC:PMC12445162
Hapmap31551-BTA-83965	no						PMC:PMC12445162
Hapmap31565-BTC	no						PMC:PMC12445162
Hapmap31565-BTC-007750	no						PMC:PMC12445162
Hapmap31616-BTC	no						PMC:PMC12445162
Hapmap31616-BTC-042811	no						PMC:PMC12445162
Hapmap31672-BTC	no						PMC:PMC12445162
Hapmap31672-BTC-065429	no						PMC:PMC12445162
Hapmap31724-BTA	no						PMC:PMC12445162
Hapmap31724-BTA-126967	no						PMC:PMC12445162
Hapmap31736-BTA	no						PMC:PMC12445162
Hapmap31736-BTA-129752	no						PMC:PMC12445162
Hapmap31756-BTA	no						PMC:PMC12445162
Hapmap31756-BTA-137674	no						PMC:PMC12445162
Hapmap31825-BTA	no						PMC:PMC12445162
Hapmap31825-BTA-158647	no						PMC:PMC12445162
Hapmap31828-BTA	no						PMC:PMC12445162
Hapmap31828-BTA-159336	no						PMC:PMC12445162
Hapmap31968-BTC	no						PMC:PMC12445162
Hapmap31968-BTC-056754	no						PMC:PMC12445162
Hapmap32015-BTA	no						PMC:PMC12445162
Hapmap32015-BTA-110997	no						PMC:PMC12445162
Hapmap32029-BTA	no						PMC:PMC12445162
Hapmap32029-BTA-127208	no						PMC:PMC12445162
Hapmap32032-BTA	no						PMC:PMC12445162
Hapmap32032-BTA-128772	no						PMC:PMC12445162
Hapmap32037-BTA	no						PMC:PMC12445162
Hapmap32037-BTA-131237	no						PMC:PMC12445162
Hapmap32042-BTA	no						PMC:PMC12445162
Hapmap32042-BTA-133010	no						PMC:PMC12445162
Hapmap32084-BTA	no						PMC:PMC12445162
Hapmap32084-BTA-147824	no						PMC:PMC12445162
Hapmap32097-BTA	no						PMC:PMC12445162
Hapmap32097-BTA-150519	no						PMC:PMC12445162
Hapmap32099-BTA	no						PMC:PMC12445162
Hapmap32099-BTA-151095	no						PMC:PMC12445162
Hapmap32173-BTC	no						PMC:PMC12445162
Hapmap32173-BTC-000382	no						PMC:PMC12445162
Hapmap32191-BTC	no						PMC:PMC12445162
Hapmap32191-BTC-019394	no						PMC:PMC12445162
Hapmap32224-BTC	no						PMC:PMC12445162
Hapmap32224-BTC-044678	no						PMC:PMC12445162
Hapmap32230-BTC	no						PMC:PMC12445162
Hapmap32230-BTC-046313	no						PMC:PMC12445162
Hapmap32320-BTA	no						PMC:PMC12445162
Hapmap32320-BTA-142894	no						PMC:PMC12445162
Hapmap32368-BTA	no						PMC:PMC12445162
Hapmap32368-BTA-157293	no						PMC:PMC12445162
Hapmap32415-BTA	no						PMC:PMC12445162
Hapmap32415-BTA-74556	no						PMC:PMC12445162
Hapmap32417-BTA	no						PMC:PMC12445162
Hapmap32417-BTA-79435	no						PMC:PMC12445162
Hapmap32447-BTC	no						PMC:PMC12445162
Hapmap32447-BTC-033214	no						PMC:PMC12445162
Hapmap32513-BTC	no						PMC:PMC12445162
Hapmap32513-BTC-066089	no						PMC:PMC12445162
Hapmap32551-BTA	no						PMC:PMC12445162
Hapmap32551-BTA-128831	no						PMC:PMC12445162
Hapmap32556-BTA	no						PMC:PMC12445162
Hapmap32556-BTA-133226	no						PMC:PMC12445162
Hapmap32557-BTA	no						PMC:PMC12445162
Hapmap32557-BTA-133920	no						PMC:PMC12445162
Hapmap32574-BTA	no						PMC:PMC12445162
Hapmap32574-BTA-143217	no						PMC:PMC12445162
Hapmap32599-BTA	no						PMC:PMC12445162
Hapmap32599-BTA-149858	no						PMC:PMC12445162
Hapmap32633-BTA	no						PMC:PMC12445162
Hapmap32633-BTA-157234	no						PMC:PMC12445162
Hapmap32642-BTA	no						PMC:PMC12445162
Hapmap32642-BTA-160002	no						PMC:PMC12445162
Hapmap32661-BTA	no						PMC:PMC12445162
Hapmap32661-BTA-28979	no						PMC:PMC12445162
Hapmap32669-BTA	no						PMC:PMC12445162
Hapmap32669-BTA-50759	no						PMC:PMC12445162
Hapmap32698-BTC	no						PMC:PMC12445162
Hapmap32698-BTC-013433	no						PMC:PMC12445162
Hapmap32799-BTA	no						PMC:PMC12445162
Hapmap32799-BTA-132450	no						PMC:PMC12445162
Hapmap32826-BTA	no						PMC:PMC12445162
Hapmap32826-BTA-146153	no						PMC:PMC12445162
Hapmap32829-BTA	no						PMC:PMC12445162
Hapmap32829-BTA-147228	no						PMC:PMC12445162
Hapmap32838-BTA	no						PMC:PMC12445162
Hapmap32838-BTA-150446	no						PMC:PMC12445162
Hapmap32860-BTA	no						PMC:PMC12445162
Hapmap32860-BTA-158424	no						PMC:PMC12445162
Hapmap32862-BTA	no						PMC:PMC12445162
Hapmap32862-BTA-159304	no						PMC:PMC12445162
Hapmap32868-BTA	no						PMC:PMC12445162
Hapmap32868-BTA-161473	no						PMC:PMC12445162
Hapmap32870-BTA	no						PMC:PMC12445162
Hapmap32870-BTA-162083	no						PMC:PMC12445162
Hapmap32970-BTC	no						PMC:PMC12445162
Hapmap32970-BTC-064990	no						PMC:PMC12445162
Hapmap32995-BTA	no						PMC:PMC12445162
Hapmap32995-BTA-129924	no						PMC:PMC12445162
Hapmap33032-BTA	no						PMC:PMC12445162
Hapmap33032-BTA-148803	no						PMC:PMC12445162
Hapmap33033-BTA	no						PMC:PMC12445162
Hapmap33033-BTA-149123	no						PMC:PMC12445162
Hapmap33049-BTA	no						PMC:PMC12445162
Hapmap33049-BTA-153946	no						PMC:PMC12445162
Hapmap33128-BTC	no						PMC:PMC12445162
Hapmap33128-BTC-041916	no						PMC:PMC12445162
Hapmap33173-BTC	no						PMC:PMC12445162
Hapmap33173-BTC-073249	no						PMC:PMC12445162
Hapmap33174-BTC	no						PMC:PMC12445162
Hapmap33174-BTC-073543	no						PMC:PMC12445162
Hapmap33176-BTA	no						PMC:PMC12445162
Hapmap33176-BTA-104879	no						PMC:PMC12445162
Hapmap33179-BTA	no						PMC:PMC12445162
Hapmap33179-BTA-118558	no						PMC:PMC12445162
Hapmap33190-BTA	no						PMC:PMC12445162
Hapmap33190-BTA-127606	no						PMC:PMC12445162
Hapmap33198-BTA	no						PMC:PMC12445162
Hapmap33198-BTA-134378	no						PMC:PMC12445162
Hapmap33212-BTA	no						PMC:PMC12445162
Hapmap33212-BTA-145669	no						PMC:PMC12445162
Hapmap33230-BTA	no						PMC:PMC12445162
Hapmap33230-BTA-152909	no						PMC:PMC12445162
Hapmap33251-BTA	no						PMC:PMC12445162
Hapmap33251-BTA-160264	no						PMC:PMC12445162
Hapmap33286-BTC	no						PMC:PMC12445162
Hapmap33286-BTC-032290	no						PMC:PMC12445162
Hapmap33288-BTC	no						PMC:PMC12445162
Hapmap33288-BTC-033751	no						PMC:PMC12445162
Hapmap33339-BTC	no						PMC:PMC12445162
Hapmap33339-BTC-071052	no						PMC:PMC12445162
Hapmap33349-BTA	no						PMC:PMC12445162
Hapmap33349-BTA-127624	no						PMC:PMC12445162
Hapmap33373-BTA	no						PMC:PMC12445162
Hapmap33373-BTA-148341	no						PMC:PMC12445162
Hapmap33386-BTA	no						PMC:PMC12445162
Hapmap33386-BTA-155833	no						PMC:PMC12445162
Hapmap33438-BTC	no						PMC:PMC12445162
Hapmap33438-BTC-046008	no						PMC:PMC12445162
Hapmap33479-BTA	no						PMC:PMC12445162
Hapmap33479-BTA-137049	no						PMC:PMC12445162
Hapmap33504-BTA	no						PMC:PMC12445162
Hapmap33504-BTA-154919	no						PMC:PMC12445162
Hapmap33516-BTA	no						PMC:PMC12445162
Hapmap33516-BTA-160247	no						PMC:PMC12445162
Hapmap33532-BTA	no						PMC:PMC12445162
Hapmap33532-BTA-84282	no						PMC:PMC12445162
Hapmap33654-BTA	no						PMC:PMC12445162
Hapmap33654-BTA-113328	no						PMC:PMC12445162
Hapmap33688-BTA	no						PMC:PMC12445162
Hapmap33688-BTA-62855	no						PMC:PMC12445162
Hapmap33720-BTA	no						PMC:PMC12445162
Hapmap33720-BTA-154540	no						PMC:PMC12445162
Hapmap33759-BTA	no						PMC:PMC12445162
Hapmap33759-BTA-160998	no						PMC:PMC12445162
Hapmap38028-BTA	no						PMC:PMC12445162
Hapmap38028-BTA-122265	no						PMC:PMC12445162
Hapmap38047-BTA	no						PMC:PMC12445162
Hapmap38047-BTA-101643	no						PMC:PMC12445162
Hapmap38052-BTA	no						PMC:PMC12445162
Hapmap38052-BTA-110922	no						PMC:PMC12445162
Hapmap38099-BTA	no						PMC:PMC12445162
Hapmap38099-BTA-118869	no						PMC:PMC12445162
Hapmap38103-BTA	no						PMC:PMC12445162
Hapmap38103-BTA-28646	no						PMC:PMC12445162
Hapmap38110-BTA	no						PMC:PMC12445162
Hapmap38110-BTA-38625	no						PMC:PMC12445162
Hapmap38124-BTA	no						PMC:PMC12445162
Hapmap38124-BTA-81328	no						PMC:PMC12445162
Hapmap38147-BTA	no						PMC:PMC12445162
Hapmap38147-BTA-25404	no						PMC:PMC12445162
Hapmap38177-BTA	no						PMC:PMC12445162
Hapmap38177-BTA-73472	no						PMC:PMC12445162
Hapmap38187-BTA	no						PMC:PMC12445162
Hapmap38187-BTA-105082	no						PMC:PMC12445162
Hapmap38195-BTA	no						PMC:PMC12445162
Hapmap38195-BTA-112765	no						PMC:PMC12445162
Hapmap38196-BTA	no						PMC:PMC12445162
Hapmap38196-BTA-114696	no						PMC:PMC12445162
Hapmap38198-BTA	no						PMC:PMC12445162
Hapmap38198-BTA-117515	no						PMC:PMC12445162
Hapmap38207-BTA	no						PMC:PMC12445162
Hapmap38207-BTA-19427	no						PMC:PMC12445162
Hapmap38210-BTA	no						PMC:PMC12445162
Hapmap38210-BTA-25613	no						PMC:PMC12445162
Hapmap38237-BTA	no						PMC:PMC12445162
Hapmap38237-BTA-58152	no						PMC:PMC12445162
Hapmap38265-BTA	no						PMC:PMC12445162
Hapmap38265-BTA-96973	no						PMC:PMC12445162
Hapmap38266-BTA	no						PMC:PMC12445162
Hapmap38266-BTA-97562	no						PMC:PMC12445162
Hapmap38268-BTA	no						PMC:PMC12445162
Hapmap38268-BTA-09661	no						PMC:PMC12445162
Hapmap38307-BTA	no						PMC:PMC12445162
Hapmap38307-BTA-33222	no						PMC:PMC12445162
Hapmap38313-BTA	no						PMC:PMC12445162
Hapmap38313-BTA-41796	no						PMC:PMC12445162
Hapmap38314-BTA	no						PMC:PMC12445162
Hapmap38314-BTA-42171	no						PMC:PMC12445162
Hapmap38317-BTA	no						PMC:PMC12445162
Hapmap38317-BTA-43262	no						PMC:PMC12445162
Hapmap38327-BTA	no						PMC:PMC12445162
Hapmap38327-BTA-56872	no						PMC:PMC12445162
Hapmap38330-BTA	no						PMC:PMC12445162
Hapmap38330-BTA-61119	no						PMC:PMC12445162
Hapmap38332-BTA	no						PMC:PMC12445162
Hapmap38332-BTA-61490	no						PMC:PMC12445162
Hapmap38347-BTA	no						PMC:PMC12445162
Hapmap38347-BTA-74361	no						PMC:PMC12445162
Hapmap38367-BTA	no						PMC:PMC12445162
Hapmap38367-BTA-10329	no						PMC:PMC12445162
Hapmap38371-BTA	no						PMC:PMC12445162
Hapmap38371-BTA-105598	no						PMC:PMC12445162
Hapmap38375-BTA	no						PMC:PMC12445162
Hapmap38375-BTA-108207	no						PMC:PMC12445162
Hapmap38378-BTA	no						PMC:PMC12445162
Hapmap38378-BTA-114219	no						PMC:PMC12445162
Hapmap38412-BTA	no						PMC:PMC12445162
Hapmap38412-BTA-50496	no						PMC:PMC12445162
Hapmap38423-BTA	no						PMC:PMC12445162
Hapmap38423-BTA-64741	no						PMC:PMC12445162
Hapmap38434-BTA	no						PMC:PMC12445162
Hapmap38434-BTA-74956	no						PMC:PMC12445162
Hapmap38442-BTA	no						PMC:PMC12445162
Hapmap38442-BTA-87622	no						PMC:PMC12445162
Hapmap38466-BTA	no						PMC:PMC12445162
Hapmap38466-BTA-118912	no						PMC:PMC12445162
Hapmap38469-BTA	no						PMC:PMC12445162
Hapmap38469-BTA-12042	no						PMC:PMC12445162
Hapmap38474-BTA	no						PMC:PMC12445162
Hapmap38474-BTA-122598	no						PMC:PMC12445162
Hapmap38485-BTA	no						PMC:PMC12445162
Hapmap38485-BTA-28081	no						PMC:PMC12445162
Hapmap38486-BTA	no						PMC:PMC12445162
Hapmap38486-BTA-30602	no						PMC:PMC12445162
Hapmap38505-BTA	no						PMC:PMC12445162
Hapmap38505-BTA-51760	no						PMC:PMC12445162
Hapmap38526-BTA	no						PMC:PMC12445162
Hapmap38526-BTA-76305	no						PMC:PMC12445162
Hapmap38534-BTA	no						PMC:PMC12445162
Hapmap38534-BTA-85405	no						PMC:PMC12445162
Hapmap38541-BTA	no						PMC:PMC12445162
Hapmap38541-BTA-89516	no						PMC:PMC12445162
Hapmap38550-BTA	no						PMC:PMC12445162
Hapmap38550-BTA-98603	no						PMC:PMC12445162
Hapmap38574-BTA	no						PMC:PMC12445162
Hapmap38574-BTA-118638	no						PMC:PMC12445162
Hapmap38578-BTA	no						PMC:PMC12445162
Hapmap38578-BTA-120804	no						PMC:PMC12445162
Hapmap38580-BTA	no						PMC:PMC12445162
Hapmap38580-BTA-122605	no						PMC:PMC12445162
Hapmap38591-BTA	no						PMC:PMC12445162
Hapmap38591-BTA-32800	no						PMC:PMC12445162
Hapmap38597-BTA	no						PMC:PMC12445162
Hapmap38597-BTA-41420	no						PMC:PMC12445162
Hapmap38606-BTA	no						PMC:PMC12445162
Hapmap38606-BTA-54403	no						PMC:PMC12445162
Hapmap38628-BTA	no						PMC:PMC12445162
Hapmap38628-BTA-76690	no						PMC:PMC12445162
Hapmap38629-BTA	no						PMC:PMC12445162
Hapmap38629-BTA-76891	no						PMC:PMC12445162
Hapmap38633-BTA	no						PMC:PMC12445162
Hapmap38633-BTA-83140	no						PMC:PMC12445162
Hapmap38634-BTA	no						PMC:PMC12445162
Hapmap38634-BTA-83821	no						PMC:PMC12445162
Hapmap38643-BTA	no						PMC:PMC12445162
Hapmap38643-BTA-95454	no						PMC:PMC12445162
Hapmap38651-BTA	no						PMC:PMC12445162
Hapmap38651-BTA-104533	no						PMC:PMC12445162
Hapmap38652-BTA	no						PMC:PMC12445162
Hapmap38652-BTA-111852	no						PMC:PMC12445162
Hapmap38658-BTA	no						PMC:PMC12445162
Hapmap38658-BTA-121982	no						PMC:PMC12445162
Hapmap38663-BTA	no						PMC:PMC12445162
Hapmap38663-BTA-24501	no						PMC:PMC12445162
Hapmap38694-BTA	no						PMC:PMC12445162
Hapmap38694-BTA-76566	no						PMC:PMC12445162
Hapmap38696-BTA	no						PMC:PMC12445162
Hapmap38696-BTA-78192	no						PMC:PMC12445162
Hapmap38699-BTA	no						PMC:PMC12445162
Hapmap38699-BTA-81626	no						PMC:PMC12445162
Hapmap38709-BTA	no						PMC:PMC12445162
Hapmap38709-BTA-88324	no						PMC:PMC12445162
Hapmap38711-BTA	no						PMC:PMC12445162
Hapmap38711-BTA-90355	no						PMC:PMC12445162
Hapmap38716-BTA	no						PMC:PMC12445162
Hapmap38716-BTA-100681	no						PMC:PMC12445162
Hapmap38720-BTA	no						PMC:PMC12445162
Hapmap38720-BTA-105046	no						PMC:PMC12445162
Hapmap38722-BTA	no						PMC:PMC12445162
Hapmap38722-BTA-107506	no						PMC:PMC12445162
Hapmap38741-BTA	no						PMC:PMC12445162
Hapmap38741-BTA-28049	no						PMC:PMC12445162
Hapmap38742-BTA	no						PMC:PMC12445162
Hapmap38742-BTA-30216	no						PMC:PMC12445162
Hapmap38803-BTA	no						PMC:PMC12445162
Hapmap38803-BTA-104250	no						PMC:PMC12445162
Hapmap38805-BTA	no						PMC:PMC12445162
Hapmap38805-BTA-104874	no						PMC:PMC12445162
Hapmap38884-BTA	no						PMC:PMC12445162
Hapmap38884-BTA-122472	no						PMC:PMC12445162
Hapmap38899-BTA	no						PMC:PMC12445162
Hapmap38899-BTA-52139	no						PMC:PMC12445162
Hapmap38900-BTA	no						PMC:PMC12445162
Hapmap38900-BTA-52167	no						PMC:PMC12445162
Hapmap38913-BTA	no						PMC:PMC12445162
Hapmap38913-BTA-80438	no						PMC:PMC12445162
Hapmap38916-BTA	no						PMC:PMC12445162
Hapmap38916-BTA-84073	no						PMC:PMC12445162
Hapmap38934-BTA	no						PMC:PMC12445162
Hapmap38934-BTA-117244	no						PMC:PMC12445162
Hapmap38937-BTA	no						PMC:PMC12445162
Hapmap38937-BTA-121815	no						PMC:PMC12445162
Hapmap38946-BTA	no						PMC:PMC12445162
Hapmap38946-BTA-23689	no						PMC:PMC12445162
Hapmap38953-BTA	no						PMC:PMC12445162
Hapmap38953-BTA-38562	no						PMC:PMC12445162
Hapmap38983-BTA	no						PMC:PMC12445162
Hapmap38983-BTA-73489	no						PMC:PMC12445162
Hapmap39008-BTA	no						PMC:PMC12445162
Hapmap39008-BTA-120199	no						PMC:PMC12445162
Hapmap39022-BTA	no						PMC:PMC12445162
Hapmap39022-BTA-38447	no						PMC:PMC12445162
Hapmap39027-BTA	no						PMC:PMC12445162
Hapmap39027-BTA-48208	no						PMC:PMC12445162
Hapmap39028-BTA	no						PMC:PMC12445162
Hapmap39028-BTA-49928	no						PMC:PMC12445162
Hapmap39044-BTA	no						PMC:PMC12445162
Hapmap39044-BTA-85348	no						PMC:PMC12445162
Hapmap39064-BTA	no						PMC:PMC12445162
Hapmap39064-BTA-55787	no						PMC:PMC12445162
Hapmap39103-BTA	no						PMC:PMC12445162
Hapmap39103-BTA-111886	no						PMC:PMC12445162
Hapmap39106-BTA	no						PMC:PMC12445162
Hapmap39106-BTA-18647	no						PMC:PMC12445162
Hapmap39108-BTA	no						PMC:PMC12445162
Hapmap39108-BTA-22340	no						PMC:PMC12445162
Hapmap39189-BTA	no						PMC:PMC12445162
Hapmap39189-BTA-100013	no						PMC:PMC12445162
Hapmap39218-BTA	no						PMC:PMC12445162
Hapmap39218-BTA-25795	no						PMC:PMC12445162
Hapmap39235-BTA	no						PMC:PMC12445162
Hapmap39235-BTA-69641	no						PMC:PMC12445162
Hapmap39249-BTA	no						PMC:PMC12445162
Hapmap39249-BTA-107660	no						PMC:PMC12445162
Hapmap39267-BTA	no						PMC:PMC12445162
Hapmap39267-BTA-36676	no						PMC:PMC12445162
Hapmap39284-BTA	no						PMC:PMC12445162
Hapmap39284-BTA-70361	no						PMC:PMC12445162
Hapmap39285-BTA	no						PMC:PMC12445162
Hapmap39285-BTA-71932	no						PMC:PMC12445162
Hapmap39286-BTA	no						PMC:PMC12445162
Hapmap39286-BTA-73191	no						PMC:PMC12445162
Hapmap39303-BTA	no						PMC:PMC12445162
Hapmap39303-BTA-105247	no						PMC:PMC12445162
Hapmap39304-BTA	no						PMC:PMC12445162
Hapmap39304-BTA-109342	no						PMC:PMC12445162
Hapmap39308-BTA	no						PMC:PMC12445162
Hapmap39308-BTA-113771	no						PMC:PMC12445162
Hapmap39327-BTA	no						PMC:PMC12445162
Hapmap39327-BTA-39134	no						PMC:PMC12445162
Hapmap39359-BTA	no						PMC:PMC12445162
Hapmap39359-BTA-89420	no						PMC:PMC12445162
Hapmap39362-BTA	no						PMC:PMC12445162
Hapmap39362-BTA-95002	no						PMC:PMC12445162
Hapmap39370-BTA	no						PMC:PMC12445162
Hapmap39370-BTA-108497	no						PMC:PMC12445162
Hapmap39375-BTA	no						PMC:PMC12445162
Hapmap39375-BTA-112108	no						PMC:PMC12445162
Hapmap39390-BTA	no						PMC:PMC12445162
Hapmap39390-BTA-22146	no						PMC:PMC12445162
Hapmap39391-BTA	no						PMC:PMC12445162
Hapmap39391-BTA-24573	no						PMC:PMC12445162
Hapmap39398-BTA	no						PMC:PMC12445162
Hapmap39398-BTA-31996	no						PMC:PMC12445162
Hapmap39418-BTA	no						PMC:PMC12445162
Hapmap39418-BTA-61060	no						PMC:PMC12445162
Hapmap39419-BTA	no						PMC:PMC12445162
Hapmap39419-BTA-63237	no						PMC:PMC12445162
Hapmap39425-BTA	no						PMC:PMC12445162
Hapmap39425-BTA-70290	no						PMC:PMC12445162
Hapmap39428-BTA	no						PMC:PMC12445162
Hapmap39428-BTA-72555	no						PMC:PMC12445162
Hapmap39434-BTA	no						PMC:PMC12445162
Hapmap39434-BTA-77640	no						PMC:PMC12445162
Hapmap39438-BTA	no						PMC:PMC12445162
Hapmap39438-BTA-81105	no						PMC:PMC12445162
Hapmap39439-BTA	no						PMC:PMC12445162
Hapmap39439-BTA-81498	no						PMC:PMC12445162
Hapmap39461-BTA	no						PMC:PMC12445162
Hapmap39461-BTA-109898	no						PMC:PMC12445162
Hapmap39464-BTA	no						PMC:PMC12445162
Hapmap39464-BTA-116273	no						PMC:PMC12445162
Hapmap39470-BTA	no						PMC:PMC12445162
Hapmap39470-BTA-121373	no						PMC:PMC12445162
Hapmap39503-BTA	no						PMC:PMC12445162
Hapmap39503-BTA-67470	no						PMC:PMC12445162
Hapmap39513-BTA	no						PMC:PMC12445162
Hapmap39513-BTA-79399	no						PMC:PMC12445162
Hapmap39519-BTA	no						PMC:PMC12445162
Hapmap39519-BTA-85553	no						PMC:PMC12445162
Hapmap39523-BTA	no						PMC:PMC12445162
Hapmap39523-BTA-91856	no						PMC:PMC12445162
Hapmap39533-BTA	no						PMC:PMC12445162
Hapmap39533-BTA-108830	no						PMC:PMC12445162
Hapmap39551-BTA	no						PMC:PMC12445162
Hapmap39551-BTA-23548	no						PMC:PMC12445162
Hapmap39561-BTA	no						PMC:PMC12445162
Hapmap39561-BTA-39613	no						PMC:PMC12445162
Hapmap39563-BTA	no						PMC:PMC12445162
Hapmap39563-BTA-41519	no						PMC:PMC12445162
Hapmap39566-BTA	no						PMC:PMC12445162
Hapmap39566-BTA-43960	no						PMC:PMC12445162
Hapmap39592-BTA	no						PMC:PMC12445162
Hapmap39592-BTA-81433	no						PMC:PMC12445162
Hapmap39648-BTA	no						PMC:PMC12445162
Hapmap39648-BTA-37846	no						PMC:PMC12445162
Hapmap39651-BTA	no						PMC:PMC12445162
Hapmap39651-BTA-42671	no						PMC:PMC12445162
Hapmap39673-BTA	no						PMC:PMC12445162
Hapmap39673-BTA-65056	no						PMC:PMC12445162
Hapmap39675-BTA	no						PMC:PMC12445162
Hapmap39675-BTA-66683	no						PMC:PMC12445162
Hapmap39683-BTA	no						PMC:PMC12445162
Hapmap39683-BTA-76699	no						PMC:PMC12445162
Hapmap39687-BTA	no						PMC:PMC12445162
Hapmap39687-BTA-80991	no						PMC:PMC12445162
Hapmap39690-BTA	no						PMC:PMC12445162
Hapmap39690-BTA-82650	no						PMC:PMC12445162
Hapmap39693-BTA	no						PMC:PMC12445162
Hapmap39693-BTA-85506	no						PMC:PMC12445162
Hapmap39700-BTA	no						PMC:PMC12445162
Hapmap39700-BTA-93776	no						PMC:PMC12445162
Hapmap39710-BTA	no						PMC:PMC12445162
Hapmap39710-BTA-108633	no						PMC:PMC12445162
Hapmap39712-BTA	no						PMC:PMC12445162
Hapmap39712-BTA-109811	no						PMC:PMC12445162
Hapmap39714-BTA	no						PMC:PMC12445162
Hapmap39714-BTA-111678	no						PMC:PMC12445162
Hapmap39722-BTA	no						PMC:PMC12445162
Hapmap39722-BTA-119704	no						PMC:PMC12445162
Hapmap39729-BTA	no						PMC:PMC12445162
Hapmap39729-BTA-20718	no						PMC:PMC12445162
Hapmap39731-BTA	no						PMC:PMC12445162
Hapmap39731-BTA-23124	no						PMC:PMC12445162
Hapmap39752-BTA	no						PMC:PMC12445162
Hapmap39752-BTA-50132	no						PMC:PMC12445162
Hapmap39759-BTA	no						PMC:PMC12445162
Hapmap39759-BTA-54112	no						PMC:PMC12445162
Hapmap39765-BTA	no						PMC:PMC12445162
Hapmap39765-BTA-62582	no						PMC:PMC12445162
Hapmap39780-BTA	no						PMC:PMC12445162
Hapmap39780-BTA-78179	no						PMC:PMC12445162
Hapmap39783-BTA	no						PMC:PMC12445162
Hapmap39783-BTA-84049	no						PMC:PMC12445162
Hapmap39795-BTA	no						PMC:PMC12445162
Hapmap39795-BTA-98059	no						PMC:PMC12445162
Hapmap39868-BTA	no						PMC:PMC12445162
Hapmap39868-BTA-78275	no						PMC:PMC12445162
Hapmap39877-BTA	no						PMC:PMC12445162
Hapmap39877-BTA-99831	no						PMC:PMC12445162
Hapmap39880-BTA	no						PMC:PMC12445162
Hapmap39880-BTA-104687	no						PMC:PMC12445162
Hapmap39895-BTA	no						PMC:PMC12445162
Hapmap39895-BTA-15668	no						PMC:PMC12445162
Hapmap39905-BTA	no						PMC:PMC12445162
Hapmap39905-BTA-27381	no						PMC:PMC12445162
Hapmap39940-BTA	no						PMC:PMC12445162
Hapmap39940-BTA-68017	no						PMC:PMC12445162
Hapmap39941-BTA	no						PMC:PMC12445162
Hapmap39941-BTA-70878	no						PMC:PMC12445162
Hapmap39952-BTA	no						PMC:PMC12445162
Hapmap39952-BTA-86345	no						PMC:PMC12445162
Hapmap39958-BTA	no						PMC:PMC12445162
Hapmap39958-BTA-96258	no						PMC:PMC12445162
Hapmap39964-BTA	no						PMC:PMC12445162
Hapmap39964-BTA-104515	no						PMC:PMC12445162
Hapmap39990-BTA	no						PMC:PMC12445162
Hapmap39990-BTA-31570	no						PMC:PMC12445162
Hapmap39993-BTA	no						PMC:PMC12445162
Hapmap39993-BTA-36164	no						PMC:PMC12445162
Hapmap39998-BTA	no						PMC:PMC12445162
Hapmap39998-BTA-42612	no						PMC:PMC12445162
Hapmap40009-BTA	no						PMC:PMC12445162
Hapmap40009-BTA-58757	no						PMC:PMC12445162
Hapmap40024-BTA	no						PMC:PMC12445162
Hapmap40024-BTA-79338	no						PMC:PMC12445162
Hapmap40029-BTA	no						PMC:PMC12445162
Hapmap40029-BTA-87430	no						PMC:PMC12445162
Hapmap40031-BTA	no						PMC:PMC12445162
Hapmap40031-BTA-93288	no						PMC:PMC12445162
Hapmap40032-BTA	no						PMC:PMC12445162
Hapmap40032-BTA-93874	no						PMC:PMC12445162
Hapmap40042-BTA	no						PMC:PMC12445162
Hapmap40042-BTA-111230	no						PMC:PMC12445162
Hapmap40046-BTA	no						PMC:PMC12445162
Hapmap40046-BTA-117691	no						PMC:PMC12445162
Hapmap40061-BTA	no						PMC:PMC12445162
Hapmap40061-BTA-28737	no						PMC:PMC12445162
Hapmap40063-BTA	no						PMC:PMC12445162
Hapmap40063-BTA-34263	no						PMC:PMC12445162
Hapmap40102-BTA	no						PMC:PMC12445162
Hapmap40102-BTA-110410	no						PMC:PMC12445162
Hapmap40129-BTA	no						PMC:PMC12445162
Hapmap40129-BTA-51453	no						PMC:PMC12445162
Hapmap40148-BTA	no						PMC:PMC12445162
Hapmap40148-BTA-92999	no						PMC:PMC12445162
Hapmap40158-BTA	no						PMC:PMC12445162
Hapmap40158-BTA-104729	no						PMC:PMC12445162
Hapmap40170-BTA	no						PMC:PMC12445162
Hapmap40170-BTA-20573	no						PMC:PMC12445162
Hapmap40216-BTA	no						PMC:PMC12445162
Hapmap40216-BTA-40208	no						PMC:PMC12445162
Hapmap40237-BTA	no						PMC:PMC12445162
Hapmap40237-BTA-122861	no						PMC:PMC12445162
Hapmap40257-BTA	no						PMC:PMC12445162
Hapmap40257-BTA-91916	no						PMC:PMC12445162
Hapmap40262-BTA	no						PMC:PMC12445162
Hapmap40262-BTA-114755	no						PMC:PMC12445162
Hapmap40287-BTA	no						PMC:PMC12445162
Hapmap40287-BTA-39919	no						PMC:PMC12445162
Hapmap40292-BTA	no						PMC:PMC12445162
Hapmap40292-BTA-71565	no						PMC:PMC12445162
Hapmap40339-BTA	no						PMC:PMC12445162
Hapmap40339-BTA-117016	no						PMC:PMC12445162
Hapmap40351-BTA	no						PMC:PMC12445162
Hapmap40351-BTA-43058	no						PMC:PMC12445162
Hapmap40362-BTA	no						PMC:PMC12445162
Hapmap40362-BTA-59892	no						PMC:PMC12445162
Hapmap40373-BTA	no						PMC:PMC12445162
Hapmap40373-BTA-82910	no						PMC:PMC12445162
Hapmap40395-BTA	no						PMC:PMC12445162
Hapmap40395-BTA-113989	no						PMC:PMC12445162
Hapmap40402-BTA	no						PMC:PMC12445162
Hapmap40402-BTA-15329	no						PMC:PMC12445162
Hapmap40434-BTA	no						PMC:PMC12445162
Hapmap40434-BTA-45533	no						PMC:PMC12445162
Hapmap40466-BTA	no						PMC:PMC12445162
Hapmap40466-BTA-82123	no						PMC:PMC12445162
Hapmap40492-BTA	no						PMC:PMC12445162
Hapmap40492-BTA-117825	no						PMC:PMC12445162
Hapmap40508-BTA	no						PMC:PMC12445162
Hapmap40508-BTA-21513	no						PMC:PMC12445162
Hapmap40514-BTA	no						PMC:PMC12445162
Hapmap40514-BTA-28872	no						PMC:PMC12445162
Hapmap40529-BTA	no						PMC:PMC12445162
Hapmap40529-BTA-39188	no						PMC:PMC12445162
Hapmap40535-BTA	no						PMC:PMC12445162
Hapmap40535-BTA-42974	no						PMC:PMC12445162
Hapmap40537-BTA	no						PMC:PMC12445162
Hapmap40537-BTA-43945	no						PMC:PMC12445162
Hapmap40571-BTA	no						PMC:PMC12445162
Hapmap40571-BTA-66487	no						PMC:PMC12445162
Hapmap40581-BTA	no						PMC:PMC12445162
Hapmap40581-BTA-73771	no						PMC:PMC12445162
Hapmap40603-BTA	no						PMC:PMC12445162
Hapmap40603-BTA-84409	no						PMC:PMC12445162
Hapmap40625-BTA	no						PMC:PMC12445162
Hapmap40625-BTA-06412	no						PMC:PMC12445162
Hapmap40628-BTA	no						PMC:PMC12445162
Hapmap40628-BTA-101897	no						PMC:PMC12445162
Hapmap40632-BTA	no						PMC:PMC12445162
Hapmap40632-BTA-103580	no						PMC:PMC12445162
Hapmap40665-BTA	no						PMC:PMC12445162
Hapmap40665-BTA-119811	no						PMC:PMC12445162
Hapmap40676-BTA	no						PMC:PMC12445162
Hapmap40676-BTA-121691	no						PMC:PMC12445162
Hapmap40677-BTA	no						PMC:PMC12445162
Hapmap40677-BTA-121871	no						PMC:PMC12445162
Hapmap40688-BTA	no						PMC:PMC12445162
Hapmap40688-BTA-21593	no						PMC:PMC12445162
Hapmap40693-BTA	no						PMC:PMC12445162
Hapmap40693-BTA-23038	no						PMC:PMC12445162
Hapmap40696-BTA	no						PMC:PMC12445162
Hapmap40696-BTA-24595	no						PMC:PMC12445162
Hapmap40716-BTA	no						PMC:PMC12445162
Hapmap40716-BTA-34647	no						PMC:PMC12445162
Hapmap40723-BTA	no						PMC:PMC12445162
Hapmap40723-BTA-37075	no						PMC:PMC12445162
Hapmap40729-BTA	no						PMC:PMC12445162
Hapmap40729-BTA-40319	no						PMC:PMC12445162
Hapmap40735-BTA	no						PMC:PMC12445162
Hapmap40735-BTA-43736	no						PMC:PMC12445162
Hapmap40748-BTA	no						PMC:PMC12445162
Hapmap40748-BTA-47979	no						PMC:PMC12445162
Hapmap40787-BTA	no						PMC:PMC12445162
Hapmap40787-BTA-67768	no						PMC:PMC12445162
Hapmap40826-BTA	no						PMC:PMC12445162
Hapmap40826-BTA-87264	no						PMC:PMC12445162
Hapmap40831-BTA	no						PMC:PMC12445162
Hapmap40831-BTA-88715	no						PMC:PMC12445162
Hapmap40845-BTA	no						PMC:PMC12445162
Hapmap40845-BTA-97263	no						PMC:PMC12445162
Hapmap40884-BTA	no						PMC:PMC12445162
Hapmap40884-BTA-110443	no						PMC:PMC12445162
Hapmap40909-BTA	no						PMC:PMC12445162
Hapmap40909-BTA-121580	no						PMC:PMC12445162
Hapmap40930-BTA	no						PMC:PMC12445162
Hapmap40930-BTA-26841	no						PMC:PMC12445162
Hapmap40940-BTA	no						PMC:PMC12445162
Hapmap40940-BTA-30188	no						PMC:PMC12445162
Hapmap40942-BTA	no						PMC:PMC12445162
Hapmap40942-BTA-30910	no						PMC:PMC12445162
Hapmap40947-BTA	no						PMC:PMC12445162
Hapmap40947-BTA-32313	no						PMC:PMC12445162
Hapmap40951-BTA	no						PMC:PMC12445162
Hapmap40951-BTA-33609	no						PMC:PMC12445162
Hapmap40958-BTA	no						PMC:PMC12445162
Hapmap40958-BTA-34312	no						PMC:PMC12445162
Hapmap40972-BTA	no						PMC:PMC12445162
Hapmap40972-BTA-38862	no						PMC:PMC12445162
Hapmap40985-BTA	no						PMC:PMC12445162
Hapmap40985-BTA-44868	no						PMC:PMC12445162
Hapmap40998-BTA	no						PMC:PMC12445162
Hapmap40998-BTA-47401	no						PMC:PMC12445162
Hapmap41022-BTA	no						PMC:PMC12445162
Hapmap41022-BTA-55560	no						PMC:PMC12445162
Hapmap41037-BTA	no						PMC:PMC12445162
Hapmap41037-BTA-61760	no						PMC:PMC12445162
Hapmap41045-BTA	no						PMC:PMC12445162
Hapmap41045-BTA-64263	no						PMC:PMC12445162
Hapmap41052-BTA	no						PMC:PMC12445162
Hapmap41052-BTA-67164	no						PMC:PMC12445162
Hapmap41054-BTA	no						PMC:PMC12445162
Hapmap41054-BTA-67528	no						PMC:PMC12445162
Hapmap41056-BTA	no						PMC:PMC12445162
Hapmap41056-BTA-67710	no						PMC:PMC12445162
Hapmap41062-BTA	no						PMC:PMC12445162
Hapmap41062-BTA-68921	no						PMC:PMC12445162
Hapmap41083-BTA	no						PMC:PMC12445162
Hapmap41083-BTA-76098	no						PMC:PMC12445162
Hapmap41092-BTA	no						PMC:PMC12445162
Hapmap41092-BTA-81768	no						PMC:PMC12445162
Hapmap41096-BTA	no						PMC:PMC12445162
Hapmap41096-BTA-84486	no						PMC:PMC12445162
Hapmap41097-BTA	no						PMC:PMC12445162
Hapmap41097-BTA-85971	no						PMC:PMC12445162
Hapmap41109-BTA	no						PMC:PMC12445162
Hapmap41109-BTA-93077	no						PMC:PMC12445162
Hapmap41117-BTA	no						PMC:PMC12445162
Hapmap41117-BTA-99065	no						PMC:PMC12445162
Hapmap41132-BTA	no						PMC:PMC12445162
Hapmap41132-BTA-103312	no						PMC:PMC12445162
Hapmap41140-BTA	no						PMC:PMC12445162
Hapmap41140-BTA-107332	no						PMC:PMC12445162
Hapmap41153-BTA	no						PMC:PMC12445162
Hapmap41153-BTA-110528	no						PMC:PMC12445162
Hapmap41158-BTA	no						PMC:PMC12445162
Hapmap41158-BTA-113441	no						PMC:PMC12445162
Hapmap41190-BTA	no						PMC:PMC12445162
Hapmap41190-BTA-16578	no						PMC:PMC12445162
Hapmap41195-BTA	no						PMC:PMC12445162
Hapmap41195-BTA-17655	no						PMC:PMC12445162
Hapmap41212-BTA	no						PMC:PMC12445162
Hapmap41212-BTA-26034	no						PMC:PMC12445162
Hapmap41219-BTA	no						PMC:PMC12445162
Hapmap41219-BTA-29565	no						PMC:PMC12445162
Hapmap41227-BTA	no						PMC:PMC12445162
Hapmap41227-BTA-32644	no						PMC:PMC12445162
Hapmap41234-BTA	no						PMC:PMC12445162
Hapmap41234-BTA-34285	no						PMC:PMC12445162
Hapmap41241-BTA	no						PMC:PMC12445162
Hapmap41241-BTA-35529	no						PMC:PMC12445162
Hapmap41244-BTA	no						PMC:PMC12445162
Hapmap41244-BTA-36610	no						PMC:PMC12445162
Hapmap41254-BTA	no						PMC:PMC12445162
Hapmap41254-BTA-40217	no						PMC:PMC12445162
Hapmap41258-BTA	no						PMC:PMC12445162
Hapmap41258-BTA-41381	no						PMC:PMC12445162
Hapmap41303-BTA	no						PMC:PMC12445162
Hapmap41303-BTA-58461	no						PMC:PMC12445162
Hapmap41304-BTA	no						PMC:PMC12445162
Hapmap41304-BTA-59122	no						PMC:PMC12445162
Hapmap41319-BTA	no						PMC:PMC12445162
Hapmap41319-BTA-63990	no						PMC:PMC12445162
Hapmap41321-BTA	no						PMC:PMC12445162
Hapmap41321-BTA-64563	no						PMC:PMC12445162
Hapmap41324-BTA	no						PMC:PMC12445162
Hapmap41324-BTA-65017	no						PMC:PMC12445162
Hapmap41338-BTA	no						PMC:PMC12445162
Hapmap41338-BTA-70373	no						PMC:PMC12445162
Hapmap41340-BTA	no						PMC:PMC12445162
Hapmap41340-BTA-71012	no						PMC:PMC12445162
Hapmap41358-BTA	no						PMC:PMC12445162
Hapmap41358-BTA-79117	no						PMC:PMC12445162
Hapmap41377-BTA	no						PMC:PMC12445162
Hapmap41377-BTA-88086	no						PMC:PMC12445162
Hapmap41399-BTA	no						PMC:PMC12445162
Hapmap41399-BTA-101088	no						PMC:PMC12445162
Hapmap41422-BTA	no						PMC:PMC12445162
Hapmap41422-BTA-109294	no						PMC:PMC12445162
Hapmap41435-BTA	no						PMC:PMC12445162
Hapmap41435-BTA-115556	no						PMC:PMC12445162
Hapmap41457-BTA	no						PMC:PMC12445162
Hapmap41457-BTA-121582	no						PMC:PMC12445162
Hapmap41469-BTA	no						PMC:PMC12445162
Hapmap41469-BTA-19461	no						PMC:PMC12445162
Hapmap41472-BTA	no						PMC:PMC12445162
Hapmap41472-BTA-19981	no						PMC:PMC12445162
Hapmap41494-BTA	no						PMC:PMC12445162
Hapmap41494-BTA-28685	no						PMC:PMC12445162
Hapmap41498-BTA	no						PMC:PMC12445162
Hapmap41498-BTA-30049	no						PMC:PMC12445162
Hapmap41499-BTA	no						PMC:PMC12445162
Hapmap41499-BTA-30129	no						PMC:PMC12445162
Hapmap41511-BTA	no						PMC:PMC12445162
Hapmap41511-BTA-34652	no						PMC:PMC12445162
Hapmap41517-BTA	no						PMC:PMC12445162
Hapmap41517-BTA-35994	no						PMC:PMC12445162
Hapmap41522-BTA	no						PMC:PMC12445162
Hapmap41522-BTA-37226	no						PMC:PMC12445162
Hapmap41531-BTA	no						PMC:PMC12445162
Hapmap41531-BTA-40863	no						PMC:PMC12445162
Hapmap41532-BTA	no						PMC:PMC12445162
Hapmap41532-BTA-40872	no						PMC:PMC12445162
Hapmap41539-BTA	no						PMC:PMC12445162
Hapmap41539-BTA-43637	no						PMC:PMC12445162
Hapmap41556-BTA	no						PMC:PMC12445162
Hapmap41556-BTA-48495	no						PMC:PMC12445162
Hapmap41563-BTA	no						PMC:PMC12445162
Hapmap41563-BTA-51853	no						PMC:PMC12445162
Hapmap41574-BTA	no						PMC:PMC12445162
Hapmap41574-BTA-54365	no						PMC:PMC12445162
Hapmap41590-BTA	no						PMC:PMC12445162
Hapmap41590-BTA-59025	no						PMC:PMC12445162
Hapmap41591-BTA	no						PMC:PMC12445162
Hapmap41591-BTA-59790	no						PMC:PMC12445162
Hapmap41612-BTA	no						PMC:PMC12445162
Hapmap41612-BTA-66863	no						PMC:PMC12445162
Hapmap41647-BTA	no						PMC:PMC12445162
Hapmap41647-BTA-81135	no						PMC:PMC12445162
Hapmap41656-BTA	no						PMC:PMC12445162
Hapmap41656-BTA-82957	no						PMC:PMC12445162
Hapmap41684-BTA	no						PMC:PMC12445162
Hapmap41684-BTA-93353	no						PMC:PMC12445162
Hapmap41720-BTA	no						PMC:PMC12445162
Hapmap41720-BTA-101335	no						PMC:PMC12445162
Hapmap41730-BTA	no						PMC:PMC12445162
Hapmap41730-BTA-102454	no						PMC:PMC12445162
Hapmap41734-BTA	no						PMC:PMC12445162
Hapmap41734-BTA-103209	no						PMC:PMC12445162
Hapmap41738-BTA	no						PMC:PMC12445162
Hapmap41738-BTA-105872	no						PMC:PMC12445162
Hapmap41740-BTA	no						PMC:PMC12445162
Hapmap41740-BTA-106658	no						PMC:PMC12445162
Hapmap41742-BTA	no						PMC:PMC12445162
Hapmap41742-BTA-107716	no						PMC:PMC12445162
Hapmap41760-BTA	no						PMC:PMC12445162
Hapmap41760-BTA-116569	no						PMC:PMC12445162
Hapmap41765-BTA	no						PMC:PMC12445162
Hapmap41765-BTA-119173	no						PMC:PMC12445162
Hapmap41774-BTA	no						PMC:PMC12445162
Hapmap41774-BTA-121358	no						PMC:PMC12445162
Hapmap41821-BTA	no						PMC:PMC12445162
Hapmap41821-BTA-30203	no						PMC:PMC12445162
Hapmap41822-BTA	no						PMC:PMC12445162
Hapmap41822-BTA-30608	no						PMC:PMC12445162
Hapmap41824-BTA	no						PMC:PMC12445162
Hapmap41824-BTA-31393	no						PMC:PMC12445162
Hapmap41848-BTA	no						PMC:PMC12445162
Hapmap41848-BTA-37274	no						PMC:PMC12445162
Hapmap41858-BTA	no						PMC:PMC12445162
Hapmap41858-BTA-39601	no						PMC:PMC12445162
Hapmap41865-BTA	no						PMC:PMC12445162
Hapmap41865-BTA-42966	no						PMC:PMC12445162
Hapmap41883-BTA	no						PMC:PMC12445162
Hapmap41883-BTA-47665	no						PMC:PMC12445162
Hapmap41884-BTA	no						PMC:PMC12445162
Hapmap41884-BTA-47859	no						PMC:PMC12445162
Hapmap41910-BTA	no						PMC:PMC12445162
Hapmap41910-BTA-58608	no						PMC:PMC12445162
Hapmap41922-BTA	no						PMC:PMC12445162
Hapmap41922-BTA-63988	no						PMC:PMC12445162
Hapmap41947-BTA	no						PMC:PMC12445162
Hapmap41947-BTA-72630	no						PMC:PMC12445162
Hapmap41952-BTA	no						PMC:PMC12445162
Hapmap41952-BTA-73370	no						PMC:PMC12445162
Hapmap41953-BTA	no						PMC:PMC12445162
Hapmap41953-BTA-73422	no						PMC:PMC12445162
Hapmap41968-BTA	no						PMC:PMC12445162
Hapmap41968-BTA-78106	no						PMC:PMC12445162
Hapmap41971-BTA	no						PMC:PMC12445162
Hapmap41971-BTA-79077	no						PMC:PMC12445162
Hapmap41989-BTA	no						PMC:PMC12445162
Hapmap41989-BTA-85190	no						PMC:PMC12445162
Hapmap41990-BTA	no						PMC:PMC12445162
Hapmap41990-BTA-85501	no						PMC:PMC12445162
Hapmap41994-BTA	no						PMC:PMC12445162
Hapmap41994-BTA-86487	no						PMC:PMC12445162
Hapmap42006-BTA	no						PMC:PMC12445162
Hapmap42006-BTA-91398	no						PMC:PMC12445162
Hapmap42008-BTA	no						PMC:PMC12445162
Hapmap42008-BTA-93135	no						PMC:PMC12445162
Hapmap42016-BTA	no						PMC:PMC12445162
Hapmap42016-BTA-96333	no						PMC:PMC12445162
Hapmap42056-BTA	no						PMC:PMC12445162
Hapmap42056-BTA-108680	no						PMC:PMC12445162
Hapmap42066-BTA	no						PMC:PMC12445162
Hapmap42066-BTA-111271	no						PMC:PMC12445162
Hapmap42078-BTA	no						PMC:PMC12445162
Hapmap42078-BTA-115052	no						PMC:PMC12445162
Hapmap42090-BTA	no						PMC:PMC12445162
Hapmap42090-BTA-118962	no						PMC:PMC12445162
Hapmap42099-BTA	no						PMC:PMC12445162
Hapmap42099-BTA-120289	no						PMC:PMC12445162
Hapmap42104-BTA	no						PMC:PMC12445162
Hapmap42104-BTA-121232	no						PMC:PMC12445162
Hapmap42110-BTA	no						PMC:PMC12445162
Hapmap42110-BTA-122117	no						PMC:PMC12445162
Hapmap42114-BTA	no						PMC:PMC12445162
Hapmap42114-BTA-122792	no						PMC:PMC12445162
Hapmap42117-BTA	no						PMC:PMC12445162
Hapmap42117-BTA-15977	no						PMC:PMC12445162
Hapmap42138-BTA	no						PMC:PMC12445162
Hapmap42138-BTA-21868	no						PMC:PMC12445162
Hapmap42140-BTA	no						PMC:PMC12445162
Hapmap42140-BTA-22375	no						PMC:PMC12445162
Hapmap42160-BTA	no						PMC:PMC12445162
Hapmap42160-BTA-26336	no						PMC:PMC12445162
Hapmap42176-BTA	no						PMC:PMC12445162
Hapmap42176-BTA-31298	no						PMC:PMC12445162
Hapmap42192-BTA	no						PMC:PMC12445162
Hapmap42192-BTA-37799	no						PMC:PMC12445162
Hapmap42196-BTA	no						PMC:PMC12445162
Hapmap42196-BTA-38351	no						PMC:PMC12445162
Hapmap42200-BTA	no						PMC:PMC12445162
Hapmap42200-BTA-40314	no						PMC:PMC12445162
Hapmap42219-BTA	no						PMC:PMC12445162
Hapmap42219-BTA-45770	no						PMC:PMC12445162
Hapmap42236-BTA	no						PMC:PMC12445162
Hapmap42236-BTA-50618	no						PMC:PMC12445162
Hapmap42238-BTA	no						PMC:PMC12445162
Hapmap42238-BTA-51186	no						PMC:PMC12445162
Hapmap42243-BTA	no						PMC:PMC12445162
Hapmap42243-BTA-53152	no						PMC:PMC12445162
Hapmap42245-BTA	no						PMC:PMC12445162
Hapmap42245-BTA-53403	no						PMC:PMC12445162
Hapmap42250-BTA	no						PMC:PMC12445162
Hapmap42250-BTA-55589	no						PMC:PMC12445162
Hapmap42251-BTA	no						PMC:PMC12445162
Hapmap42251-BTA-55740	no						PMC:PMC12445162
Hapmap42261-BTA	no						PMC:PMC12445162
Hapmap42261-BTA-59580	no						PMC:PMC12445162
Hapmap42285-BTA	no						PMC:PMC12445162
Hapmap42285-BTA-65386	no						PMC:PMC12445162
Hapmap42294-BTA	no						PMC:PMC12445162
Hapmap42294-BTA-69421	no						PMC:PMC12445162
Hapmap42301-BTA	no						PMC:PMC12445162
Hapmap42301-BTA-72566	no						PMC:PMC12445162
Hapmap42306-BTA	no						PMC:PMC12445162
Hapmap42306-BTA-73982	no						PMC:PMC12445162
Hapmap42318-BTA	no						PMC:PMC12445162
Hapmap42318-BTA-76987	no						PMC:PMC12445162
Hapmap42327-BTA	no						PMC:PMC12445162
Hapmap42327-BTA-78943	no						PMC:PMC12445162
Hapmap42333-BTA	no						PMC:PMC12445162
Hapmap42333-BTA-81770	no						PMC:PMC12445162
Hapmap42335-BTA	no						PMC:PMC12445162
Hapmap42335-BTA-82080	no						PMC:PMC12445162
Hapmap42341-BTA	no						PMC:PMC12445162
Hapmap42341-BTA-84711	no						PMC:PMC12445162
Hapmap42386-BTA	no						PMC:PMC12445162
Hapmap42386-BTA-98732	no						PMC:PMC12445162
Hapmap42391-BTA	no						PMC:PMC12445162
Hapmap42391-BTA-04861	no						PMC:PMC12445162
Hapmap42397-BTA	no						PMC:PMC12445162
Hapmap42397-BTA-100823	no						PMC:PMC12445162
Hapmap42447-BTA	no						PMC:PMC12445162
Hapmap42447-BTA-118468	no						PMC:PMC12445162
Hapmap42467-BTA	no						PMC:PMC12445162
Hapmap42467-BTA-19217	no						PMC:PMC12445162
Hapmap42473-BTA	no						PMC:PMC12445162
Hapmap42473-BTA-21724	no						PMC:PMC12445162
Hapmap42507-BTA	no						PMC:PMC12445162
Hapmap42507-BTA-31345	no						PMC:PMC12445162
Hapmap42512-BTA	no						PMC:PMC12445162
Hapmap42512-BTA-32321	no						PMC:PMC12445162
Hapmap42539-BTA	no						PMC:PMC12445162
Hapmap42539-BTA-40292	no						PMC:PMC12445162
Hapmap42549-BTA	no						PMC:PMC12445162
Hapmap42549-BTA-42953	no						PMC:PMC12445162
Hapmap42556-BTA	no						PMC:PMC12445162
Hapmap42556-BTA-45815	no						PMC:PMC12445162
Hapmap42581-BTA	no						PMC:PMC12445162
Hapmap42581-BTA-54463	no						PMC:PMC12445162
Hapmap42588-BTA	no						PMC:PMC12445162
Hapmap42588-BTA-56723	no						PMC:PMC12445162
Hapmap42592-BTA	no						PMC:PMC12445162
Hapmap42592-BTA-57478	no						PMC:PMC12445162
Hapmap42596-BTA	no						PMC:PMC12445162
Hapmap42596-BTA-58793	no						PMC:PMC12445162
Hapmap42605-BTA	no						PMC:PMC12445162
Hapmap42605-BTA-61330	no						PMC:PMC12445162
Hapmap42618-BTA	no						PMC:PMC12445162
Hapmap42618-BTA-64955	no						PMC:PMC12445162
Hapmap42631-BTA	no						PMC:PMC12445162
Hapmap42631-BTA-67529	no						PMC:PMC12445162
Hapmap42648-BTA	no						PMC:PMC12445162
Hapmap42648-BTA-71195	no						PMC:PMC12445162
Hapmap42656-BTA	no						PMC:PMC12445162
Hapmap42656-BTA-73551	no						PMC:PMC12445162
Hapmap42684-BTA	no						PMC:PMC12445162
Hapmap42684-BTA-81111	no						PMC:PMC12445162
Hapmap42695-BTA	no						PMC:PMC12445162
Hapmap42695-BTA-83298	no						PMC:PMC12445162
Hapmap42704-BTA	no						PMC:PMC12445162
Hapmap42704-BTA-84999	no						PMC:PMC12445162
Hapmap42709-BTA	no						PMC:PMC12445162
Hapmap42709-BTA-86558	no						PMC:PMC12445162
Hapmap42711-BTA	no						PMC:PMC12445162
Hapmap42711-BTA-87541	no						PMC:PMC12445162
Hapmap42723-BTA	no						PMC:PMC12445162
Hapmap42723-BTA-91402	no						PMC:PMC12445162
Hapmap42724-BTA	no						PMC:PMC12445162
Hapmap42724-BTA-91683	no						PMC:PMC12445162
Hapmap42736-BTA	no						PMC:PMC12445162
Hapmap42736-BTA-93531	no						PMC:PMC12445162
Hapmap42747-BTA	no						PMC:PMC12445162
Hapmap42747-BTA-97910	no						PMC:PMC12445162
Hapmap42766-BTA	no						PMC:PMC12445162
Hapmap42766-BTA-102377	no						PMC:PMC12445162
Hapmap42774-BTA	no						PMC:PMC12445162
Hapmap42774-BTA-104770	no						PMC:PMC12445162
Hapmap42777-BTA	no						PMC:PMC12445162
Hapmap42777-BTA-105321	no						PMC:PMC12445162
Hapmap42778-BTA	no						PMC:PMC12445162
Hapmap42778-BTA-105679	no						PMC:PMC12445162
Hapmap42783-BTA	no						PMC:PMC12445162
Hapmap42783-BTA-106327	no						PMC:PMC12445162
Hapmap42793-BTA	no						PMC:PMC12445162
Hapmap42793-BTA-108076	no						PMC:PMC12445162
Hapmap42796-BTA	no						PMC:PMC12445162
Hapmap42796-BTA-108223	no						PMC:PMC12445162
Hapmap42803-BTA	no						PMC:PMC12445162
Hapmap42803-BTA-110000	no						PMC:PMC12445162
Hapmap42807-BTA	no						PMC:PMC12445162
Hapmap42807-BTA-110986	no						PMC:PMC12445162
Hapmap42830-BTA	no						PMC:PMC12445162
Hapmap42830-BTA-117799	no						PMC:PMC12445162
Hapmap42860-BTA	no						PMC:PMC12445162
Hapmap42860-BTA-17231	no						PMC:PMC12445162
Hapmap42876-BTA	no						PMC:PMC12445162
Hapmap42876-BTA-23541	no						PMC:PMC12445162
Hapmap42886-BTA	no						PMC:PMC12445162
Hapmap42886-BTA-25934	no						PMC:PMC12445162
Hapmap42913-BTA	no						PMC:PMC12445162
Hapmap42913-BTA-33619	no						PMC:PMC12445162
Hapmap42914-BTA	no						PMC:PMC12445162
Hapmap42914-BTA-33652	no						PMC:PMC12445162
Hapmap42923-BTA	no						PMC:PMC12445162
Hapmap42923-BTA-36604	no						PMC:PMC12445162
Hapmap42952-BTA	no						PMC:PMC12445162
Hapmap42952-BTA-48143	no						PMC:PMC12445162
Hapmap42971-BTA	no						PMC:PMC12445162
Hapmap42971-BTA-54556	no						PMC:PMC12445162
Hapmap42991-BTA	no						PMC:PMC12445162
Hapmap42991-BTA-59734	no						PMC:PMC12445162
Hapmap43005-BTA	no						PMC:PMC12445162
Hapmap43005-BTA-64606	no						PMC:PMC12445162
Hapmap43020-BTA	no						PMC:PMC12445162
Hapmap43020-BTA-70327	no						PMC:PMC12445162
Hapmap43050-BTA	no						PMC:PMC12445162
Hapmap43050-BTA-79121	no						PMC:PMC12445162
Hapmap43051-BTA	no						PMC:PMC12445162
Hapmap43051-BTA-79151	no						PMC:PMC12445162
Hapmap43057-BTA	no						PMC:PMC12445162
Hapmap43057-BTA-80741	no						PMC:PMC12445162
Hapmap43073-BTA	no						PMC:PMC12445162
Hapmap43073-BTA-83925	no						PMC:PMC12445162
Hapmap43106-BTA	no						PMC:PMC12445162
Hapmap43106-BTA-94298	no						PMC:PMC12445162
Hapmap43129-BTA	no						PMC:PMC12445162
Hapmap43129-BTA-105623	no						PMC:PMC12445162
Hapmap43132-BTA	no						PMC:PMC12445162
Hapmap43132-BTA-106451	no						PMC:PMC12445162
Hapmap43142-BTA	no						PMC:PMC12445162
Hapmap43142-BTA-107561	no						PMC:PMC12445162
Hapmap43147-BTA	no						PMC:PMC12445162
Hapmap43147-BTA-108562	no						PMC:PMC12445162
Hapmap43150-BTA	no						PMC:PMC12445162
Hapmap43150-BTA-110538	no						PMC:PMC12445162
Hapmap43169-BTA	no						PMC:PMC12445162
Hapmap43169-BTA-119396	no						PMC:PMC12445162
Hapmap43221-BTA	no						PMC:PMC12445162
Hapmap43221-BTA-27481	no						PMC:PMC12445162
Hapmap43257-BTA	no						PMC:PMC12445162
Hapmap43257-BTA-39396	no						PMC:PMC12445162
Hapmap43260-BTA	no						PMC:PMC12445162
Hapmap43260-BTA-40679	no						PMC:PMC12445162
Hapmap43265-BTA	no						PMC:PMC12445162
Hapmap43265-BTA-42290	no						PMC:PMC12445162
Hapmap43274-BTA	no						PMC:PMC12445162
Hapmap43274-BTA-48044	no						PMC:PMC12445162
Hapmap43283-BTA	no						PMC:PMC12445162
Hapmap43283-BTA-51056	no						PMC:PMC12445162
Hapmap43297-BTA	no						PMC:PMC12445162
Hapmap43297-BTA-57357	no						PMC:PMC12445162
Hapmap43307-BTA	no						PMC:PMC12445162
Hapmap43307-BTA-61631	no						PMC:PMC12445162
Hapmap43318-BTA	no						PMC:PMC12445162
Hapmap43318-BTA-64930	no						PMC:PMC12445162
Hapmap43369-BTA	no						PMC:PMC12445162
Hapmap43369-BTA-83656	no						PMC:PMC12445162
Hapmap43398-BTA	no						PMC:PMC12445162
Hapmap43398-BTA-90422	no						PMC:PMC12445162
Hapmap43411-BTA	no						PMC:PMC12445162
Hapmap43411-BTA-94581	no						PMC:PMC12445162
Hapmap43429-BTA	no						PMC:PMC12445162
Hapmap43429-BTA-09440	no						PMC:PMC12445162
Hapmap43437-BTA	no						PMC:PMC12445162
Hapmap43437-BTA-101873	no						PMC:PMC12445162
Hapmap43441-BTA	no						PMC:PMC12445162
Hapmap43441-BTA-103289	no						PMC:PMC12445162
Hapmap43446-BTA	no						PMC:PMC12445162
Hapmap43446-BTA-104493	no						PMC:PMC12445162
Hapmap43459-BTA	no						PMC:PMC12445162
Hapmap43459-BTA-111191	no						PMC:PMC12445162
Hapmap43465-BTA	no						PMC:PMC12445162
Hapmap43465-BTA-111846	no						PMC:PMC12445162
Hapmap43475-BTA	no						PMC:PMC12445162
Hapmap43475-BTA-115549	no						PMC:PMC12445162
Hapmap43477-BTA	no						PMC:PMC12445162
Hapmap43477-BTA-116657	no						PMC:PMC12445162
Hapmap43491-BTA	no						PMC:PMC12445162
Hapmap43491-BTA-122155	no						PMC:PMC12445162
Hapmap43494-BTA	no						PMC:PMC12445162
Hapmap43494-BTA-122491	no						PMC:PMC12445162
Hapmap43498-BTA	no						PMC:PMC12445162
Hapmap43498-BTA-15980	no						PMC:PMC12445162
Hapmap43508-BTA	no						PMC:PMC12445162
Hapmap43508-BTA-20231	no						PMC:PMC12445162
Hapmap43513-BTA	no						PMC:PMC12445162
Hapmap43513-BTA-21673	no						PMC:PMC12445162
Hapmap43523-BTA	no						PMC:PMC12445162
Hapmap43523-BTA-24093	no						PMC:PMC12445162
Hapmap43539-BTA	no						PMC:PMC12445162
Hapmap43539-BTA-27085	no						PMC:PMC12445162
Hapmap43556-BTA	no						PMC:PMC12445162
Hapmap43556-BTA-33007	no						PMC:PMC12445162
Hapmap43561-BTA	no						PMC:PMC12445162
Hapmap43561-BTA-36544	no						PMC:PMC12445162
Hapmap43566-BTA	no						PMC:PMC12445162
Hapmap43566-BTA-37197	no						PMC:PMC12445162
Hapmap43580-BTA	no						PMC:PMC12445162
Hapmap43580-BTA-43969	no						PMC:PMC12445162
Hapmap43590-BTA	no						PMC:PMC12445162
Hapmap43590-BTA-47282	no						PMC:PMC12445162
Hapmap43594-BTA	no						PMC:PMC12445162
Hapmap43594-BTA-50052	no						PMC:PMC12445162
Hapmap43603-BTA	no						PMC:PMC12445162
Hapmap43603-BTA-51704	no						PMC:PMC12445162
Hapmap43607-BTA	no						PMC:PMC12445162
Hapmap43607-BTA-52380	no						PMC:PMC12445162
Hapmap43614-BTA	no						PMC:PMC12445162
Hapmap43614-BTA-54308	no						PMC:PMC12445162
Hapmap43616-BTA	no						PMC:PMC12445162
Hapmap43616-BTA-55004	no						PMC:PMC12445162
Hapmap43636-BTA	no						PMC:PMC12445162
Hapmap43636-BTA-63692	no						PMC:PMC12445162
Hapmap43650-BTA	no						PMC:PMC12445162
Hapmap43650-BTA-67344	no						PMC:PMC12445162
Hapmap43651-BTA	no						PMC:PMC12445162
Hapmap43651-BTA-67415	no						PMC:PMC12445162
Hapmap43654-BTA	no						PMC:PMC12445162
Hapmap43654-BTA-67984	no						PMC:PMC12445162
Hapmap43661-BTA	no						PMC:PMC12445162
Hapmap43661-BTA-70769	no						PMC:PMC12445162
Hapmap43675-BTA	no						PMC:PMC12445162
Hapmap43675-BTA-75814	no						PMC:PMC12445162
Hapmap43691-BTA	no						PMC:PMC12445162
Hapmap43691-BTA-80500	no						PMC:PMC12445162
Hapmap43698-BTA	no						PMC:PMC12445162
Hapmap43698-BTA-82926	no						PMC:PMC12445162
Hapmap43702-BTA	no						PMC:PMC12445162
Hapmap43702-BTA-84086	no						PMC:PMC12445162
Hapmap43716-BTA	no						PMC:PMC12445162
Hapmap43716-BTA-87799	no						PMC:PMC12445162
Hapmap43722-BTA	no						PMC:PMC12445162
Hapmap43722-BTA-91004	no						PMC:PMC12445162
Hapmap43738-BTA	no						PMC:PMC12445162
Hapmap43738-BTA-99532	no						PMC:PMC12445162
Hapmap43743-BTA	no						PMC:PMC12445162
Hapmap43743-BTA-101057	no						PMC:PMC12445162
Hapmap43761-BTA	no						PMC:PMC12445162
Hapmap43761-BTA-110229	no						PMC:PMC12445162
Hapmap43767-BTA	no						PMC:PMC12445162
Hapmap43767-BTA-113302	no						PMC:PMC12445162
Hapmap43775-BTA	no						PMC:PMC12445162
Hapmap43775-BTA-115377	no						PMC:PMC12445162
Hapmap43777-BTA	no						PMC:PMC12445162
Hapmap43777-BTA-115985	no						PMC:PMC12445162
Hapmap43792-BTA	no						PMC:PMC12445162
Hapmap43792-BTA-122725	no						PMC:PMC12445162
Hapmap43815-BTA	no						PMC:PMC12445162
Hapmap43815-BTA-23051	no						PMC:PMC12445162
Hapmap43834-BTA	no						PMC:PMC12445162
Hapmap43834-BTA-30319	no						PMC:PMC12445162
Hapmap43845-BTA	no						PMC:PMC12445162
Hapmap43845-BTA-37936	no						PMC:PMC12445162
Hapmap43850-BTA	no						PMC:PMC12445162
Hapmap43850-BTA-43155	no						PMC:PMC12445162
Hapmap43869-BTA	no						PMC:PMC12445162
Hapmap43869-BTA-49512	no						PMC:PMC12445162
Hapmap43878-BTA	no						PMC:PMC12445162
Hapmap43878-BTA-53506	no						PMC:PMC12445162
Hapmap43893-BTA	no						PMC:PMC12445162
Hapmap43893-BTA-60736	no						PMC:PMC12445162
Hapmap43894-BTA	no						PMC:PMC12445162
Hapmap43894-BTA-60813	no						PMC:PMC12445162
Hapmap43906-BTA	no						PMC:PMC12445162
Hapmap43906-BTA-66658	no						PMC:PMC12445162
Hapmap43908-BTA	no						PMC:PMC12445162
Hapmap43908-BTA-67758	no						PMC:PMC12445162
Hapmap43914-BTA	no						PMC:PMC12445162
Hapmap43914-BTA-70640	no						PMC:PMC12445162
Hapmap43920-BTA	no						PMC:PMC12445162
Hapmap43920-BTA-73006	no						PMC:PMC12445162
Hapmap43931-BTA	no						PMC:PMC12445162
Hapmap43931-BTA-75650	no						PMC:PMC12445162
Hapmap43953-BTA	no						PMC:PMC12445162
Hapmap43953-BTA-83292	no						PMC:PMC12445162
Hapmap43960-BTA	no						PMC:PMC12445162
Hapmap43960-BTA-85875	no						PMC:PMC12445162
Hapmap43965-BTA	no						PMC:PMC12445162
Hapmap43965-BTA-89883	no						PMC:PMC12445162
Hapmap43974-BTA	no						PMC:PMC12445162
Hapmap43974-BTA-94241	no						PMC:PMC12445162
Hapmap43999-BTA	no						PMC:PMC12445162
Hapmap43999-BTA-108014	no						PMC:PMC12445162
Hapmap44002-BTA	no						PMC:PMC12445162
Hapmap44002-BTA-110636	no						PMC:PMC12445162
Hapmap44011-BTA	no						PMC:PMC12445162
Hapmap44011-BTA-115851	no						PMC:PMC12445162
Hapmap44041-BTA	no						PMC:PMC12445162
Hapmap44041-BTA-23382	no						PMC:PMC12445162
Hapmap44043-BTA	no						PMC:PMC12445162
Hapmap44043-BTA-24219	no						PMC:PMC12445162
Hapmap44055-BTA	no						PMC:PMC12445162
Hapmap44055-BTA-29694	no						PMC:PMC12445162
Hapmap44062-BTA	no						PMC:PMC12445162
Hapmap44062-BTA-36347	no						PMC:PMC12445162
Hapmap44063-BTA	no						PMC:PMC12445162
Hapmap44063-BTA-36599	no						PMC:PMC12445162
Hapmap44071-BTA	no						PMC:PMC12445162
Hapmap44071-BTA-39540	no						PMC:PMC12445162
Hapmap44082-BTA	no						PMC:PMC12445162
Hapmap44082-BTA-48435	no						PMC:PMC12445162
Hapmap44084-BTA	no						PMC:PMC12445162
Hapmap44084-BTA-48504	no						PMC:PMC12445162
Hapmap44095-BTA	no						PMC:PMC12445162
Hapmap44095-BTA-55125	no						PMC:PMC12445162
Hapmap44149-BTA	no						PMC:PMC12445162
Hapmap44149-BTA-85336	no						PMC:PMC12445162
Hapmap44160-BTA	no						PMC:PMC12445162
Hapmap44160-BTA-90850	no						PMC:PMC12445162
Hapmap44172-BTA	no						PMC:PMC12445162
Hapmap44172-BTA-96950	no						PMC:PMC12445162
Hapmap44181-BTA	no						PMC:PMC12445162
Hapmap44181-BTA-104938	no						PMC:PMC12445162
Hapmap44189-BTA	no						PMC:PMC12445162
Hapmap44189-BTA-109443	no						PMC:PMC12445162
Hapmap44202-BTA	no						PMC:PMC12445162
Hapmap44202-BTA-115270	no						PMC:PMC12445162
Hapmap44212-BTA	no						PMC:PMC12445162
Hapmap44212-BTA-122090	no						PMC:PMC12445162
Hapmap44225-BTA	no						PMC:PMC12445162
Hapmap44225-BTA-28287	no						PMC:PMC12445162
Hapmap44231-BTA	no						PMC:PMC12445162
Hapmap44231-BTA-36623	no						PMC:PMC12445162
Hapmap44260-BTA	no						PMC:PMC12445162
Hapmap44260-BTA-59780	no						PMC:PMC12445162
Hapmap44268-BTA	no						PMC:PMC12445162
Hapmap44268-BTA-66621	no						PMC:PMC12445162
Hapmap44273-BTA	no						PMC:PMC12445162
Hapmap44273-BTA-68311	no						PMC:PMC12445162
Hapmap44304-BTA	no						PMC:PMC12445162
Hapmap44304-BTA-87076	no						PMC:PMC12445162
Hapmap44312-BTA	no						PMC:PMC12445162
Hapmap44312-BTA-91481	no						PMC:PMC12445162
Hapmap44316-BTA	no						PMC:PMC12445162
Hapmap44316-BTA-93259	no						PMC:PMC12445162
Hapmap44326-BTA	no						PMC:PMC12445162
Hapmap44326-BTA-97746	no						PMC:PMC12445162
Hapmap44329-BTA	no						PMC:PMC12445162
Hapmap44329-BTA-98197	no						PMC:PMC12445162
Hapmap44337-BTA	no						PMC:PMC12445162
Hapmap44337-BTA-109205	no						PMC:PMC12445162
Hapmap44345-BTA	no						PMC:PMC12445162
Hapmap44345-BTA-119580	no						PMC:PMC12445162
Hapmap44357-BTA	no						PMC:PMC12445162
Hapmap44357-BTA-24055	no						PMC:PMC12445162
Hapmap44359-BTA	no						PMC:PMC12445162
Hapmap44359-BTA-25574	no						PMC:PMC12445162
Hapmap44390-BTA	no						PMC:PMC12445162
Hapmap44390-BTA-54545	no						PMC:PMC12445162
Hapmap44395-BTA	no						PMC:PMC12445162
Hapmap44395-BTA-64864	no						PMC:PMC12445162
Hapmap44397-BTA	no						PMC:PMC12445162
Hapmap44397-BTA-70124	no						PMC:PMC12445162
Hapmap44400-BTA	no						PMC:PMC12445162
Hapmap44400-BTA-72792	no						PMC:PMC12445162
Hapmap44403-BTA	no						PMC:PMC12445162
Hapmap44403-BTA-74223	no						PMC:PMC12445162
Hapmap44404-BTA	no						PMC:PMC12445162
Hapmap44404-BTA-74461	no						PMC:PMC12445162
Hapmap44412-BTA	no						PMC:PMC12445162
Hapmap44412-BTA-80524	no						PMC:PMC12445162
Hapmap44415-BTA	no						PMC:PMC12445162
Hapmap44415-BTA-81700	no						PMC:PMC12445162
Hapmap44417-BTA	no						PMC:PMC12445162
Hapmap44417-BTA-88062	no						PMC:PMC12445162
Hapmap44461-BTA	no						PMC:PMC12445162
Hapmap44461-BTA-40052	no						PMC:PMC12445162
Hapmap44492-BTA	no						PMC:PMC12445162
Hapmap44492-BTA-88469	no						PMC:PMC12445162
Hapmap44528-BTA	no						PMC:PMC12445162
Hapmap44528-BTA-17816	no						PMC:PMC12445162
Hapmap44545-BTA	no						PMC:PMC12445162
Hapmap44545-BTA-47658	no						PMC:PMC12445162
Hapmap44576-BTA	no						PMC:PMC12445162
Hapmap44576-BTA-90136	no						PMC:PMC12445162
Hapmap44600-BTA	no						PMC:PMC12445162
Hapmap44600-BTA-47582	no						PMC:PMC12445162
Hapmap44611-BTA	no						PMC:PMC12445162
Hapmap44611-BTA-66646	no						PMC:PMC12445162
Hapmap44612-BTA	no						PMC:PMC12445162
Hapmap44612-BTA-69305	no						PMC:PMC12445162
Hapmap44646-BTA	no						PMC:PMC12445162
Hapmap44646-BTA-38361	no						PMC:PMC12445162
Hapmap44774-BTA	no						PMC:PMC12445162
Hapmap44774-BTA-55887	no						PMC:PMC12445162
Hapmap44836-BTA	no						PMC:PMC12445162
Hapmap44836-BTA-51861	no						PMC:PMC12445162
Hapmap44990-BTA	no						PMC:PMC12445162
Hapmap44990-BTA-78563	no						PMC:PMC12445162
Hapmap45113-BTA	no						PMC:PMC12445162
Hapmap45113-BTA-54994	no						PMC:PMC12445162
Hapmap45132-BTA	no						PMC:PMC12445162
Hapmap45132-BTA-77765	no						PMC:PMC12445162
Hapmap45189-BTA	no						PMC:PMC12445162
Hapmap45189-BTA-43948	no						PMC:PMC12445162
Hapmap45233-BTA	no						PMC:PMC12445162
Hapmap45233-BTA-100751	no						PMC:PMC12445162
Hapmap45266-BTA	no						PMC:PMC12445162
Hapmap45266-BTA-26244	no						PMC:PMC12445162
Hapmap45307-BTA	no						PMC:PMC12445162
Hapmap45307-BTA-65775	no						PMC:PMC12445162
Hapmap45312-BTA	no						PMC:PMC12445162
Hapmap45312-BTA-74347	no						PMC:PMC12445162
Hapmap45337-BTA	no						PMC:PMC12445162
Hapmap45337-BTA-109277	no						PMC:PMC12445162
Hapmap45349-BTA	no						PMC:PMC12445162
Hapmap45349-BTA-121854	no						PMC:PMC12445162
Hapmap45405-BTA	no						PMC:PMC12445162
Hapmap45405-BTA-111896	no						PMC:PMC12445162
Hapmap45444-BTA	no						PMC:PMC12445162
Hapmap45444-BTA-68325	no						PMC:PMC12445162
Hapmap45455-BTA	no						PMC:PMC12445162
Hapmap45455-BTA-89343	no						PMC:PMC12445162
Hapmap45471-BTA	no						PMC:PMC12445162
Hapmap45471-BTA-117823	no						PMC:PMC12445162
Hapmap45486-BTA	no						PMC:PMC12445162
Hapmap45486-BTA-36522	no						PMC:PMC12445162
Hapmap45528-BTA	no						PMC:PMC12445162
Hapmap45528-BTA-102311	no						PMC:PMC12445162
Hapmap45544-BTA	no						PMC:PMC12445162
Hapmap45544-BTA-122351	no						PMC:PMC12445162
Hapmap45550-BTA	no						PMC:PMC12445162
Hapmap45550-BTA-32092	no						PMC:PMC12445162
Hapmap45569-BTA	no						PMC:PMC12445162
Hapmap45569-BTA-55944	no						PMC:PMC12445162
Hapmap45591-BTA	no						PMC:PMC12445162
Hapmap45591-BTA-99735	no						PMC:PMC12445162
Hapmap45596-BTA	no						PMC:PMC12445162
Hapmap45596-BTA-106589	no						PMC:PMC12445162
Hapmap45602-BTA	no						PMC:PMC12445162
Hapmap45602-BTA-114057	no						PMC:PMC12445162
Hapmap45612-BTA	no						PMC:PMC12445162
Hapmap45612-BTA-28859	no						PMC:PMC12445162
Hapmap45640-BTA	no						PMC:PMC12445162
Hapmap45640-BTA-113575	no						PMC:PMC12445162
Hapmap45700-BTA	no						PMC:PMC12445162
Hapmap45700-BTA-72915	no						PMC:PMC12445162
Hapmap45728-BTA	no						PMC:PMC12445162
Hapmap45728-BTA-38205	no						PMC:PMC12445162
Hapmap45793-BTA	no						PMC:PMC12445162
Hapmap45793-BTA-114539	no						PMC:PMC12445162
Hapmap45824-BTA	no						PMC:PMC12445162
Hapmap45824-BTA-21209	no						PMC:PMC12445162
Hapmap45825-BTA	no						PMC:PMC12445162
Hapmap45825-BTA-25376	no						PMC:PMC12445162
Hapmap45967-BTA	no						PMC:PMC12445162
Hapmap45967-BTA-99756	no						PMC:PMC12445162
Hapmap46017-BTA	no						PMC:PMC12445162
Hapmap46017-BTA-70007	no						PMC:PMC12445162
Hapmap46066-BTA	no						PMC:PMC12445162
Hapmap46066-BTA-25653	no						PMC:PMC12445162
Hapmap46098-BTA	no						PMC:PMC12445162
Hapmap46098-BTA-72714	no						PMC:PMC12445162
Hapmap46117-BTA	no						PMC:PMC12445162
Hapmap46117-BTA-106518	no						PMC:PMC12445162
Hapmap46118-BTA	no						PMC:PMC12445162
Hapmap46118-BTA-108252	no						PMC:PMC12445162
Hapmap46132-BTA	no						PMC:PMC12445162
Hapmap46132-BTA-29718	no						PMC:PMC12445162
Hapmap46173-BTA	no						PMC:PMC12445162
Hapmap46173-BTA-84572	no						PMC:PMC12445162
Hapmap46194-BTA	no						PMC:PMC12445162
Hapmap46194-BTA-103835	no						PMC:PMC12445162
Hapmap46209-BTA	no						PMC:PMC12445162
Hapmap46209-BTA-28196	no						PMC:PMC12445162
Hapmap46221-BTA	no						PMC:PMC12445162
Hapmap46221-BTA-46942	no						PMC:PMC12445162
Hapmap46316-BTA	no						PMC:PMC12445162
Hapmap46316-BTA-68304	no						PMC:PMC12445162
Hapmap46331-BTA	no						PMC:PMC12445162
Hapmap46331-BTA-96019	no						PMC:PMC12445162
Hapmap46343-BTA	no						PMC:PMC12445162
Hapmap46343-BTA-111768	no						PMC:PMC12445162
Hapmap46411-BTA	no						PMC:PMC12445162
Hapmap46411-BTA-15820	no						PMC:PMC12445162
Hapmap46550-BTA	no						PMC:PMC12445162
Hapmap46550-BTA-103548	no						PMC:PMC12445162
Hapmap46604-BTA	no						PMC:PMC12445162
Hapmap46604-BTA-35152	no						PMC:PMC12445162
Hapmap46653-BTA	no						PMC:PMC12445162
Hapmap46653-BTA-47447	no						PMC:PMC12445162
Hapmap46685-BTA	no						PMC:PMC12445162
Hapmap46685-BTA-105714	no						PMC:PMC12445162
Hapmap46697-BTA	no						PMC:PMC12445162
Hapmap46697-BTA-38171	no						PMC:PMC12445162
Hapmap46717-BTA	no						PMC:PMC12445162
Hapmap46717-BTA-69803	no						PMC:PMC12445162
Hapmap46758-BTA	no						PMC:PMC12445162
Hapmap46758-BTA-108921	no						PMC:PMC12445162
Hapmap46765-BTA	no						PMC:PMC12445162
Hapmap46765-BTA-114976	no						PMC:PMC12445162
Hapmap46767-BTA	no						PMC:PMC12445162
Hapmap46767-BTA-117224	no						PMC:PMC12445162
Hapmap46770-BTA	no						PMC:PMC12445162
Hapmap46770-BTA-120932	no						PMC:PMC12445162
Hapmap46773-BTA	no						PMC:PMC12445162
Hapmap46773-BTA-121585	no						PMC:PMC12445162
Hapmap46782-BTA	no						PMC:PMC12445162
Hapmap46782-BTA-19874	no						PMC:PMC12445162
Hapmap46811-BTA	no						PMC:PMC12445162
Hapmap46811-BTA-40771	no						PMC:PMC12445162
Hapmap46823-BTA	no						PMC:PMC12445162
Hapmap46823-BTA-46508	no						PMC:PMC12445162
Hapmap46825-BTA	no						PMC:PMC12445162
Hapmap46825-BTA-47232	no						PMC:PMC12445162
Hapmap46854-BTA	no						PMC:PMC12445162
Hapmap46854-BTA-64068	no						PMC:PMC12445162
Hapmap46856-BTA	no						PMC:PMC12445162
Hapmap46856-BTA-64855	no						PMC:PMC12445162
Hapmap46867-BTA	no						PMC:PMC12445162
Hapmap46867-BTA-74870	no						PMC:PMC12445162
Hapmap46882-BTA	no						PMC:PMC12445162
Hapmap46882-BTA-82641	no						PMC:PMC12445162
Hapmap46888-BTA	no						PMC:PMC12445162
Hapmap46888-BTA-85152	no						PMC:PMC12445162
Hapmap46895-BTA	no						PMC:PMC12445162
Hapmap46895-BTA-94979	no						PMC:PMC12445162
Hapmap46920-BTA	no						PMC:PMC12445162
Hapmap46920-BTA-106148	no						PMC:PMC12445162
Hapmap46921-BTA	no						PMC:PMC12445162
Hapmap46921-BTA-106251	no						PMC:PMC12445162
Hapmap46968-BTA	no						PMC:PMC12445162
Hapmap46968-BTA-21559	no						PMC:PMC12445162
Hapmap46990-BTA	no						PMC:PMC12445162
Hapmap46990-BTA-35846	no						PMC:PMC12445162
Hapmap47002-BTA	no						PMC:PMC12445162
Hapmap47002-BTA-41821	no						PMC:PMC12445162
Hapmap47034-BTA	no						PMC:PMC12445162
Hapmap47034-BTA-52445	no						PMC:PMC12445162
Hapmap47039-BTA	no						PMC:PMC12445162
Hapmap47039-BTA-54432	no						PMC:PMC12445162
Hapmap47040-BTA	no						PMC:PMC12445162
Hapmap47040-BTA-54661	no						PMC:PMC12445162
Hapmap47072-BTA	no						PMC:PMC12445162
Hapmap47072-BTA-66156	no						PMC:PMC12445162
Hapmap47105-BTA	no						PMC:PMC12445162
Hapmap47105-BTA-78550	no						PMC:PMC12445162
Hapmap47127-BTA	no						PMC:PMC12445162
Hapmap47127-BTA-88691	no						PMC:PMC12445162
Hapmap47138-BTA	no						PMC:PMC12445162
Hapmap47138-BTA-95559	no						PMC:PMC12445162
Hapmap47167-BTA	no						PMC:PMC12445162
Hapmap47167-BTA-107276	no						PMC:PMC12445162
Hapmap47175-BTA	no						PMC:PMC12445162
Hapmap47175-BTA-110475	no						PMC:PMC12445162
Hapmap47185-BTA	no						PMC:PMC12445162
Hapmap47185-BTA-114173	no						PMC:PMC12445162
Hapmap47197-BTA	no						PMC:PMC12445162
Hapmap47197-BTA-121099	no						PMC:PMC12445162
Hapmap47202-BTA	no						PMC:PMC12445162
Hapmap47202-BTA-121802	no						PMC:PMC12445162
Hapmap47208-BTA	no						PMC:PMC12445162
Hapmap47208-BTA-15912	no						PMC:PMC12445162
Hapmap47213-BTA	no						PMC:PMC12445162
Hapmap47213-BTA-19985	no						PMC:PMC12445162
Hapmap47224-BTA	no						PMC:PMC12445162
Hapmap47224-BTA-24614	no						PMC:PMC12445162
Hapmap47236-BTA	no						PMC:PMC12445162
Hapmap47236-BTA-29404	no						PMC:PMC12445162
Hapmap47243-BTA	no						PMC:PMC12445162
Hapmap47243-BTA-31267	no						PMC:PMC12445162
Hapmap47270-BTA	no						PMC:PMC12445162
Hapmap47270-BTA-36334	no						PMC:PMC12445162
Hapmap47272-BTA	no						PMC:PMC12445162
Hapmap47272-BTA-36655	no						PMC:PMC12445162
Hapmap47281-BTA	no						PMC:PMC12445162
Hapmap47281-BTA-40051	no						PMC:PMC12445162
Hapmap47284-BTA	no						PMC:PMC12445162
Hapmap47284-BTA-41164	no						PMC:PMC12445162
Hapmap47322-BTA	no						PMC:PMC12445162
Hapmap47322-BTA-54813	no						PMC:PMC12445162
Hapmap47328-BTA	no						PMC:PMC12445162
Hapmap47328-BTA-56087	no						PMC:PMC12445162
Hapmap47356-BTA	no						PMC:PMC12445162
Hapmap47356-BTA-63000	no						PMC:PMC12445162
Hapmap47385-BTA	no						PMC:PMC12445162
Hapmap47385-BTA-71710	no						PMC:PMC12445162
Hapmap47387-BTA	no						PMC:PMC12445162
Hapmap47387-BTA-72195	no						PMC:PMC12445162
Hapmap47406-BTA	no						PMC:PMC12445162
Hapmap47406-BTA-77006	no						PMC:PMC12445162
Hapmap47411-BTA	no						PMC:PMC12445162
Hapmap47411-BTA-78553	no						PMC:PMC12445162
Hapmap47452-BTA	no						PMC:PMC12445162
Hapmap47452-BTA-97231	no						PMC:PMC12445162
Hapmap47455-BTA	no						PMC:PMC12445162
Hapmap47455-BTA-97830	no						PMC:PMC12445162
Hapmap47467-BTA	no						PMC:PMC12445162
Hapmap47467-BTA-100234	no						PMC:PMC12445162
Hapmap47487-BTA	no						PMC:PMC12445162
Hapmap47487-BTA-107875	no						PMC:PMC12445162
Hapmap47514-BTA	no						PMC:PMC12445162
Hapmap47514-BTA-115564	no						PMC:PMC12445162
Hapmap47537-BTA	no						PMC:PMC12445162
Hapmap47537-BTA-19803	no						PMC:PMC12445162
Hapmap47541-BTA	no						PMC:PMC12445162
Hapmap47541-BTA-22031	no						PMC:PMC12445162
Hapmap47558-BTA	no						PMC:PMC12445162
Hapmap47558-BTA-28226	no						PMC:PMC12445162
Hapmap47560-BTA	no						PMC:PMC12445162
Hapmap47560-BTA-30470	no						PMC:PMC12445162
Hapmap47581-BTA	no						PMC:PMC12445162
Hapmap47581-BTA-34891	no						PMC:PMC12445162
Hapmap47596-BTA	no						PMC:PMC12445162
Hapmap47596-BTA-38603	no						PMC:PMC12445162
Hapmap47607-BTA	no						PMC:PMC12445162
Hapmap47607-BTA-41787	no						PMC:PMC12445162
Hapmap47624-BTA	no						PMC:PMC12445162
Hapmap47624-BTA-44484	no						PMC:PMC12445162
Hapmap47628-BTA	no						PMC:PMC12445162
Hapmap47628-BTA-45090	no						PMC:PMC12445162
Hapmap47638-BTA	no						PMC:PMC12445162
Hapmap47638-BTA-47957	no						PMC:PMC12445162
Hapmap47649-BTA	no						PMC:PMC12445162
Hapmap47649-BTA-51546	no						PMC:PMC12445162
Hapmap47652-BTA	no						PMC:PMC12445162
Hapmap47652-BTA-52437	no						PMC:PMC12445162
Hapmap47658-BTA	no						PMC:PMC12445162
Hapmap47658-BTA-55394	no						PMC:PMC12445162
Hapmap47669-BTA	no						PMC:PMC12445162
Hapmap47669-BTA-59022	no						PMC:PMC12445162
Hapmap47687-BTA	no						PMC:PMC12445162
Hapmap47687-BTA-64620	no						PMC:PMC12445162
Hapmap47710-BTA	no						PMC:PMC12445162
Hapmap47710-BTA-72578	no						PMC:PMC12445162
Hapmap47719-BTA	no						PMC:PMC12445162
Hapmap47719-BTA-74313	no						PMC:PMC12445162
Hapmap47746-BTA	no						PMC:PMC12445162
Hapmap47746-BTA-80658	no						PMC:PMC12445162
Hapmap47761-BTA	no						PMC:PMC12445162
Hapmap47761-BTA-86120	no						PMC:PMC12445162
Hapmap47766-BTA	no						PMC:PMC12445162
Hapmap47766-BTA-87827	no						PMC:PMC12445162
Hapmap47768-BTA	no						PMC:PMC12445162
Hapmap47768-BTA-88477	no						PMC:PMC12445162
Hapmap47782-BTA	no						PMC:PMC12445162
Hapmap47782-BTA-94386	no						PMC:PMC12445162
Hapmap47786-BTA	no						PMC:PMC12445162
Hapmap47786-BTA-95575	no						PMC:PMC12445162
Hapmap47789-BTA	no						PMC:PMC12445162
Hapmap47789-BTA-96396	no						PMC:PMC12445162
Hapmap47792-BTA	no						PMC:PMC12445162
Hapmap47792-BTA-97076	no						PMC:PMC12445162
Hapmap47793-BTA	no						PMC:PMC12445162
Hapmap47793-BTA-97444	no						PMC:PMC12445162
Hapmap47795-BTA	no						PMC:PMC12445162
Hapmap47795-BTA-98172	no						PMC:PMC12445162
Hapmap47799-BTA	no						PMC:PMC12445162
Hapmap47799-BTA-07017	no						PMC:PMC12445162
Hapmap47805-BTA	no						PMC:PMC12445162
Hapmap47805-BTA-101148	no						PMC:PMC12445162
Hapmap47809-BTA	no						PMC:PMC12445162
Hapmap47809-BTA-102708	no						PMC:PMC12445162
Hapmap47824-BTA	no						PMC:PMC12445162
Hapmap47824-BTA-107197	no						PMC:PMC12445162
Hapmap47826-BTA	no						PMC:PMC12445162
Hapmap47826-BTA-107963	no						PMC:PMC12445162
Hapmap47844-BTA	no						PMC:PMC12445162
Hapmap47844-BTA-115673	no						PMC:PMC12445162
Hapmap47849-BTA	no						PMC:PMC12445162
Hapmap47849-BTA-117910	no						PMC:PMC12445162
Hapmap47850-BTA	no						PMC:PMC12445162
Hapmap47850-BTA-118310	no						PMC:PMC12445162
Hapmap47861-BTA	no						PMC:PMC12445162
Hapmap47861-BTA-120563	no						PMC:PMC12445162
Hapmap47899-BTA	no						PMC:PMC12445162
Hapmap47899-BTA-26090	no						PMC:PMC12445162
Hapmap47902-BTA	no						PMC:PMC12445162
Hapmap47902-BTA-26537	no						PMC:PMC12445162
Hapmap47916-BTA	no						PMC:PMC12445162
Hapmap47916-BTA-33407	no						PMC:PMC12445162
Hapmap47921-BTA	no						PMC:PMC12445162
Hapmap47921-BTA-34862	no						PMC:PMC12445162
Hapmap47949-BTA	no						PMC:PMC12445162
Hapmap47949-BTA-43407	no						PMC:PMC12445162
Hapmap47975-BTA	no						PMC:PMC12445162
Hapmap47975-BTA-50226	no						PMC:PMC12445162
Hapmap47979-BTA	no						PMC:PMC12445162
Hapmap47979-BTA-51767	no						PMC:PMC12445162
Hapmap47984-BTA	no						PMC:PMC12445162
Hapmap47984-BTA-54611	no						PMC:PMC12445162
Hapmap47993-BTA	no						PMC:PMC12445162
Hapmap47993-BTA-56668	no						PMC:PMC12445162
Hapmap48000-BTA	no						PMC:PMC12445162
Hapmap48000-BTA-57409	no						PMC:PMC12445162
Hapmap48017-BTA	no						PMC:PMC12445162
Hapmap48017-BTA-60281	no						PMC:PMC12445162
Hapmap48018-BTA	no						PMC:PMC12445162
Hapmap48018-BTA-60331	no						PMC:PMC12445162
Hapmap48021-BTA	no						PMC:PMC12445162
Hapmap48021-BTA-61134	no						PMC:PMC12445162
Hapmap48023-BTA	no						PMC:PMC12445162
Hapmap48023-BTA-62139	no						PMC:PMC12445162
Hapmap48024-BTA	no						PMC:PMC12445162
Hapmap48024-BTA-62291	no						PMC:PMC12445162
Hapmap48033-BTA	no						PMC:PMC12445162
Hapmap48033-BTA-63946	no						PMC:PMC12445162
Hapmap48045-BTA	no						PMC:PMC12445162
Hapmap48045-BTA-67779	no						PMC:PMC12445162
Hapmap48062-BTA	no						PMC:PMC12445162
Hapmap48062-BTA-72409	no						PMC:PMC12445162
Hapmap48090-BTA	no						PMC:PMC12445162
Hapmap48090-BTA-81304	no						PMC:PMC12445162
Hapmap48102-BTA	no						PMC:PMC12445162
Hapmap48102-BTA-85468	no						PMC:PMC12445162
Hapmap48108-BTA	no						PMC:PMC12445162
Hapmap48108-BTA-87770	no						PMC:PMC12445162
Hapmap48128-BTA	no						PMC:PMC12445162
Hapmap48128-BTA-94056	no						PMC:PMC12445162
Hapmap48136-BTA	no						PMC:PMC12445162
Hapmap48136-BTA-96744	no						PMC:PMC12445162
Hapmap48163-BTA	no						PMC:PMC12445162
Hapmap48163-BTA-104696	no						PMC:PMC12445162
Hapmap48168-BTA	no						PMC:PMC12445162
Hapmap48168-BTA-106480	no						PMC:PMC12445162
Hapmap48222-BTA	no						PMC:PMC12445162
Hapmap48222-BTA-122240	no						PMC:PMC12445162
Hapmap48229-BTA	no						PMC:PMC12445162
Hapmap48229-BTA-15460	no						PMC:PMC12445162
Hapmap48235-BTA	no						PMC:PMC12445162
Hapmap48235-BTA-17587	no						PMC:PMC12445162
Hapmap48243-BTA	no						PMC:PMC12445162
Hapmap48243-BTA-19814	no						PMC:PMC12445162
Hapmap48258-BTA	no						PMC:PMC12445162
Hapmap48258-BTA-24339	no						PMC:PMC12445162
Hapmap48284-BTA	no						PMC:PMC12445162
Hapmap48284-BTA-30349	no						PMC:PMC12445162
Hapmap48292-BTA	no						PMC:PMC12445162
Hapmap48292-BTA-32583	no						PMC:PMC12445162
Hapmap48318-BTA	no						PMC:PMC12445162
Hapmap48318-BTA-39745	no						PMC:PMC12445162
Hapmap48323-BTA	no						PMC:PMC12445162
Hapmap48323-BTA-41259	no						PMC:PMC12445162
Hapmap48326-BTA	no						PMC:PMC12445162
Hapmap48326-BTA-41656	no						PMC:PMC12445162
Hapmap48354-BTA	no						PMC:PMC12445162
Hapmap48354-BTA-48238	no						PMC:PMC12445162
Hapmap48367-BTA	no						PMC:PMC12445162
Hapmap48367-BTA-50266	no						PMC:PMC12445162
Hapmap48373-BTA	no						PMC:PMC12445162
Hapmap48373-BTA-51706	no						PMC:PMC12445162
Hapmap48377-BTA	no						PMC:PMC12445162
Hapmap48377-BTA-52225	no						PMC:PMC12445162
Hapmap48395-BTA	no						PMC:PMC12445162
Hapmap48395-BTA-58382	no						PMC:PMC12445162
Hapmap48397-BTA	no						PMC:PMC12445162
Hapmap48397-BTA-58570	no						PMC:PMC12445162
Hapmap48407-BTA	no						PMC:PMC12445162
Hapmap48407-BTA-60956	no						PMC:PMC12445162
Hapmap48423-BTA	no						PMC:PMC12445162
Hapmap48423-BTA-65404	no						PMC:PMC12445162
Hapmap48439-BTA	no						PMC:PMC12445162
Hapmap48439-BTA-68959	no						PMC:PMC12445162
Hapmap48448-BTA	no						PMC:PMC12445162
Hapmap48448-BTA-71823	no						PMC:PMC12445162
Hapmap48457-BTA	no						PMC:PMC12445162
Hapmap48457-BTA-75505	no						PMC:PMC12445162
Hapmap48464-BTA	no						PMC:PMC12445162
Hapmap48464-BTA-77646	no						PMC:PMC12445162
Hapmap48468-BTA	no						PMC:PMC12445162
Hapmap48468-BTA-78949	no						PMC:PMC12445162
Hapmap48477-BTA	no						PMC:PMC12445162
Hapmap48477-BTA-80377	no						PMC:PMC12445162
Hapmap48478-BTA	no						PMC:PMC12445162
Hapmap48478-BTA-80389	no						PMC:PMC12445162
Hapmap48479-BTA	no						PMC:PMC12445162
Hapmap48479-BTA-80447	no						PMC:PMC12445162
Hapmap48515-BTA	no						PMC:PMC12445162
Hapmap48515-BTA-89384	no						PMC:PMC12445162
Hapmap48530-BTA	no						PMC:PMC12445162
Hapmap48530-BTA-94531	no						PMC:PMC12445162
Hapmap48539-BTA	no						PMC:PMC12445162
Hapmap48539-BTA-97781	no						PMC:PMC12445162
Hapmap48540-BTA	no						PMC:PMC12445162
Hapmap48540-BTA-97806	no						PMC:PMC12445162
Hapmap48543-BTA	no						PMC:PMC12445162
Hapmap48543-BTA-98093	no						PMC:PMC12445162
Hapmap48544-BTA	no						PMC:PMC12445162
Hapmap48544-BTA-98418	no						PMC:PMC12445162
Hapmap48549-BTA	no						PMC:PMC12445162
Hapmap48549-BTA-99373	no						PMC:PMC12445162
Hapmap48567-BTA	no						PMC:PMC12445162
Hapmap48567-BTA-103893	no						PMC:PMC12445162
Hapmap48568-BTA	no						PMC:PMC12445162
Hapmap48568-BTA-103950	no						PMC:PMC12445162
Hapmap48573-BTA	no						PMC:PMC12445162
Hapmap48573-BTA-104531	no						PMC:PMC12445162
Hapmap48614-BTA	no						PMC:PMC12445162
Hapmap48614-BTA-112193	no						PMC:PMC12445162
Hapmap48641-BTA	no						PMC:PMC12445162
Hapmap48641-BTA-119400	no						PMC:PMC12445162
Hapmap48648-BTA	no						PMC:PMC12445162
Hapmap48648-BTA-120966	no						PMC:PMC12445162
Hapmap48654-BTA	no						PMC:PMC12445162
Hapmap48654-BTA-121800	no						PMC:PMC12445162
Hapmap48671-BTA	no						PMC:PMC12445162
Hapmap48671-BTA-17038	no						PMC:PMC12445162
Hapmap48689-BTA	no						PMC:PMC12445162
Hapmap48689-BTA-23260	no						PMC:PMC12445162
Hapmap48690-BTA	no						PMC:PMC12445162
Hapmap48690-BTA-23375	no						PMC:PMC12445162
Hapmap48697-BTA	no						PMC:PMC12445162
Hapmap48697-BTA-25943	no						PMC:PMC12445162
Hapmap48701-BTA	no						PMC:PMC12445162
Hapmap48701-BTA-26317	no						PMC:PMC12445162
Hapmap48704-BTA	no						PMC:PMC12445162
Hapmap48704-BTA-27679	no						PMC:PMC12445162
Hapmap48709-BTA	no						PMC:PMC12445162
Hapmap48709-BTA-30108	no						PMC:PMC12445162
Hapmap48717-BTA	no						PMC:PMC12445162
Hapmap48717-BTA-31633	no						PMC:PMC12445162
Hapmap48722-BTA	no						PMC:PMC12445162
Hapmap48722-BTA-34404	no						PMC:PMC12445162
Hapmap48748-BTA	no						PMC:PMC12445162
Hapmap48748-BTA-40639	no						PMC:PMC12445162
Hapmap48752-BTA	no						PMC:PMC12445162
Hapmap48752-BTA-41973	no						PMC:PMC12445162
Hapmap48764-BTA	no						PMC:PMC12445162
Hapmap48764-BTA-44326	no						PMC:PMC12445162
Hapmap48790-BTA	no						PMC:PMC12445162
Hapmap48790-BTA-50319	no						PMC:PMC12445162
Hapmap48825-BTA	no						PMC:PMC12445162
Hapmap48825-BTA-60019	no						PMC:PMC12445162
Hapmap48830-BTA	no						PMC:PMC12445162
Hapmap48830-BTA-61718	no						PMC:PMC12445162
Hapmap48832-BTA	no						PMC:PMC12445162
Hapmap48832-BTA-61957	no						PMC:PMC12445162
Hapmap48839-BTA	no						PMC:PMC12445162
Hapmap48839-BTA-65003	no						PMC:PMC12445162
Hapmap48855-BTA	no						PMC:PMC12445162
Hapmap48855-BTA-69221	no						PMC:PMC12445162
Hapmap48895-BTA	no						PMC:PMC12445162
Hapmap48895-BTA-79049	no						PMC:PMC12445162
Hapmap48897-BTA	no						PMC:PMC12445162
Hapmap48897-BTA-79849	no						PMC:PMC12445162
Hapmap48907-BTA	no						PMC:PMC12445162
Hapmap48907-BTA-82124	no						PMC:PMC12445162
Hapmap48919-BTA	no						PMC:PMC12445162
Hapmap48919-BTA-83929	no						PMC:PMC12445162
Hapmap48923-BTA	no						PMC:PMC12445162
Hapmap48923-BTA-85080	no						PMC:PMC12445162
Hapmap48942-BTA	no						PMC:PMC12445162
Hapmap48942-BTA-91048	no						PMC:PMC12445162
Hapmap49005-BTA	no						PMC:PMC12445162
Hapmap49005-BTA-105637	no						PMC:PMC12445162
Hapmap49014-BTA	no						PMC:PMC12445162
Hapmap49014-BTA-109748	no						PMC:PMC12445162
Hapmap49016-BTA	no						PMC:PMC12445162
Hapmap49016-BTA-110674	no						PMC:PMC12445162
Hapmap49026-BTA	no						PMC:PMC12445162
Hapmap49026-BTA-113661	no						PMC:PMC12445162
Hapmap49031-BTA	no						PMC:PMC12445162
Hapmap49031-BTA-114687	no						PMC:PMC12445162
Hapmap49039-BTA	no						PMC:PMC12445162
Hapmap49039-BTA-116356	no						PMC:PMC12445162
Hapmap49046-BTA	no						PMC:PMC12445162
Hapmap49046-BTA-117967	no						PMC:PMC12445162
Hapmap49049-BTA	no						PMC:PMC12445162
Hapmap49049-BTA-119736	no						PMC:PMC12445162
Hapmap49050-BTA	no						PMC:PMC12445162
Hapmap49050-BTA-119760	no						PMC:PMC12445162
Hapmap49061-BTA	no						PMC:PMC12445162
Hapmap49061-BTA-122268	no						PMC:PMC12445162
Hapmap49062-BTA	no						PMC:PMC12445162
Hapmap49062-BTA-122353	no						PMC:PMC12445162
Hapmap49071-BTA	no						PMC:PMC12445162
Hapmap49071-BTA-17699	no						PMC:PMC12445162
Hapmap49080-BTA	no						PMC:PMC12445162
Hapmap49080-BTA-20801	no						PMC:PMC12445162
Hapmap49083-BTA	no						PMC:PMC12445162
Hapmap49083-BTA-21452	no						PMC:PMC12445162
Hapmap49104-BTA	no						PMC:PMC12445162
Hapmap49104-BTA-27856	no						PMC:PMC12445162
Hapmap49118-BTA	no						PMC:PMC12445162
Hapmap49118-BTA-31696	no						PMC:PMC12445162
Hapmap49136-BTA	no						PMC:PMC12445162
Hapmap49136-BTA-36934	no						PMC:PMC12445162
Hapmap49174-BTA	no						PMC:PMC12445162
Hapmap49174-BTA-43310	no						PMC:PMC12445162
Hapmap49193-BTA	no						PMC:PMC12445162
Hapmap49193-BTA-48784	no						PMC:PMC12445162
Hapmap49204-BTA	no						PMC:PMC12445162
Hapmap49204-BTA-50868	no						PMC:PMC12445162
Hapmap49215-BTA	no						PMC:PMC12445162
Hapmap49215-BTA-54614	no						PMC:PMC12445162
Hapmap49219-BTA	no						PMC:PMC12445162
Hapmap49219-BTA-55225	no						PMC:PMC12445162
Hapmap49221-BTA	no						PMC:PMC12445162
Hapmap49221-BTA-55632	no						PMC:PMC12445162
Hapmap49236-BTA	no						PMC:PMC12445162
Hapmap49236-BTA-60577	no						PMC:PMC12445162
Hapmap49237-BTA	no						PMC:PMC12445162
Hapmap49237-BTA-60646	no						PMC:PMC12445162
Hapmap49241-BTA	no						PMC:PMC12445162
Hapmap49241-BTA-61105	no						PMC:PMC12445162
Hapmap49246-BTA	no						PMC:PMC12445162
Hapmap49246-BTA-63213	no						PMC:PMC12445162
Hapmap49292-BTA	no						PMC:PMC12445162
Hapmap49292-BTA-75698	no						PMC:PMC12445162
Hapmap49307-BTA	no						PMC:PMC12445162
Hapmap49307-BTA-78198	no						PMC:PMC12445162
Hapmap49330-BTA	no						PMC:PMC12445162
Hapmap49330-BTA-82198	no						PMC:PMC12445162
Hapmap49333-BTA	no						PMC:PMC12445162
Hapmap49333-BTA-82773	no						PMC:PMC12445162
Hapmap49335-BTA	no						PMC:PMC12445162
Hapmap49335-BTA-83363	no						PMC:PMC12445162
Hapmap49343-BTA	no						PMC:PMC12445162
Hapmap49343-BTA-84864	no						PMC:PMC12445162
Hapmap49348-BTA	no						PMC:PMC12445162
Hapmap49348-BTA-85365	no						PMC:PMC12445162
Hapmap49351-BTA	no						PMC:PMC12445162
Hapmap49351-BTA-86808	no						PMC:PMC12445162
Hapmap49355-BTA	no						PMC:PMC12445162
Hapmap49355-BTA-87438	no						PMC:PMC12445162
Hapmap49369-BTA	no						PMC:PMC12445162
Hapmap49369-BTA-89952	no						PMC:PMC12445162
Hapmap49372-BTA	no						PMC:PMC12445162
Hapmap49372-BTA-91009	no						PMC:PMC12445162
Hapmap49393-BTA	no						PMC:PMC12445162
Hapmap49393-BTA-97772	no						PMC:PMC12445162
Hapmap49408-BTA	no						PMC:PMC12445162
Hapmap49408-BTA-101235	no						PMC:PMC12445162
Hapmap49418-BTA	no						PMC:PMC12445162
Hapmap49418-BTA-103327	no						PMC:PMC12445162
Hapmap49430-BTA	no						PMC:PMC12445162
Hapmap49430-BTA-107417	no						PMC:PMC12445162
Hapmap49435-BTA	no						PMC:PMC12445162
Hapmap49435-BTA-108951	no						PMC:PMC12445162
Hapmap49436-BTA	no						PMC:PMC12445162
Hapmap49436-BTA-108964	no						PMC:PMC12445162
Hapmap49439-BTA	no						PMC:PMC12445162
Hapmap49439-BTA-109526	no						PMC:PMC12445162
Hapmap49448-BTA	no						PMC:PMC12445162
Hapmap49448-BTA-111996	no						PMC:PMC12445162
Hapmap49449-BTA	no						PMC:PMC12445162
Hapmap49449-BTA-112027	no						PMC:PMC12445162
Hapmap49452-BTA	no						PMC:PMC12445162
Hapmap49452-BTA-112834	no						PMC:PMC12445162
Hapmap49460-BTA	no						PMC:PMC12445162
Hapmap49460-BTA-114998	no						PMC:PMC12445162
Hapmap49517-BTA	no						PMC:PMC12445162
Hapmap49517-BTA-18783	no						PMC:PMC12445162
Hapmap49542-BTA	no						PMC:PMC12445162
Hapmap49542-BTA-24574	no						PMC:PMC12445162
Hapmap49546-BTA	no						PMC:PMC12445162
Hapmap49546-BTA-25249	no						PMC:PMC12445162
Hapmap49549-BTA	no						PMC:PMC12445162
Hapmap49549-BTA-26157	no						PMC:PMC12445162
Hapmap49560-BTA	no						PMC:PMC12445162
Hapmap49560-BTA-29329	no						PMC:PMC12445162
Hapmap49562-BTA	no						PMC:PMC12445162
Hapmap49562-BTA-29896	no						PMC:PMC12445162
Hapmap49586-BTA	no						PMC:PMC12445162
Hapmap49586-BTA-36632	no						PMC:PMC12445162
Hapmap49589-BTA	no						PMC:PMC12445162
Hapmap49589-BTA-38292	no						PMC:PMC12445162
Hapmap49602-BTA	no						PMC:PMC12445162
Hapmap49602-BTA-41546	no						PMC:PMC12445162
Hapmap49605-BTA	no						PMC:PMC12445162
Hapmap49605-BTA-43064	no						PMC:PMC12445162
Hapmap49617-BTA	no						PMC:PMC12445162
Hapmap49617-BTA-45355	no						PMC:PMC12445162
Hapmap49622-BTA	no						PMC:PMC12445162
Hapmap49622-BTA-46973	no						PMC:PMC12445162
Hapmap49624-BTA	no						PMC:PMC12445162
Hapmap49624-BTA-47893	no						PMC:PMC12445162
Hapmap49628-BTA	no						PMC:PMC12445162
Hapmap49628-BTA-48960	no						PMC:PMC12445162
Hapmap49647-BTA	no						PMC:PMC12445162
Hapmap49647-BTA-52454	no						PMC:PMC12445162
Hapmap49657-BTA	no						PMC:PMC12445162
Hapmap49657-BTA-55361	no						PMC:PMC12445162
Hapmap49674-BTA	no						PMC:PMC12445162
Hapmap49674-BTA-60512	no						PMC:PMC12445162
Hapmap49684-BTA	no						PMC:PMC12445162
Hapmap49684-BTA-62655	no						PMC:PMC12445162
Hapmap49694-BTA	no						PMC:PMC12445162
Hapmap49694-BTA-64179	no						PMC:PMC12445162
Hapmap49715-BTA	no						PMC:PMC12445162
Hapmap49715-BTA-70437	no						PMC:PMC12445162
Hapmap49719-BTA	no						PMC:PMC12445162
Hapmap49719-BTA-71119	no						PMC:PMC12445162
Hapmap49744-BTA	no						PMC:PMC12445162
Hapmap49744-BTA-75903	no						PMC:PMC12445162
Hapmap49746-BTA	no						PMC:PMC12445162
Hapmap49746-BTA-76106	no						PMC:PMC12445162
Hapmap49757-BTA	no						PMC:PMC12445162
Hapmap49757-BTA-78451	no						PMC:PMC12445162
Hapmap49762-BTA	no						PMC:PMC12445162
Hapmap49762-BTA-80425	no						PMC:PMC12445162
Hapmap49770-BTA	no						PMC:PMC12445162
Hapmap49770-BTA-83294	no						PMC:PMC12445162
Hapmap49773-BTA	no						PMC:PMC12445162
Hapmap49773-BTA-84060	no						PMC:PMC12445162
Hapmap49780-BTA	no						PMC:PMC12445162
Hapmap49780-BTA-86092	no						PMC:PMC12445162
Hapmap49786-BTA	no						PMC:PMC12445162
Hapmap49786-BTA-88669	no						PMC:PMC12445162
Hapmap49788-BTA	no						PMC:PMC12445162
Hapmap49788-BTA-88951	no						PMC:PMC12445162
Hapmap49807-BTA	no						PMC:PMC12445162
Hapmap49807-BTA-95128	no						PMC:PMC12445162
Hapmap49816-BTA	no						PMC:PMC12445162
Hapmap49816-BTA-98191	no						PMC:PMC12445162
Hapmap49842-BTA	no						PMC:PMC12445162
Hapmap49842-BTA-105986	no						PMC:PMC12445162
Hapmap49851-BTA	no						PMC:PMC12445162
Hapmap49851-BTA-107323	no						PMC:PMC12445162
Hapmap49858-BTA	no						PMC:PMC12445162
Hapmap49858-BTA-109464	no						PMC:PMC12445162
Hapmap49872-BTA	no						PMC:PMC12445162
Hapmap49872-BTA-115580	no						PMC:PMC12445162
Hapmap49880-BTA	no						PMC:PMC12445162
Hapmap49880-BTA-120276	no						PMC:PMC12445162
Hapmap49896-BTA	no						PMC:PMC12445162
Hapmap49896-BTA-17263	no						PMC:PMC12445162
Hapmap49910-BTA	no						PMC:PMC12445162
Hapmap49910-BTA-20754	no						PMC:PMC12445162
Hapmap49915-BTA	no						PMC:PMC12445162
Hapmap49915-BTA-21903	no						PMC:PMC12445162
Hapmap49918-BTA	no						PMC:PMC12445162
Hapmap49918-BTA-22571	no						PMC:PMC12445162
Hapmap49924-BTA	no						PMC:PMC12445162
Hapmap49924-BTA-24223	no						PMC:PMC12445162
Hapmap49925-BTA	no						PMC:PMC12445162
Hapmap49925-BTA-24427	no						PMC:PMC12445162
Hapmap49937-BTA	no						PMC:PMC12445162
Hapmap49937-BTA-26281	no						PMC:PMC12445162
Hapmap49942-BTA	no						PMC:PMC12445162
Hapmap49942-BTA-27508	no						PMC:PMC12445162
Hapmap49952-BTA	no						PMC:PMC12445162
Hapmap49952-BTA-30707	no						PMC:PMC12445162
Hapmap49972-BTA	no						PMC:PMC12445162
Hapmap49972-BTA-36466	no						PMC:PMC12445162
Hapmap49977-BTA	no						PMC:PMC12445162
Hapmap49977-BTA-37170	no						PMC:PMC12445162
Hapmap49982-BTA	no						PMC:PMC12445162
Hapmap49982-BTA-39672	no						PMC:PMC12445162
Hapmap49984-BTA	no						PMC:PMC12445162
Hapmap49984-BTA-40288	no						PMC:PMC12445162
Hapmap49986-BTA	no						PMC:PMC12445162
Hapmap49986-BTA-41525	no						PMC:PMC12445162
Hapmap49989-BTA	no						PMC:PMC12445162
Hapmap49989-BTA-42921	no						PMC:PMC12445162
Hapmap49992-BTA	no						PMC:PMC12445162
Hapmap49992-BTA-44204	no						PMC:PMC12445162
Hapmap50028-BTA	no						PMC:PMC12445162
Hapmap50028-BTA-55772	no						PMC:PMC12445162
Hapmap50033-BTA	no						PMC:PMC12445162
Hapmap50033-BTA-56544	no						PMC:PMC12445162
Hapmap50040-BTA	no						PMC:PMC12445162
Hapmap50040-BTA-58202	no						PMC:PMC12445162
Hapmap50048-BTA	no						PMC:PMC12445162
Hapmap50048-BTA-59263	no						PMC:PMC12445162
Hapmap50070-BTA	no						PMC:PMC12445162
Hapmap50070-BTA-70041	no						PMC:PMC12445162
Hapmap50076-BTA	no						PMC:PMC12445162
Hapmap50076-BTA-71917	no						PMC:PMC12445162
Hapmap50083-BTA	no						PMC:PMC12445162
Hapmap50083-BTA-73262	no						PMC:PMC12445162
Hapmap50084-BTA	no						PMC:PMC12445162
Hapmap50084-BTA-74042	no						PMC:PMC12445162
Hapmap50090-BTA	no						PMC:PMC12445162
Hapmap50090-BTA-75536	no						PMC:PMC12445162
Hapmap50102-BTA	no						PMC:PMC12445162
Hapmap50102-BTA-77074	no						PMC:PMC12445162
Hapmap50109-BTA	no						PMC:PMC12445162
Hapmap50109-BTA-79983	no						PMC:PMC12445162
Hapmap50113-BTA	no						PMC:PMC12445162
Hapmap50113-BTA-80661	no						PMC:PMC12445162
Hapmap50118-BTA	no						PMC:PMC12445162
Hapmap50118-BTA-82222	no						PMC:PMC12445162
Hapmap50128-BTA	no						PMC:PMC12445162
Hapmap50128-BTA-84697	no						PMC:PMC12445162
Hapmap50130-BTA	no						PMC:PMC12445162
Hapmap50130-BTA-85042	no						PMC:PMC12445162
Hapmap50131-BTA	no						PMC:PMC12445162
Hapmap50131-BTA-85559	no						PMC:PMC12445162
Hapmap50133-BTA	no						PMC:PMC12445162
Hapmap50133-BTA-86017	no						PMC:PMC12445162
Hapmap50142-BTA	no						PMC:PMC12445162
Hapmap50142-BTA-88392	no						PMC:PMC12445162
Hapmap50143-BTA	no						PMC:PMC12445162
Hapmap50143-BTA-88782	no						PMC:PMC12445162
Hapmap50149-BTA	no						PMC:PMC12445162
Hapmap50149-BTA-90491	no						PMC:PMC12445162
Hapmap50170-BTA	no						PMC:PMC12445162
Hapmap50170-BTA-96224	no						PMC:PMC12445162
Hapmap50173-BTA	no						PMC:PMC12445162
Hapmap50173-BTA-96591	no						PMC:PMC12445162
Hapmap50179-BTA	no						PMC:PMC12445162
Hapmap50179-BTA-02418	no						PMC:PMC12445162
Hapmap50189-BTA	no						PMC:PMC12445162
Hapmap50189-BTA-103065	no						PMC:PMC12445162
Hapmap50191-BTA	no						PMC:PMC12445162
Hapmap50191-BTA-104537	no						PMC:PMC12445162
Hapmap50200-BTA	no						PMC:PMC12445162
Hapmap50200-BTA-106536	no						PMC:PMC12445162
Hapmap50202-BTA	no						PMC:PMC12445162
Hapmap50202-BTA-106854	no						PMC:PMC12445162
Hapmap50204-BTA	no						PMC:PMC12445162
Hapmap50204-BTA-107668	no						PMC:PMC12445162
Hapmap50227-BTA	no						PMC:PMC12445162
Hapmap50227-BTA-113868	no						PMC:PMC12445162
Hapmap50240-BTA	no						PMC:PMC12445162
Hapmap50240-BTA-115901	no						PMC:PMC12445162
Hapmap50245-BTA	no						PMC:PMC12445162
Hapmap50245-BTA-117044	no						PMC:PMC12445162
Hapmap50263-BTA	no						PMC:PMC12445162
Hapmap50263-BTA-122214	no						PMC:PMC12445162
Hapmap50265-BTA	no						PMC:PMC12445162
Hapmap50265-BTA-13206	no						PMC:PMC12445162
Hapmap50266-BTA	no						PMC:PMC12445162
Hapmap50266-BTA-13664	no						PMC:PMC12445162
Hapmap50274-BTA	no						PMC:PMC12445162
Hapmap50274-BTA-18417	no						PMC:PMC12445162
Hapmap50308-BTA	no						PMC:PMC12445162
Hapmap50308-BTA-29728	no						PMC:PMC12445162
Hapmap50322-BTA	no						PMC:PMC12445162
Hapmap50322-BTA-34017	no						PMC:PMC12445162
Hapmap50325-BTA	no						PMC:PMC12445162
Hapmap50325-BTA-35116	no						PMC:PMC12445162
Hapmap50326-BTA	no						PMC:PMC12445162
Hapmap50326-BTA-35180	no						PMC:PMC12445162
Hapmap50329-BTA	no						PMC:PMC12445162
Hapmap50329-BTA-35492	no						PMC:PMC12445162
Hapmap50337-BTA	no						PMC:PMC12445162
Hapmap50337-BTA-37006	no						PMC:PMC12445162
Hapmap50386-BTA	no						PMC:PMC12445162
Hapmap50386-BTA-53775	no						PMC:PMC12445162
Hapmap50389-BTA	no						PMC:PMC12445162
Hapmap50389-BTA-54820	no						PMC:PMC12445162
Hapmap50415-BTA	no						PMC:PMC12445162
Hapmap50415-BTA-59713	no						PMC:PMC12445162
Hapmap50422-BTA	no						PMC:PMC12445162
Hapmap50422-BTA-63028	no						PMC:PMC12445162
Hapmap50435-BTA	no						PMC:PMC12445162
Hapmap50435-BTA-66860	no						PMC:PMC12445162
Hapmap50438-BTA	no						PMC:PMC12445162
Hapmap50438-BTA-67925	no						PMC:PMC12445162
Hapmap50441-BTA	no						PMC:PMC12445162
Hapmap50441-BTA-68295	no						PMC:PMC12445162
Hapmap50443-BTA	no						PMC:PMC12445162
Hapmap50443-BTA-69040	no						PMC:PMC12445162
Hapmap50445-BTA	no						PMC:PMC12445162
Hapmap50445-BTA-70383	no						PMC:PMC12445162
Hapmap50452-BTA	no						PMC:PMC12445162
Hapmap50452-BTA-70921	no						PMC:PMC12445162
Hapmap50460-BTA	no						PMC:PMC12445162
Hapmap50460-BTA-75791	no						PMC:PMC12445162
Hapmap50468-BTA	no						PMC:PMC12445162
Hapmap50468-BTA-78490	no						PMC:PMC12445162
Hapmap50501-BTA	no						PMC:PMC12445162
Hapmap50501-BTA-91866	no						PMC:PMC12445162
Hapmap50522-BTA	no						PMC:PMC12445162
Hapmap50522-BTA-98140	no						PMC:PMC12445162
Hapmap50523-BTA	no						PMC:PMC12445162
Hapmap50523-BTA-98407	no						PMC:PMC12445162
Hapmap50530-BTA	no						PMC:PMC12445162
Hapmap50530-BTA-99235	no						PMC:PMC12445162
Hapmap50543-BTA	no						PMC:PMC12445162
Hapmap50543-BTA-102579	no						PMC:PMC12445162
Hapmap50547-BTA	no						PMC:PMC12445162
Hapmap50547-BTA-102741	no						PMC:PMC12445162
Hapmap50550-BTA	no						PMC:PMC12445162
Hapmap50550-BTA-103658	no						PMC:PMC12445162
Hapmap50598-BTA	no						PMC:PMC12445162
Hapmap50598-BTA-122724	no						PMC:PMC12445162
Hapmap50605-BTA	no						PMC:PMC12445162
Hapmap50605-BTA-16738	no						PMC:PMC12445162
Hapmap50610-BTA	no						PMC:PMC12445162
Hapmap50610-BTA-18534	no						PMC:PMC12445162
Hapmap50634-BTA	no						PMC:PMC12445162
Hapmap50634-BTA-26738	no						PMC:PMC12445162
Hapmap50635-BTA	no						PMC:PMC12445162
Hapmap50635-BTA-26852	no						PMC:PMC12445162
Hapmap50651-BTA	no						PMC:PMC12445162
Hapmap50651-BTA-30576	no						PMC:PMC12445162
Hapmap50665-BTA	no						PMC:PMC12445162
Hapmap50665-BTA-34310	no						PMC:PMC12445162
Hapmap50666-BTA	no						PMC:PMC12445162
Hapmap50666-BTA-34589	no						PMC:PMC12445162
Hapmap50667-BTA	no						PMC:PMC12445162
Hapmap50667-BTA-34616	no						PMC:PMC12445162
Hapmap50674-BTA	no						PMC:PMC12445162
Hapmap50674-BTA-37765	no						PMC:PMC12445162
Hapmap50677-BTA	no						PMC:PMC12445162
Hapmap50677-BTA-39741	no						PMC:PMC12445162
Hapmap50684-BTA	no						PMC:PMC12445162
Hapmap50684-BTA-41345	no						PMC:PMC12445162
Hapmap50685-BTA	no						PMC:PMC12445162
Hapmap50685-BTA-41728	no						PMC:PMC12445162
Hapmap50697-BTA	no						PMC:PMC12445162
Hapmap50697-BTA-44862	no						PMC:PMC12445162
Hapmap50751-BTA	no						PMC:PMC12445162
Hapmap50751-BTA-64830	no						PMC:PMC12445162
Hapmap50754-BTA	no						PMC:PMC12445162
Hapmap50754-BTA-67505	no						PMC:PMC12445162
Hapmap50772-BTA	no						PMC:PMC12445162
Hapmap50772-BTA-74551	no						PMC:PMC12445162
Hapmap50786-BTA	no						PMC:PMC12445162
Hapmap50786-BTA-80052	no						PMC:PMC12445162
Hapmap50799-BTA	no						PMC:PMC12445162
Hapmap50799-BTA-84323	no						PMC:PMC12445162
Hapmap50807-BTA	no						PMC:PMC12445162
Hapmap50807-BTA-86717	no						PMC:PMC12445162
Hapmap50816-BTA	no						PMC:PMC12445162
Hapmap50816-BTA-90485	no						PMC:PMC12445162
Hapmap50827-BTA	no						PMC:PMC12445162
Hapmap50827-BTA-94026	no						PMC:PMC12445162
Hapmap50837-BTA	no						PMC:PMC12445162
Hapmap50837-BTA-98392	no						PMC:PMC12445162
Hapmap50849-BTA	no						PMC:PMC12445162
Hapmap50849-BTA-104451	no						PMC:PMC12445162
Hapmap50890-BTA	no						PMC:PMC12445162
Hapmap50890-BTA-121436	no						PMC:PMC12445162
Hapmap50891-BTA	no						PMC:PMC12445162
Hapmap50891-BTA-121476	no						PMC:PMC12445162
Hapmap50892-BTA	no						PMC:PMC12445162
Hapmap50892-BTA-121510	no						PMC:PMC12445162
Hapmap50966-BTA	no						PMC:PMC12445162
Hapmap50966-BTA-45035	no						PMC:PMC12445162
Hapmap50969-BTA	no						PMC:PMC12445162
Hapmap50969-BTA-45810	no						PMC:PMC12445162
Hapmap50991-BTA	no						PMC:PMC12445162
Hapmap50991-BTA-50645	no						PMC:PMC12445162
Hapmap51003-BTA	no						PMC:PMC12445162
Hapmap51003-BTA-58716	no						PMC:PMC12445162
Hapmap51009-BTA	no						PMC:PMC12445162
Hapmap51009-BTA-62629	no						PMC:PMC12445162
Hapmap51029-BTA	no						PMC:PMC12445162
Hapmap51029-BTA-69246	no						PMC:PMC12445162
Hapmap51035-BTA	no						PMC:PMC12445162
Hapmap51035-BTA-71047	no						PMC:PMC12445162
Hapmap51050-BTA	no						PMC:PMC12445162
Hapmap51050-BTA-79767	no						PMC:PMC12445162
Hapmap51059-BTA	no						PMC:PMC12445162
Hapmap51059-BTA-81602	no						PMC:PMC12445162
Hapmap51065-BTA	no						PMC:PMC12445162
Hapmap51065-BTA-84434	no						PMC:PMC12445162
Hapmap51075-BTA	no						PMC:PMC12445162
Hapmap51075-BTA-86900	no						PMC:PMC12445162
Hapmap51079-BTA	no						PMC:PMC12445162
Hapmap51079-BTA-88097	no						PMC:PMC12445162
Hapmap51082-BTA	no						PMC:PMC12445162
Hapmap51082-BTA-89468	no						PMC:PMC12445162
Hapmap51091-BTA	no						PMC:PMC12445162
Hapmap51091-BTA-92938	no						PMC:PMC12445162
Hapmap51095-BTA	no						PMC:PMC12445162
Hapmap51095-BTA-94185	no						PMC:PMC12445162
Hapmap51101-BTA	no						PMC:PMC12445162
Hapmap51101-BTA-97588	no						PMC:PMC12445162
Hapmap51143-BTA	no						PMC:PMC12445162
Hapmap51143-BTA-111274	no						PMC:PMC12445162
Hapmap51172-BTA	no						PMC:PMC12445162
Hapmap51172-BTA-122698	no						PMC:PMC12445162
Hapmap51176-BTA	no						PMC:PMC12445162
Hapmap51176-BTA-17547	no						PMC:PMC12445162
Hapmap51188-BTA	no						PMC:PMC12445162
Hapmap51188-BTA-21659	no						PMC:PMC12445162
Hapmap51197-BTA	no						PMC:PMC12445162
Hapmap51197-BTA-25294	no						PMC:PMC12445162
Hapmap51198-BTA	no						PMC:PMC12445162
Hapmap51198-BTA-27036	no						PMC:PMC12445162
Hapmap51199-BTA	no						PMC:PMC12445162
Hapmap51199-BTA-27719	no						PMC:PMC12445162
Hapmap51206-BTA	no						PMC:PMC12445162
Hapmap51206-BTA-30539	no						PMC:PMC12445162
Hapmap51211-BTA	no						PMC:PMC12445162
Hapmap51211-BTA-33586	no						PMC:PMC12445162
Hapmap51227-BTA	no						PMC:PMC12445162
Hapmap51227-BTA-41809	no						PMC:PMC12445162
Hapmap51261-BTA	no						PMC:PMC12445162
Hapmap51261-BTA-56108	no						PMC:PMC12445162
Hapmap51282-BTA	no						PMC:PMC12445162
Hapmap51282-BTA-67903	no						PMC:PMC12445162
Hapmap51304-BTA	no						PMC:PMC12445162
Hapmap51304-BTA-74559	no						PMC:PMC12445162
Hapmap51305-BTA	no						PMC:PMC12445162
Hapmap51305-BTA-74560	no						PMC:PMC12445162
Hapmap51324-BTA	no						PMC:PMC12445162
Hapmap51324-BTA-84103	no						PMC:PMC12445162
Hapmap51327-BTA	no						PMC:PMC12445162
Hapmap51327-BTA-85076	no						PMC:PMC12445162
Hapmap51352-BTA	no						PMC:PMC12445162
Hapmap51352-BTA-92496	no						PMC:PMC12445162
Hapmap51356-BTA	no						PMC:PMC12445162
Hapmap51356-BTA-94975	no						PMC:PMC12445162
Hapmap51361-BTA	no						PMC:PMC12445162
Hapmap51361-BTA-97011	no						PMC:PMC12445162
Hapmap51366-BTA	no						PMC:PMC12445162
Hapmap51366-BTA-98577	no						PMC:PMC12445162
Hapmap51372-BTA	no						PMC:PMC12445162
Hapmap51372-BTA-101786	no						PMC:PMC12445162
Hapmap51377-BTA	no						PMC:PMC12445162
Hapmap51377-BTA-106302	no						PMC:PMC12445162
Hapmap51384-BTA	no						PMC:PMC12445162
Hapmap51384-BTA-108597	no						PMC:PMC12445162
Hapmap51387-BTA	no						PMC:PMC12445162
Hapmap51387-BTA-109077	no						PMC:PMC12445162
Hapmap51390-BTA	no						PMC:PMC12445162
Hapmap51390-BTA-111807	no						PMC:PMC12445162
Hapmap51408-BTA	no						PMC:PMC12445162
Hapmap51408-BTA-121104	no						PMC:PMC12445162
Hapmap51412-BTA	no						PMC:PMC12445162
Hapmap51412-BTA-16926	no						PMC:PMC12445162
Hapmap51418-BTA	no						PMC:PMC12445162
Hapmap51418-BTA-20281	no						PMC:PMC12445162
Hapmap51421-BTA	no						PMC:PMC12445162
Hapmap51421-BTA-21975	no						PMC:PMC12445162
Hapmap51448-BTA	no						PMC:PMC12445162
Hapmap51448-BTA-42579	no						PMC:PMC12445162
Hapmap51451-BTA	no						PMC:PMC12445162
Hapmap51451-BTA-44812	no						PMC:PMC12445162
Hapmap51476-BTA	no						PMC:PMC12445162
Hapmap51476-BTA-63589	no						PMC:PMC12445162
Hapmap51483-BTA	no						PMC:PMC12445162
Hapmap51483-BTA-68908	no						PMC:PMC12445162
Hapmap51484-BTA	no						PMC:PMC12445162
Hapmap51484-BTA-69114	no						PMC:PMC12445162
Hapmap51510-BTA	no						PMC:PMC12445162
Hapmap51510-BTA-87075	no						PMC:PMC12445162
Hapmap51514-BTA	no						PMC:PMC12445162
Hapmap51514-BTA-88337	no						PMC:PMC12445162
Hapmap51522-BTA	no						PMC:PMC12445162
Hapmap51522-BTA-93536	no						PMC:PMC12445162
Hapmap51527-BTA	no						PMC:PMC12445162
Hapmap51527-BTA-97415	no						PMC:PMC12445162
Hapmap51545-BTA	no						PMC:PMC12445162
Hapmap51545-BTA-108554	no						PMC:PMC12445162
Hapmap51561-BTA	no						PMC:PMC12445162
Hapmap51561-BTA-120459	no						PMC:PMC12445162
Hapmap51565-BTA	no						PMC:PMC12445162
Hapmap51565-BTA-122868	no						PMC:PMC12445162
Hapmap51569-BTA	no						PMC:PMC12445162
Hapmap51569-BTA-17751	no						PMC:PMC12445162
Hapmap51598-BTA	no						PMC:PMC12445162
Hapmap51598-BTA-47943	no						PMC:PMC12445162
Hapmap51601-BTA	no						PMC:PMC12445162
Hapmap51601-BTA-50997	no						PMC:PMC12445162
Hapmap51688-BTA	no						PMC:PMC12445162
Hapmap51688-BTA-115008	no						PMC:PMC12445162
Hapmap51706-BTA	no						PMC:PMC12445162
Hapmap51706-BTA-25479	no						PMC:PMC12445162
Hapmap51729-BTA	no						PMC:PMC12445162
Hapmap51729-BTA-42955	no						PMC:PMC12445162
Hapmap51737-BTA	no						PMC:PMC12445162
Hapmap51737-BTA-50812	no						PMC:PMC12445162
Hapmap51746-BTA	no						PMC:PMC12445162
Hapmap51746-BTA-58798	no						PMC:PMC12445162
Hapmap51747-BTA	no						PMC:PMC12445162
Hapmap51747-BTA-62751	no						PMC:PMC12445162
Hapmap51780-BTA	no						PMC:PMC12445162
Hapmap51780-BTA-93959	no						PMC:PMC12445162
Hapmap51784-BTA	no						PMC:PMC12445162
Hapmap51784-BTA-97575	no						PMC:PMC12445162
Hapmap51821-BTA	no						PMC:PMC12445162
Hapmap51821-BTA-30604	no						PMC:PMC12445162
Hapmap51875-BTA	no						PMC:PMC12445162
Hapmap51875-BTA-110142	no						PMC:PMC12445162
Hapmap51878-BTA	no						PMC:PMC12445162
Hapmap51878-BTA-117353	no						PMC:PMC12445162
Hapmap51889-BTA	no						PMC:PMC12445162
Hapmap51889-BTA-21207	no						PMC:PMC12445162
Hapmap51902-BTA	no						PMC:PMC12445162
Hapmap51902-BTA-44288	no						PMC:PMC12445162
Hapmap51908-BTA	no						PMC:PMC12445162
Hapmap51908-BTA-63031	no						PMC:PMC12445162
Hapmap51939-BTA	no						PMC:PMC12445162
Hapmap51939-BTA-21630	no						PMC:PMC12445162
Hapmap51957-BTA	no						PMC:PMC12445162
Hapmap51957-BTA-83206	no						PMC:PMC12445162
Hapmap51974-BTA	no						PMC:PMC12445162
Hapmap51974-BTA-22883	no						PMC:PMC12445162
Hapmap6261-BTA-42054	no						PMC:PMC12445162
Hapmap7226-BTA-49450	no						PMC:PMC12445162
Hapmap8541-BTA-59825	no						PMC:PMC12445162
Hapmap8756-BTA-61552	no						PMC:PMC12445162
Hapmap8922-BTA-62770	no						PMC:PMC12445162
PRP-G127-S127-1	no						PMC:PMC12445162
PRP-G127-S127-14	no						PMC:PMC12445162
PRP-H154-R154-1	no						PMC:PMC12445162
PRP-Q222-K222-1	no						PMC:PMC12445162
PRP-R211-Q211-1	no						PMC:PMC12445162
Parent-AY761135	no						PMC:PMC12445162
Parent-AY776154	no						PMC:PMC12445162
Parent-AY841151	no						PMC:PMC12445162
Parent-AY842472	no						PMC:PMC12445162
Parent-AY842473	no						PMC:PMC12445162
Parent-AY842474	no						PMC:PMC12445162
Parent-AY842475	no						PMC:PMC12445162
Parent-AY844963	no						PMC:PMC12445162
Parent-AY849380	no						PMC:PMC12445162
Parent-AY849381	no						PMC:PMC12445162
Parent-AY850194	no						PMC:PMC12445162
Parent-AY851162	no						PMC:PMC12445162
Parent-AY851163	no						PMC:PMC12445162
Parent-AY853302	no						PMC:PMC12445162
Parent-AY853303	no						PMC:PMC12445162
Parent-AY856094	no						PMC:PMC12445162
Parent-AY857620	no						PMC:PMC12445162
Parent-AY858890	no						PMC:PMC12445162
Parent-AY860426	no						PMC:PMC12445162
Parent-AY863214	no						PMC:PMC12445162
Parent-AY914316	no						PMC:PMC12445162
Parent-AY916666	no						PMC:PMC12445162
Parent-AY919868	no						PMC:PMC12445162
Parent-AY929334	no						PMC:PMC12445162
Parent-AY937242	no						PMC:PMC12445162
Parent-AY939849	no						PMC:PMC12445162
Parent-AY941204	no						PMC:PMC12445162
Parent-AY942198	no						PMC:PMC12445162
Parent-AY943841	no						PMC:PMC12445162
Parent-DQ381152	no						PMC:PMC12445162
Parent-DQ381153	no						PMC:PMC12445162
Parent-DQ404149	no						PMC:PMC12445162
Parent-DQ404150	no						PMC:PMC12445162
Parent-DQ404151	no						PMC:PMC12445162
Parent-DQ404152	no						PMC:PMC12445162
Parent-DQ404153	no						PMC:PMC12445162
Parent-DQ422949	no						PMC:PMC12445162
Parent-DQ422950	no						PMC:PMC12445162
Parent-DQ435443	no						PMC:PMC12445162
Parent-DQ451555	no						PMC:PMC12445162
Parent-DQ468384	no						PMC:PMC12445162
Parent-DQ470475	no						PMC:PMC12445162
Parent-DQ485413	no						PMC:PMC12445162
Parent-DQ489377	no						PMC:PMC12445162
Parent-DQ500958	no						PMC:PMC12445162
Parent-DQ647186	no						PMC:PMC12445162
Parent-DQ647187	no						PMC:PMC12445162
Parent-DQ647188	no						PMC:PMC12445162
Parent-DQ647189	no						PMC:PMC12445162
Parent-DQ647190	no						PMC:PMC12445162
Parent-DQ650635	no						PMC:PMC12445162
Parent-DQ650636	no						PMC:PMC12445162
Parent-DQ674265	no						PMC:PMC12445162
Parent-DQ786757	no						PMC:PMC12445162
Parent-DQ786758	no						PMC:PMC12445162
Parent-DQ786759	no						PMC:PMC12445162
Parent-DQ786761	no						PMC:PMC12445162
Parent-DQ786762	no						PMC:PMC12445162
Parent-DQ786763	no						PMC:PMC12445162
Parent-DQ786764	no						PMC:PMC12445162
Parent-DQ786765	no						PMC:PMC12445162
Parent-DQ786766	no						PMC:PMC12445162
Parent-DQ789028	no						PMC:PMC12445162
Parent-DQ832700	no						PMC:PMC12445162
Parent-DQ837643	no						PMC:PMC12445162
Parent-DQ837644	no						PMC:PMC12445162
Parent-DQ837645	no						PMC:PMC12445162
Parent-DQ837646	no						PMC:PMC12445162
Parent-DQ839235	no						PMC:PMC12445162
Parent-DQ846688	no						PMC:PMC12445162
Parent-DQ846689	no						PMC:PMC12445162
Parent-DQ846690	no						PMC:PMC12445162
Parent-DQ846691	no						PMC:PMC12445162
Parent-DQ846692	no						PMC:PMC12445162
Parent-DQ846693	no						PMC:PMC12445162
Parent-DQ846694	no						PMC:PMC12445162
Parent-DQ846695	no						PMC:PMC12445162
Parent-DQ866817	no						PMC:PMC12445162
Parent-DQ866818	no						PMC:PMC12445162
Parent-DQ888309	no						PMC:PMC12445162
Parent-DQ888310	no						PMC:PMC12445162
Parent-DQ888311	no						PMC:PMC12445162
Parent-DQ888312	no						PMC:PMC12445162
Parent-DQ888313	no						PMC:PMC12445162
Parent-DQ916057	no						PMC:PMC12445162
Parent-DQ916058	no						PMC:PMC12445162
Parent-DQ916059	no						PMC:PMC12445162
Parent-DQ984825	no						PMC:PMC12445162
Parent-DQ984826	no						PMC:PMC12445162
Parent-DQ984827	no						PMC:PMC12445162
Parent-DQ984828	no						PMC:PMC12445162
Parent-DQ990832	no						PMC:PMC12445162
Parent-DQ990833	no						PMC:PMC12445162
Parent-DQ990834	no						PMC:PMC12445162
Parent-DQ990835	no						PMC:PMC12445162
Parent-DQ995976	no						PMC:PMC12445162
Parent-DQ995977	no						PMC:PMC12445162
Parent-EF026084	no						PMC:PMC12445162
Parent-EF026085	no						PMC:PMC12445162
Parent-EF026086	no						PMC:PMC12445162
Parent-EF026087	no						PMC:PMC12445162
Parent-EF028073	no						PMC:PMC12445162
Parent-EF034080	no						PMC:PMC12445162
Parent-EF034081	no						PMC:PMC12445162
Parent-EF034082	no						PMC:PMC12445162
Parent-EF034083	no						PMC:PMC12445162
Parent-EF034084	no						PMC:PMC12445162
Parent-EF034085	no						PMC:PMC12445162
Parent-EF034086	no						PMC:PMC12445162
Parent-EF034087	no						PMC:PMC12445162
Parent-EF042090	no						PMC:PMC12445162
Parent-EF042091	no						PMC:PMC12445162
Parent-EF089234	no						PMC:PMC12445162
Parent-EF093509	no						PMC:PMC12445162
Parent-EF093510	no						PMC:PMC12445162
Parent-EF093511	no						PMC:PMC12445162
Parent-EF093512	no						PMC:PMC12445162
Parent-EF141102	no						PMC:PMC12445162
Parent-EF150946	no						PMC:PMC12445162
Parent-EF164803	no						PMC:PMC12445162
UA-IFASA-1370	no						PMC:PMC12445162
UA-IFASA-1397	no						PMC:PMC12445162
UA-IFASA-1517	no						PMC:PMC12445162
UA-IFASA-1529	no						PMC:PMC12445162
UA-IFASA-1564	no						PMC:PMC12445162
UA-IFASA-1616	no						PMC:PMC12445162
UA-IFASA-1686	no						PMC:PMC12445162
UA-IFASA-1795	no						PMC:PMC12445162
UA-IFASA-1900	no						PMC:PMC12445162
UA-IFASA-2	no						PMC:PMC12445162
UA-IFASA-2078	no						PMC:PMC12445162
UA-IFASA-2104	no						PMC:PMC12445162
UA-IFASA-2111	no						PMC:PMC12445162
UA-IFASA-2202	no						PMC:PMC12445162
UA-IFASA-2295	no						PMC:PMC12445162
UA-IFASA-2314	no						PMC:PMC12445162
UA-IFASA-2457	no						PMC:PMC12445162
UA-IFASA-2534	no						PMC:PMC12445162
UA-IFASA-2642	no						PMC:PMC12445162
UA-IFASA-2669	no						PMC:PMC12445162
UA-IFASA-3143	no						PMC:PMC12445162
UA-IFASA-3579	no						PMC:PMC12445162
UA-IFASA-3968	no						PMC:PMC12445162
UA-IFASA-4000	no						PMC:PMC12445162
UA-IFASA-4080	no						PMC:PMC12445162
UA-IFASA-4106	no						PMC:PMC12445162
UA-IFASA-4137	no						PMC:PMC12445162
UA-IFASA-4140	no						PMC:PMC12445162
UA-IFASA-4152	no						PMC:PMC12445162
UA-IFASA-4161	no						PMC:PMC12445162
UA-IFASA-4191	no						PMC:PMC12445162
UA-IFASA-4229	no						PMC:PMC12445162
UA-IFASA-4296	no						PMC:PMC12445162
UA-IFASA-4359	no						PMC:PMC12445162
UA-IFASA-4453	no						PMC:PMC12445162
UA-IFASA-4515	no						PMC:PMC12445162
UA-IFASA-4552	no						PMC:PMC12445162
UA-IFASA-4555	no						PMC:PMC12445162
UA-IFASA-4619	no						PMC:PMC12445162
UA-IFASA-4715	no						PMC:PMC12445162
UA-IFASA-4740	no						PMC:PMC12445162
UA-IFASA-4785	no						PMC:PMC12445162
UA-IFASA-4798	no						PMC:PMC12445162
UA-IFASA-4904	no						PMC:PMC12445162
UA-IFASA-4938	no						PMC:PMC12445162
UA-IFASA-5034	no						PMC:PMC12445162
UA-IFASA-5041	no						PMC:PMC12445162
UA-IFASA-5103	no						PMC:PMC12445162
UA-IFASA-5274	no						PMC:PMC12445162
UA-IFASA-5315	no						PMC:PMC12445162
UA-IFASA-5356	no						PMC:PMC12445162
UA-IFASA-5357	no						PMC:PMC12445162
UA-IFASA-5392	no						PMC:PMC12445162
UA-IFASA-5400	no						PMC:PMC12445162
UA-IFASA-5403	no						PMC:PMC12445162
UA-IFASA-5469	no						PMC:PMC12445162
UA-IFASA-5479	no						PMC:PMC12445162
UA-IFASA-5527	no						PMC:PMC12445162
UA-IFASA-5538	no						PMC:PMC12445162
UA-IFASA-5609	no						PMC:PMC12445162
UA-IFASA-5621	no						PMC:PMC12445162
UA-IFASA-5633	no						PMC:PMC12445162
UA-IFASA-5646	no						PMC:PMC12445162
UA-IFASA-5697	no						PMC:PMC12445162
UA-IFASA-5703	no						PMC:PMC12445162
UA-IFASA-5711	no						PMC:PMC12445162
UA-IFASA-5746	no						PMC:PMC12445162
UA-IFASA-5815	no						PMC:PMC12445162
UA-IFASA-5838	no						PMC:PMC12445162
UA-IFASA-5845	no						PMC:PMC12445162
UA-IFASA-5855	no						PMC:PMC12445162
UA-IFASA-5880	no						PMC:PMC12445162
UA-IFASA-5953	no						PMC:PMC12445162
UA-IFASA-5964	no						PMC:PMC12445162
UA-IFASA-6009	no						PMC:PMC12445162
UA-IFASA-6068	no						PMC:PMC12445162
UA-IFASA-6129	no						PMC:PMC12445162
UA-IFASA-6142	no						PMC:PMC12445162
UA-IFASA-6154	no						PMC:PMC12445162
UA-IFASA-6164	no						PMC:PMC12445162
UA-IFASA-6196	no						PMC:PMC12445162
UA-IFASA-6226	no						PMC:PMC12445162
UA-IFASA-6240	no						PMC:PMC12445162
UA-IFASA-6266	no						PMC:PMC12445162
UA-IFASA-6291	no						PMC:PMC12445162
UA-IFASA-6320	no						PMC:PMC12445162
UA-IFASA-6488	no						PMC:PMC12445162
UA-IFASA-6532	no						PMC:PMC12445162
UA-IFASA-6538	no						PMC:PMC12445162
UA-IFASA-6587	no						PMC:PMC12445162
UA-IFASA-6664	no						PMC:PMC12445162
UA-IFASA-6670	no						PMC:PMC12445162
UA-IFASA-6752	no						PMC:PMC12445162
UA-IFASA-6822	no						PMC:PMC12445162
UA-IFASA-6858	no						PMC:PMC12445162
UA-IFASA-6883	no						PMC:PMC12445162
UA-IFASA-6898	no						PMC:PMC12445162
UA-IFASA-7013	no						PMC:PMC12445162
UA-IFASA-7148	no						PMC:PMC12445162
UA-IFASA-7175	no						PMC:PMC12445162
UA-IFASA-7203	no						PMC:PMC12445162
UA-IFASA-7211	no						PMC:PMC12445162
UA-IFASA-7236	no						PMC:PMC12445162
UA-IFASA-7278	no						PMC:PMC12445162
UA-IFASA-7391	no						PMC:PMC12445162
UA-IFASA-7392	no						PMC:PMC12445162
UA-IFASA-7408	no						PMC:PMC12445162
UA-IFASA-7453	no						PMC:PMC12445162
UA-IFASA-7471	no						PMC:PMC12445162
UA-IFASA-7498	no						PMC:PMC12445162
UA-IFASA-7512	no						PMC:PMC12445162
UA-IFASA-7546	no						PMC:PMC12445162
UA-IFASA-7566	no						PMC:PMC12445162
UA-IFASA-7611	no						PMC:PMC12445162
UA-IFASA-7739	no						PMC:PMC12445162
UA-IFASA-7742	no						PMC:PMC12445162
UA-IFASA-7801	no						PMC:PMC12445162
UA-IFASA-7925	no						PMC:PMC12445162
UA-IFASA-7930	no						PMC:PMC12445162
UA-IFASA-7954	no						PMC:PMC12445162
UA-IFASA-7973	no						PMC:PMC12445162
UA-IFASA-7987	no						PMC:PMC12445162
UA-IFASA-7990	no						PMC:PMC12445162
UA-IFASA-8003	no						PMC:PMC12445162
UA-IFASA-8040	no						PMC:PMC12445162
UA-IFASA-8043	no						PMC:PMC12445162
UA-IFASA-8061	no						PMC:PMC12445162
UA-IFASA-8072	no						PMC:PMC12445162
UA-IFASA-8095	no						PMC:PMC12445162
UA-IFASA-8138	no						PMC:PMC12445162
UA-IFASA-8173	no						PMC:PMC12445162
UA-IFASA-8177	no						PMC:PMC12445162
UA-IFASA-8209	no						PMC:PMC12445162
UA-IFASA-8224	no						PMC:PMC12445162
UA-IFASA-8256	no						PMC:PMC12445162
UA-IFASA-8294	no						PMC:PMC12445162
UA-IFASA-8331	no						PMC:PMC12445162
UA-IFASA-8370	no						PMC:PMC12445162
UA-IFASA-8401	no						PMC:PMC12445162
UA-IFASA-8430	no						PMC:PMC12445162
UA-IFASA-8467	no						PMC:PMC12445162
UA-IFASA-8477	no						PMC:PMC12445162
UA-IFASA-8487	no						PMC:PMC12445162
UA-IFASA-8490	no						PMC:PMC12445162
UA-IFASA-8493	no						PMC:PMC12445162
UA-IFASA-8495	no						PMC:PMC12445162
UA-IFASA-8520	no						PMC:PMC12445162
UA-IFASA-8537	no						PMC:PMC12445162
UA-IFASA-8558	no						PMC:PMC12445162
UA-IFASA-8614	no						PMC:PMC12445162
UA-IFASA-8629	no						PMC:PMC12445162
UA-IFASA-8638	no						PMC:PMC12445162
UA-IFASA-8658	no						PMC:PMC12445162
UA-IFASA-8667	no						PMC:PMC12445162
UA-IFASA-8759	no						PMC:PMC12445162
UA-IFASA-8767	no						PMC:PMC12445162
UA-IFASA-8833	no						PMC:PMC12445162
UA-IFASA-8888	no						PMC:PMC12445162
UA-IFASA-8890	no						PMC:PMC12445162
UA-IFASA-8924	no						PMC:PMC12445162
UA-IFASA-8930	no						PMC:PMC12445162
UA-IFASA-8956	no						PMC:PMC12445162
UA-IFASA-9007	no						PMC:PMC12445162
UA-IFASA-9039	no						PMC:PMC12445162
UA-IFASA-9064	no						PMC:PMC12445162
UA-IFASA-9180	no						PMC:PMC12445162
UA-IFASA-9204	no						PMC:PMC12445162
UA-IFASA-9272	no						PMC:PMC12445162
UA-IFASA-9282	no						PMC:PMC12445162
UA-IFASA-9311	no						PMC:PMC12445162
UA-IFASA-9372	no						PMC:PMC12445162
UA-IFASA-9431	no						PMC:PMC12445162
UA-IFASA-9530	no						PMC:PMC12445162
UA-IFASA-9548	no						PMC:PMC12445162
UA-IFASA-9571	no						PMC:PMC12445162
UA-IFASA-9601	no						PMC:PMC12445162
UA-IFASA-9704	no						PMC:PMC12445162
UA-IFASA-9731	no						PMC:PMC12445162
Alistana-Sanabresa	no						PMC:PMC12445162
Holstein-Friesian	no						PMC:PMC12445162
Meuse-Rhine	no						PMC:PMC12445162
Meuse-Rhine -Yssel (MRY)	no						PMC:PMC12445162
Murciano-Granadina	no						PMC:PMC12445162
North-European	no						PMC:PMC12445162
North-European warmblood horse	no						PMC:PMC12445162
North-Holland sheep	no						PMC:PMC12445162
Tinerfena-Norte	no						PMC:PMC12445162
